time_s,target_bar,pi_ff_real_bar,pi_ff_measured_bar,pi_ff_filtered_bar,pi_ff_flow_lmin,pi_rbf_real_bar,pi_rbf_measured_bar,pi_rbf_filtered_bar,pi_rbf_flow_lmin
0.0010,0.0000,0.0000,0.0000,0.0000,0.0000,0.0000,0.0000,0.0000,0.0000
0.0020,0.0000,0.0000,0.0000,0.0000,0.0000,0.0000,0.0000,0.0000,0.0000
0.0030,0.0000,0.0000,0.0000,0.0000,0.0000,0.0000,0.0000,0.0000,0.0000
0.0040,0.0000,0.0000,0.0000,0.0000,0.0000,0.0000,0.0000,0.0000,0.0000
0.0050,0.0000,0.0000,0.0000,0.0000,0.0000,0.0000,0.0000,0.0000,0.0000
0.0060,0.0000,0.0000,0.0000,0.0000,0.0000,0.0000,0.0000,0.0000,0.0000
0.0070,0.0000,0.0000,0.0000,0.0000,0.0000,0.0000,0.0000,0.0000,0.0000
0.0080,0.0000,0.0000,0.0000,0.0000,0.0000,0.0000,0.0000,0.0000,0.0000
0.0090,0.0000,0.0000,0.0000,0.0000,0.0000,0.0000,0.0000,0.0000,0.0000
0.0100,0.0000,0.0000,0.0000,0.0000,0.0000,0.0000,0.0000,0.0000,0.0000
0.0110,0.0000,0.0000,0.0000,0.0000,0.0000,0.0000,0.0000,0.0000,0.0000
0.0120,0.0000,0.0000,0.0000,0.0000,0.0000,0.0000,0.0000,0.0000,0.0000
0.0130,0.0000,0.0000,0.0000,0.0000,0.0000,0.0000,0.0000,0.0000,0.0000
0.0140,0.0000,0.0000,0.0000,0.0000,0.0000,0.0000,0.0000,0.0000,0.0000
0.0150,0.0000,0.0000,0.0000,0.0000,0.0000,0.0000,0.0000,0.0000,0.0000
0.0160,0.0000,0.0000,0.0000,0.0000,0.0000,0.0000,0.0000,0.0000,0.0000
0.0170,0.0000,0.0000,0.0000,0.0000,0.0000,0.0000,0.0000,0.0000,0.0000
0.0180,0.0000,0.0000,0.0000,0.0000,0.0000,0.0000,0.0000,0.0000,0.0000
0.0190,0.0000,0.0000,0.0000,0.0000,0.0000,0.0000,0.0000,0.0000,0.0000
0.0200,0.0000,0.0000,0.0000,0.0000,0.0000,0.0000,0.0000,0.0000,0.0000
0.0210,0.0000,0.0000,0.0000,0.0000,0.0000,0.0000,0.0000,0.0000,0.0000
0.0220,0.0000,0.0000,0.0000,0.0000,0.0000,0.0000,0.0000,0.0000,0.0000
0.0230,0.0000,0.0000,0.0000,0.0000,0.0000,0.0000,0.0000,0.0000,0.0000
0.0240,0.0000,0.0000,0.0000,0.0000,0.0000,0.0000,0.0000,0.0000,0.0000
0.0250,0.0000,0.0000,0.0000,0.0000,0.0000,0.0000,0.0000,0.0000,0.0000
0.0260,0.0000,0.0000,0.0000,0.0000,0.0000,0.0000,0.0000,0.0000,0.0000
0.0270,0.0000,0.0000,0.0000,0.0000,0.0000,0.0000,0.0000,0.0000,0.0000
0.0280,0.0000,0.0000,0.0000,0.0000,0.0000,0.0000,0.0000,0.0000,0.0000
0.0290,0.0000,0.0000,0.0000,0.0000,0.0000,0.0000,0.0000,0.0000,0.0000
0.0300,0.0000,0.0000,0.0000,0.0000,0.0000,0.0000,0.0000,0.0000,0.0000
0.0310,0.0000,0.0000,0.0000,0.0000,0.0000,0.0000,0.0000,0.0000,0.0000
0.0320,0.0000,0.0000,0.0000,0.0000,0.0000,0.0000,0.0000,0.0000,0.0000
0.0330,0.0000,0.0000,0.0000,0.0000,0.0000,0.0000,0.0000,0.0000,0.0000
0.0340,0.0000,0.0000,0.0000,0.0000,0.0000,0.0000,0.0000,0.0000,0.0000
0.0350,0.0000,0.0000,0.0000,0.0000,0.0000,0.0000,0.0000,0.0000,0.0000
0.0360,0.0000,0.0000,0.0000,0.0000,0.0000,0.0000,0.0000,0.0000,0.0000
0.0370,0.0000,0.0000,0.0000,0.0000,0.0000,0.0000,0.0000,0.0000,0.0000
0.0380,0.0000,0.0000,0.0000,0.0000,0.0000,0.0000,0.0000,0.0000,0.0000
0.0390,0.0000,0.0000,0.0000,0.0000,0.0000,0.0000,0.0000,0.0000,0.0000
0.0400,0.0000,0.0000,0.0000,0.0000,0.0000,0.0000,0.0000,0.0000,0.0000
0.0410,0.0000,0.0000,0.0000,0.0000,0.0000,0.0000,0.0000,0.0000,0.0000
0.0420,0.0000,0.0000,0.0000,0.0000,0.0000,0.0000,0.0000,0.0000,0.0000
0.0430,0.0000,0.0000,0.0000,0.0000,0.0000,0.0000,0.0000,0.0000,0.0000
0.0440,0.0000,0.0000,0.0000,0.0000,0.0000,0.0000,0.0000,0.0000,0.0000
0.0450,0.0000,0.0000,0.0000,0.0000,0.0000,0.0000,0.0000,0.0000,0.0000
0.0460,0.0000,0.0000,0.0000,0.0000,0.0000,0.0000,0.0000,0.0000,0.0000
0.0470,0.0000,0.0000,0.0000,0.0000,0.0000,0.0000,0.0000,0.0000,0.0000
0.0480,0.0000,0.0000,0.0000,0.0000,0.0000,0.0000,0.0000,0.0000,0.0000
0.0490,0.0000,0.0000,0.0000,0.0000,0.0000,0.0000,0.0000,0.0000,0.0000
0.0500,0.0000,0.0000,0.0000,0.0000,0.0000,0.0000,0.0000,0.0000,0.0000
0.0510,0.0000,0.0000,0.0000,0.0000,0.0000,0.0000,0.0000,0.0000,0.0000
0.0520,0.0000,0.0000,0.0000,0.0000,0.0000,0.0000,0.0000,0.0000,0.0000
0.0530,0.0000,0.0000,0.0000,0.0000,0.0000,0.0000,0.0000,0.0000,0.0000
0.0540,0.0000,0.0000,0.0000,0.0000,0.0000,0.0000,0.0000,0.0000,0.0000
0.0550,0.0000,0.0000,0.0000,0.0000,0.0000,0.0000,0.0000,0.0000,0.0000
0.0560,0.0000,0.0000,0.0000,0.0000,0.0000,0.0000,0.0000,0.0000,0.0000
0.0570,0.0000,0.0000,0.0000,0.0000,0.0000,0.0000,0.0000,0.0000,0.0000
0.0580,0.0000,0.0000,0.0000,0.0000,0.0000,0.0000,0.0000,0.0000,0.0000
0.0590,0.0000,0.0000,0.0000,0.0000,0.0000,0.0000,0.0000,0.0000,0.0000
0.0600,0.0000,0.0000,0.0000,0.0000,0.0000,0.0000,0.0000,0.0000,0.0000
0.0610,0.0000,0.0000,0.0000,0.0000,0.0000,0.0000,0.0000,0.0000,0.0000
0.0620,0.0000,0.0000,0.0000,0.0000,0.0000,0.0000,0.0000,0.0000,0.0000
0.0630,0.0000,0.0000,0.0000,0.0000,0.0000,0.0000,0.0000,0.0000,0.0000
0.0640,0.0000,0.0000,0.0000,0.0000,0.0000,0.0000,0.0000,0.0000,0.0000
0.0650,0.0000,0.0000,0.0000,0.0000,0.0000,0.0000,0.0000,0.0000,0.0000
0.0660,0.0000,0.0000,0.0000,0.0000,0.0000,0.0000,0.0000,0.0000,0.0000
0.0670,0.0000,0.0000,0.0000,0.0000,0.0000,0.0000,0.0000,0.0000,0.0000
0.0680,0.0000,0.0000,0.0000,0.0000,0.0000,0.0000,0.0000,0.0000,0.0000
0.0690,0.0000,0.0000,0.0000,0.0000,0.0000,0.0000,0.0000,0.0000,0.0000
0.0700,0.0000,0.0000,0.0000,0.0000,0.0000,0.0000,0.0000,0.0000,0.0000
0.0710,0.0000,0.0000,0.0000,0.0000,0.0000,0.0000,0.0000,0.0000,0.0000
0.0720,0.0000,0.0000,0.0000,0.0000,0.0000,0.0000,0.0000,0.0000,0.0000
0.0730,0.0000,0.0000,0.0000,0.0000,0.0000,0.0000,0.0000,0.0000,0.0000
0.0740,0.0000,0.0000,0.0000,0.0000,0.0000,0.0000,0.0000,0.0000,0.0000
0.0750,0.0000,0.0000,0.0000,0.0000,0.0000,0.0000,0.0000,0.0000,0.0000
0.0760,0.0000,0.0000,0.0000,0.0000,0.0000,0.0000,0.0000,0.0000,0.0000
0.0770,0.0000,0.0000,0.0000,0.0000,0.0000,0.0000,0.0000,0.0000,0.0000
0.0780,0.0000,0.0000,0.0000,0.0000,0.0000,0.0000,0.0000,0.0000,0.0000
0.0790,0.0000,0.0000,0.0000,0.0000,0.0000,0.0000,0.0000,0.0000,0.0000
0.0800,0.0000,0.0000,0.0000,0.0000,0.0000,0.0000,0.0000,0.0000,0.0000
0.0810,0.0000,0.0000,0.0000,0.0000,0.0000,0.0000,0.0000,0.0000,0.0000
0.0820,0.0000,0.0000,0.0000,0.0000,0.0000,0.0000,0.0000,0.0000,0.0000
0.0830,0.0000,0.0000,0.0000,0.0000,0.0000,0.0000,0.0000,0.0000,0.0000
0.0840,0.0000,0.0000,0.0000,0.0000,0.0000,0.0000,0.0000,0.0000,0.0000
0.0850,0.0000,0.0000,0.0000,0.0000,0.0000,0.0000,0.0000,0.0000,0.0000
0.0860,0.0000,0.0000,0.0000,0.0000,0.0000,0.0000,0.0000,0.0000,0.0000
0.0870,0.0000,0.0000,0.0000,0.0000,0.0000,0.0000,0.0000,0.0000,0.0000
0.0880,0.0000,0.0000,0.0000,0.0000,0.0000,0.0000,0.0000,0.0000,0.0000
0.0890,0.0000,0.0000,0.0000,0.0000,0.0000,0.0000,0.0000,0.0000,0.0000
0.0900,0.0000,0.0000,0.0000,0.0000,0.0000,0.0000,0.0000,0.0000,0.0000
0.0910,0.0000,0.0000,0.0000,0.0000,0.0000,0.0000,0.0000,0.0000,0.0000
0.0920,0.0000,0.0000,0.0000,0.0000,0.0000,0.0000,0.0000,0.0000,0.0000
0.0930,0.0000,0.0000,0.0000,0.0000,0.0000,0.0000,0.0000,0.0000,0.0000
0.0940,0.0000,0.0000,0.0000,0.0000,0.0000,0.0000,0.0000,0.0000,0.0000
0.0950,0.0000,0.0000,0.0000,0.0000,0.0000,0.0000,0.0000,0.0000,0.0000
0.0960,0.0000,0.0000,0.0000,0.0000,0.0000,0.0000,0.0000,0.0000,0.0000
0.0970,0.0000,0.0000,0.0000,0.0000,0.0000,0.0000,0.0000,0.0000,0.0000
0.0980,0.0000,0.0000,0.0000,0.0000,0.0000,0.0000,0.0000,0.0000,0.0000
0.0990,0.0000,0.0000,0.0000,0.0000,0.0000,0.0000,0.0000,0.0000,0.0000
0.1000,0.0000,0.0000,0.0000,0.0000,0.0000,0.0000,0.0000,0.0000,0.0000
0.1010,0.0000,0.0000,0.0000,0.0000,0.0000,0.0000,0.0000,0.0000,0.0000
0.1020,0.0000,0.0000,0.0000,0.0000,0.0000,0.0000,0.0000,0.0000,0.0000
0.1030,0.0000,0.0000,0.0000,0.0000,0.0000,0.0000,0.0000,0.0000,0.0000
0.1040,0.0000,0.0000,0.0000,0.0000,0.0000,0.0000,0.0000,0.0000,0.0000
0.1050,0.0000,0.0000,0.0000,0.0000,0.0000,0.0000,0.0000,0.0000,0.0000
0.1060,0.0000,0.0000,0.0000,0.0000,0.0000,0.0000,0.0000,0.0000,0.0000
0.1070,0.0000,0.0000,0.0000,0.0000,0.0000,0.0000,0.0000,0.0000,0.0000
0.1080,0.0000,0.0000,0.0000,0.0000,0.0000,0.0000,0.0000,0.0000,0.0000
0.1090,0.0000,0.0000,0.0000,0.0000,0.0000,0.0000,0.0000,0.0000,0.0000
0.1100,0.0000,0.0000,0.0000,0.0000,0.0000,0.0000,0.0000,0.0000,0.0000
0.1110,0.0000,0.0000,0.0000,0.0000,0.0000,0.0000,0.0000,0.0000,0.0000
0.1120,0.0000,0.0000,0.0000,0.0000,0.0000,0.0000,0.0000,0.0000,0.0000
0.1130,0.0000,0.0000,0.0000,0.0000,0.0000,0.0000,0.0000,0.0000,0.0000
0.1140,0.0000,0.0000,0.0000,0.0000,0.0000,0.0000,0.0000,0.0000,0.0000
0.1150,0.0000,0.0000,0.0000,0.0000,0.0000,0.0000,0.0000,0.0000,0.0000
0.1160,0.0000,0.0000,0.0000,0.0000,0.0000,0.0000,0.0000,0.0000,0.0000
0.1170,0.0000,0.0000,0.0000,0.0000,0.0000,0.0000,0.0000,0.0000,0.0000
0.1180,0.0000,0.0000,0.0000,0.0000,0.0000,0.0000,0.0000,0.0000,0.0000
0.1190,0.0000,0.0000,0.0000,0.0000,0.0000,0.0000,0.0000,0.0000,0.0000
0.1200,0.0000,0.0000,0.0000,0.0000,0.0000,0.0000,0.0000,0.0000,0.0000
0.1210,0.0000,0.0000,0.0000,0.0000,0.0000,0.0000,0.0000,0.0000,0.0000
0.1220,0.0000,0.0000,0.0000,0.0000,0.0000,0.0000,0.0000,0.0000,0.0000
0.1230,0.0000,0.0000,0.0000,0.0000,0.0000,0.0000,0.0000,0.0000,0.0000
0.1240,0.0000,0.0000,0.0000,0.0000,0.0000,0.0000,0.0000,0.0000,0.0000
0.1250,0.0000,0.0000,0.0000,0.0000,0.0000,0.0000,0.0000,0.0000,0.0000
0.1260,0.0000,0.0000,0.0000,0.0000,0.0000,0.0000,0.0000,0.0000,0.0000
0.1270,0.0000,0.0000,0.0000,0.0000,0.0000,0.0000,0.0000,0.0000,0.0000
0.1280,0.0000,0.0000,0.0000,0.0000,0.0000,0.0000,0.0000,0.0000,0.0000
0.1290,0.0000,0.0000,0.0000,0.0000,0.0000,0.0000,0.0000,0.0000,0.0000
0.1300,0.0000,0.0000,0.0000,0.0000,0.0000,0.0000,0.0000,0.0000,0.0000
0.1310,0.0000,0.0000,0.0000,0.0000,0.0000,0.0000,0.0000,0.0000,0.0000
0.1320,0.0000,0.0000,0.0000,0.0000,0.0000,0.0000,0.0000,0.0000,0.0000
0.1330,0.0000,0.0000,0.0000,0.0000,0.0000,0.0000,0.0000,0.0000,0.0000
0.1340,0.0000,0.0000,0.0000,0.0000,0.0000,0.0000,0.0000,0.0000,0.0000
0.1350,0.0000,0.0000,0.0000,0.0000,0.0000,0.0000,0.0000,0.0000,0.0000
0.1360,0.0000,0.0000,0.0000,0.0000,0.0000,0.0000,0.0000,0.0000,0.0000
0.1370,0.0000,0.0000,0.0000,0.0000,0.0000,0.0000,0.0000,0.0000,0.0000
0.1380,0.0000,0.0000,0.0000,0.0000,0.0000,0.0000,0.0000,0.0000,0.0000
0.1390,0.0000,0.0000,0.0000,0.0000,0.0000,0.0000,0.0000,0.0000,0.0000
0.1400,0.0000,0.0000,0.0000,0.0000,0.0000,0.0000,0.0000,0.0000,0.0000
0.1410,0.0000,0.0000,0.0000,0.0000,0.0000,0.0000,0.0000,0.0000,0.0000
0.1420,0.0000,0.0000,0.0000,0.0000,0.0000,0.0000,0.0000,0.0000,0.0000
0.1430,0.0000,0.0000,0.0000,0.0000,0.0000,0.0000,0.0000,0.0000,0.0000
0.1440,0.0000,0.0000,0.0000,0.0000,0.0000,0.0000,0.0000,0.0000,0.0000
0.1450,0.0000,0.0000,0.0000,0.0000,0.0000,0.0000,0.0000,0.0000,0.0000
0.1460,0.0000,0.0000,0.0000,0.0000,0.0000,0.0000,0.0000,0.0000,0.0000
0.1470,0.0000,0.0000,0.0000,0.0000,0.0000,0.0000,0.0000,0.0000,0.0000
0.1480,0.0000,0.0000,0.0000,0.0000,0.0000,0.0000,0.0000,0.0000,0.0000
0.1490,0.0000,0.0000,0.0000,0.0000,0.0000,0.0000,0.0000,0.0000,0.0000
0.1500,0.0000,0.0000,0.0000,0.0000,0.0000,0.0000,0.0000,0.0000,0.0000
0.1510,0.0000,0.0000,0.0000,0.0000,0.0000,0.0000,0.0000,0.0000,0.0000
0.1520,0.0000,0.0000,0.0000,0.0000,0.0000,0.0000,0.0000,0.0000,0.0000
0.1530,0.0000,0.0000,0.0000,0.0000,0.0000,0.0000,0.0000,0.0000,0.0000
0.1540,0.0000,0.0000,0.0000,0.0000,0.0000,0.0000,0.0000,0.0000,0.0000
0.1550,0.0000,0.0000,0.0000,0.0000,0.0000,0.0000,0.0000,0.0000,0.0000
0.1560,0.0000,0.0000,0.0000,0.0000,0.0000,0.0000,0.0000,0.0000,0.0000
0.1570,0.0000,0.0000,0.0000,0.0000,0.0000,0.0000,0.0000,0.0000,0.0000
0.1580,0.0000,0.0000,0.0000,0.0000,0.0000,0.0000,0.0000,0.0000,0.0000
0.1590,0.0000,0.0000,0.0000,0.0000,0.0000,0.0000,0.0000,0.0000,0.0000
0.1600,0.0000,0.0000,0.0000,0.0000,0.0000,0.0000,0.0000,0.0000,0.0000
0.1610,0.0000,0.0000,0.0000,0.0000,0.0000,0.0000,0.0000,0.0000,0.0000
0.1620,0.0000,0.0000,0.0000,0.0000,0.0000,0.0000,0.0000,0.0000,0.0000
0.1630,0.0000,0.0000,0.0000,0.0000,0.0000,0.0000,0.0000,0.0000,0.0000
0.1640,0.0000,0.0000,0.0000,0.0000,0.0000,0.0000,0.0000,0.0000,0.0000
0.1650,0.0000,0.0000,0.0000,0.0000,0.0000,0.0000,0.0000,0.0000,0.0000
0.1660,0.0000,0.0000,0.0000,0.0000,0.0000,0.0000,0.0000,0.0000,0.0000
0.1670,0.0000,0.0000,0.0000,0.0000,0.0000,0.0000,0.0000,0.0000,0.0000
0.1680,0.0000,0.0000,0.0000,0.0000,0.0000,0.0000,0.0000,0.0000,0.0000
0.1690,0.0000,0.0000,0.0000,0.0000,0.0000,0.0000,0.0000,0.0000,0.0000
0.1700,0.0000,0.0000,0.0000,0.0000,0.0000,0.0000,0.0000,0.0000,0.0000
0.1710,0.0000,0.0000,0.0000,0.0000,0.0000,0.0000,0.0000,0.0000,0.0000
0.1720,0.0000,0.0000,0.0000,0.0000,0.0000,0.0000,0.0000,0.0000,0.0000
0.1730,0.0000,0.0000,0.0000,0.0000,0.0000,0.0000,0.0000,0.0000,0.0000
0.1740,0.0000,0.0000,0.0000,0.0000,0.0000,0.0000,0.0000,0.0000,0.0000
0.1750,0.0000,0.0000,0.0000,0.0000,0.0000,0.0000,0.0000,0.0000,0.0000
0.1760,0.0000,0.0000,0.0000,0.0000,0.0000,0.0000,0.0000,0.0000,0.0000
0.1770,0.0000,0.0000,0.0000,0.0000,0.0000,0.0000,0.0000,0.0000,0.0000
0.1780,0.0000,0.0000,0.0000,0.0000,0.0000,0.0000,0.0000,0.0000,0.0000
0.1790,0.0000,0.0000,0.0000,0.0000,0.0000,0.0000,0.0000,0.0000,0.0000
0.1800,0.0000,0.0000,0.0000,0.0000,0.0000,0.0000,0.0000,0.0000,0.0000
0.1810,0.0000,0.0000,0.0000,0.0000,0.0000,0.0000,0.0000,0.0000,0.0000
0.1820,0.0000,0.0000,0.0000,0.0000,0.0000,0.0000,0.0000,0.0000,0.0000
0.1830,0.0000,0.0000,0.0000,0.0000,0.0000,0.0000,0.0000,0.0000,0.0000
0.1840,0.0000,0.0000,0.0000,0.0000,0.0000,0.0000,0.0000,0.0000,0.0000
0.1850,0.0000,0.0000,0.0000,0.0000,0.0000,0.0000,0.0000,0.0000,0.0000
0.1860,0.0000,0.0000,0.0000,0.0000,0.0000,0.0000,0.0000,0.0000,0.0000
0.1870,0.0000,0.0000,0.0000,0.0000,0.0000,0.0000,0.0000,0.0000,0.0000
0.1880,0.0000,0.0000,0.0000,0.0000,0.0000,0.0000,0.0000,0.0000,0.0000
0.1890,0.0000,0.0000,0.0000,0.0000,0.0000,0.0000,0.0000,0.0000,0.0000
0.1900,0.0000,0.0000,0.0000,0.0000,0.0000,0.0000,0.0000,0.0000,0.0000
0.1910,0.0000,0.0000,0.0000,0.0000,0.0000,0.0000,0.0000,0.0000,0.0000
0.1920,0.0000,0.0000,0.0000,0.0000,0.0000,0.0000,0.0000,0.0000,0.0000
0.1930,0.0000,0.0000,0.0000,0.0000,0.0000,0.0000,0.0000,0.0000,0.0000
0.1940,0.0000,0.0000,0.0000,0.0000,0.0000,0.0000,0.0000,0.0000,0.0000
0.1950,0.0000,0.0000,0.0000,0.0000,0.0000,0.0000,0.0000,0.0000,0.0000
0.1960,0.0000,0.0000,0.0000,0.0000,0.0000,0.0000,0.0000,0.0000,0.0000
0.1970,0.0000,0.0000,0.0000,0.0000,0.0000,0.0000,0.0000,0.0000,0.0000
0.1980,0.0000,0.0000,0.0000,0.0000,0.0000,0.0000,0.0000,0.0000,0.0000
0.1990,0.0000,0.0000,0.0000,0.0000,0.0000,0.0000,0.0000,0.0000,0.0000
0.2000,10.0000,0.0022,0.0022,0.0000,0.6667,0.0019,0.0019,0.0000,0.5722
0.2010,10.0000,0.0067,0.0067,0.0004,0.6667,0.0058,0.0058,0.0004,0.5722
0.2020,10.0000,0.0133,0.0133,0.0017,0.6667,0.0114,0.0114,0.0015,0.5722
0.2030,10.0000,0.0221,0.0221,0.0040,0.6667,0.0189,0.0189,0.0035,0.5722
0.2040,10.0000,0.0329,0.0329,0.0076,0.6665,0.0283,0.0283,0.0066,0.5721
0.2050,10.0000,0.0459,0.0459,0.0127,0.6663,0.0393,0.0393,0.0109,0.5720
0.2060,10.0000,0.0608,0.0608,0.0193,0.6660,0.0521,0.0521,0.0166,0.5718
0.2070,10.0000,0.0777,0.0777,0.0276,0.6657,0.0666,0.0666,0.0237,0.5716
0.2080,10.0000,0.0965,0.0965,0.0376,0.6652,0.0827,0.0827,0.0323,0.5713
0.2090,10.0000,0.1173,0.1173,0.0494,0.6647,0.1005,0.1005,0.0423,0.5709
0.2100,10.0000,0.1399,0.1399,0.0630,0.6641,0.1198,0.1198,0.0540,0.5705
0.2110,10.0000,0.1643,0.1643,0.0784,0.6633,0.1408,0.1408,0.0671,0.5700
0.2120,10.0000,0.1905,0.1905,0.0955,0.6625,0.1632,0.1632,0.0819,0.5695
0.2130,10.0000,0.2185,0.2185,0.1145,0.6616,0.1872,0.1872,0.0981,0.5689
0.2140,10.0000,0.2483,0.2483,0.1353,0.6606,0.2126,0.2126,0.1159,0.5682
0.2150,10.0000,0.2797,0.2797,0.1579,0.6596,0.2395,0.2395,0.1353,0.5675
0.2160,10.0000,0.3127,0.3127,0.1823,0.6584,0.2678,0.2678,0.1561,0.5667
0.2170,10.0000,0.3474,0.3474,0.2084,0.6571,0.2974,0.2974,0.1784,0.5658
0.2180,10.0000,0.3836,0.3836,0.2362,0.6558,0.3284,0.3284,0.2022,0.5649
0.2190,10.0000,0.4214,0.4214,0.2657,0.6544,0.3608,0.3608,0.2275,0.5639
0.2200,10.0000,0.4608,0.4608,0.2968,0.6529,0.3944,0.3944,0.2541,0.5629
0.2210,10.0000,0.5016,0.5016,0.3296,0.6513,0.4293,0.4293,0.2822,0.5618
0.2220,10.0000,0.5438,0.5438,0.3640,0.6496,0.4654,0.4654,0.3116,0.5606
0.2230,10.0000,0.5874,0.5874,0.4000,0.6479,0.5027,0.5027,0.3424,0.5594
0.2240,10.0000,0.6325,0.6325,0.4375,0.6460,0.5412,0.5412,0.3744,0.5582
0.2250,10.0000,0.6788,0.6788,0.4765,0.6441,0.5809,0.5809,0.4078,0.5569
0.2260,10.0000,0.7265,0.7265,0.5169,0.6421,0.6216,0.6216,0.4424,0.5555
0.2270,10.0000,0.7755,0.7755,0.5588,0.6401,0.6635,0.6635,0.4782,0.5541
0.2280,10.0000,0.8257,0.8257,0.6022,0.6380,0.7064,0.7064,0.5153,0.5526
0.2290,10.0000,0.8771,0.8771,0.6469,0.6358,0.7504,0.7504,0.5535,0.5511
0.2300,10.0000,0.9297,0.9297,0.6929,0.6335,0.7954,0.7954,0.5929,0.5496
0.2310,10.0000,0.9834,0.9834,0.7403,0.6312,0.8414,0.8414,0.6334,0.5479
0.2320,10.0000,1.0383,1.0383,0.7889,0.6288,0.8883,0.8883,0.6750,0.5463
0.2330,10.0000,1.0943,1.0943,0.8388,0.6264,0.9362,0.9362,0.7177,0.5446
0.2340,10.0000,1.1513,1.1513,0.8899,0.6239,0.9850,0.9850,0.7614,0.5429
0.2350,10.0000,1.2093,1.2093,0.9422,0.6213,1.0346,1.0346,0.8061,0.5411
0.2360,10.0000,1.2683,1.2683,0.9956,0.6187,1.0852,1.0852,0.8518,0.5393
0.2370,10.0000,1.3283,1.3283,1.0501,0.6160,1.1365,1.1365,0.8985,0.5374
0.2380,10.0000,1.3893,1.3893,1.1058,0.6133,1.1887,1.1887,0.9461,0.5355
0.2390,10.0000,1.4511,1.4511,1.1625,0.6105,1.2416,1.2416,0.9946,0.5336
0.2400,10.0000,1.5138,1.5138,1.2202,0.6076,1.2953,1.2953,1.0440,0.5316
0.2410,10.0000,1.5773,1.5773,1.2789,0.6047,1.3498,1.3498,1.0943,0.5296
0.2420,10.0000,1.6417,1.6417,1.3386,0.6018,1.4050,1.4050,1.1454,0.5276
0.2430,10.0000,1.7068,1.7068,1.3992,0.5988,1.4608,1.4608,1.1973,0.5255
0.2440,10.0000,1.7727,1.7727,1.4607,0.5958,1.5173,1.5173,1.2500,0.5234
0.2450,10.0000,1.8394,1.8394,1.5231,0.5927,1.5745,1.5745,1.3035,0.5213
0.2460,10.0000,1.9067,1.9067,1.5864,0.5896,1.6322,1.6322,1.3577,0.5191
0.2470,10.0000,1.9747,1.9747,1.6505,0.5864,1.6906,1.6906,1.4126,0.5169
0.2480,10.0000,2.0434,2.0434,1.7153,0.5832,1.7496,1.7496,1.4682,0.5147
0.2490,10.0000,2.1126,2.1126,1.7809,0.5800,1.8091,1.8091,1.5245,0.5124
0.2500,10.0000,2.1825,2.1825,1.8473,0.5767,1.8691,1.8691,1.5814,0.5102
0.2510,10.0000,2.2529,2.2529,1.9143,0.5734,1.9296,1.9296,1.6389,0.5079
0.2520,10.0000,2.3239,2.3239,1.9820,0.5700,1.9906,1.9906,1.6971,0.5055
0.2530,10.0000,2.3954,2.3954,2.0504,0.5667,2.0521,2.0521,1.7558,0.5032
0.2540,10.0000,2.4673,2.4673,2.1194,0.5632,2.1141,2.1141,1.8150,0.5008
0.2550,10.0000,2.5397,2.5397,2.1890,0.5598,2.1764,2.1764,1.8749,0.4984
0.2560,10.0000,2.6126,2.6126,2.2591,0.5563,2.2392,2.2392,1.9352,0.4960
0.2570,10.0000,2.6858,2.6858,2.3298,0.5528,2.3024,2.3024,1.9960,0.4936
0.2580,10.0000,2.7595,2.7595,2.4010,0.5493,2.3659,2.3659,2.0573,0.4911
0.2590,10.0000,2.8335,2.8335,2.4727,0.5458,2.4298,2.4298,2.1190,0.4887
0.2600,10.0000,2.9078,2.9078,2.5449,0.5422,2.4940,2.4940,2.1811,0.4862
0.2610,10.0000,2.9824,2.9824,2.6174,0.5386,2.5585,2.5585,2.2437,0.4837
0.2620,10.0000,3.0574,3.0574,2.6904,0.5350,2.6232,2.6232,2.3067,0.4811
0.2630,10.0000,3.1326,3.1326,2.7638,0.5314,2.6883,2.6883,2.3700,0.4786
0.2640,10.0000,3.2080,3.2080,2.8376,0.5277,2.7536,2.7536,2.4336,0.4761
0.2650,10.0000,3.2836,3.2836,2.9117,0.5240,2.8192,2.8192,2.4976,0.4735
0.2660,10.0000,3.3595,3.3595,2.9861,0.5204,2.8849,2.8849,2.5619,0.4709
0.2670,10.0000,3.4355,3.4355,3.0607,0.5167,2.9509,2.9509,2.6265,0.4683
0.2680,10.0000,3.5116,3.5116,3.1357,0.5129,3.0170,3.0170,2.6914,0.4657
0.2690,10.0000,3.5879,3.5879,3.2109,0.5092,3.0833,3.0833,2.7565,0.4631
0.2700,10.0000,3.6643,3.6643,3.2863,0.5055,3.1497,3.1497,2.8219,0.4605
0.2710,10.0000,3.7408,3.7408,3.3619,0.5017,3.2163,3.2163,2.8874,0.4579
0.2720,10.0000,3.8173,3.8173,3.4377,0.4980,3.2830,3.2830,2.9532,0.4553
0.2730,10.0000,3.8939,3.8939,3.5136,0.4942,3.3498,3.3498,3.0192,0.4526
0.2740,10.0000,3.9705,3.9705,3.5897,0.4904,3.4166,3.4166,3.0853,0.4500
0.2750,10.0000,4.0471,4.0471,3.6658,0.4867,3.4836,3.4836,3.1516,0.4473
0.2760,10.0000,4.1237,4.1237,3.7421,0.4829,3.5505,3.5505,3.2180,0.4446
0.2770,10.0000,4.2003,4.2003,3.8184,0.4791,3.6175,3.6175,3.2845,0.4420
0.2780,10.0000,4.2768,4.2768,3.8948,0.4753,3.6846,3.6846,3.3511,0.4393
0.2790,10.0000,4.3532,4.3532,3.9712,0.4715,3.7516,3.7516,3.4178,0.4366
0.2800,10.0000,4.4295,4.4295,4.0476,0.4677,3.8186,3.8186,3.4845,0.4340
0.2810,10.0000,4.5057,4.5057,4.1240,0.4639,3.8856,3.8856,3.5514,0.4313
0.2820,10.0000,4.5818,4.5818,4.2003,0.4602,3.9526,3.9526,3.6182,0.4286
0.2830,10.0000,4.6578,4.6578,4.2766,0.4564,4.0195,4.0195,3.6851,0.4259
0.2840,10.0000,4.7335,4.7335,4.3528,0.4526,4.0863,4.0863,3.7520,0.4233
0.2850,10.0000,4.8091,4.8091,4.4290,0.4488,4.1530,4.1530,3.8188,0.4206
0.2860,10.0000,4.8845,4.8845,4.5050,0.4450,4.2197,4.2197,3.8857,0.4179
0.2870,10.0000,4.9597,4.9597,4.5809,0.4413,4.2863,4.2863,3.9525,0.4152
0.2880,10.0000,5.0347,5.0347,4.6567,0.4375,4.3527,4.3527,4.0192,0.4126
0.2890,10.0000,5.1094,5.1094,4.7323,0.4337,4.4190,4.4190,4.0859,0.4099
0.2900,10.0000,5.1838,5.1838,4.8077,0.4300,4.4852,4.4852,4.1525,0.4072
0.2910,10.0000,5.2580,5.2580,4.8829,0.4263,4.5512,4.5512,4.2191,0.4046
0.2920,10.0000,5.3319,5.3319,4.9579,0.4225,4.6170,4.6170,4.2855,0.4019
0.2930,10.0000,5.4054,5.4054,5.0327,0.4188,4.6826,4.6826,4.3518,0.3992
0.2940,10.0000,5.4787,5.4787,5.1072,0.4151,4.7481,4.7481,4.4180,0.3966
0.2950,10.0000,5.5516,5.5516,5.1815,0.4114,4.8134,4.8134,4.4840,0.3940
0.2960,10.0000,5.6242,5.6242,5.2555,0.4078,4.8784,4.8784,4.5499,0.3913
0.2970,10.0000,5.6964,5.6964,5.3293,0.4041,4.9433,4.9433,4.6156,0.3887
0.2980,10.0000,5.7682,5.7682,5.4027,0.4004,5.0078,5.0078,4.6811,0.3861
0.2990,10.0000,5.8397,5.8397,5.4758,0.3968,5.0722,5.0722,4.7465,0.3834
0.3000,10.0000,5.9107,5.9107,5.5486,0.3932,5.1363,5.1363,4.8116,0.3808
0.3010,10.0000,5.9814,5.9814,5.6210,0.3896,5.2001,5.2001,4.8765,0.3782
0.3020,10.0000,6.0516,6.0516,5.6931,0.3860,5.2637,5.2637,4.9413,0.3756
0.3030,10.0000,6.1214,6.1214,5.7648,0.3825,5.3270,5.3270,5.0057,0.3731
0.3040,10.0000,6.1907,6.1907,5.8361,0.3789,5.3900,5.3900,5.0700,0.3705
0.3050,10.0000,6.2596,6.2596,5.9070,0.3754,5.4526,5.4526,5.1340,0.3679
0.3060,10.0000,6.3281,6.3281,5.9776,0.3719,5.5150,5.5150,5.1977,0.3654
0.3070,10.0000,6.3960,6.3960,6.0477,0.3684,5.5771,5.5771,5.2612,0.3628
0.3080,10.0000,6.4635,6.4635,6.1173,0.3649,5.6388,5.6388,5.3244,0.3603
0.3090,10.0000,6.5305,6.5305,6.1866,0.3615,5.7002,5.7002,5.3873,0.3578
0.3100,10.0000,6.5970,6.5970,6.2553,0.3581,5.7613,5.7613,5.4498,0.3553
0.3110,10.0000,6.6629,6.6629,6.3237,0.3547,5.8220,5.8220,5.5121,0.3528
0.3120,10.0000,6.7284,6.7284,6.3915,0.3513,5.8824,5.8824,5.5741,0.3503
0.3130,10.0000,6.7933,6.7933,6.4589,0.3479,5.9423,5.9423,5.6358,0.3479
0.3140,10.0000,6.8577,6.8577,6.5258,0.3446,6.0020,6.0020,5.6971,0.3454
0.3150,10.0000,6.9215,6.9215,6.5921,0.3413,6.0612,6.0612,5.7581,0.3430
0.3160,10.0000,6.9848,6.9848,6.6580,0.3380,6.1201,6.1201,5.8187,0.3405
0.3170,10.0000,7.0475,7.0475,6.7234,0.3348,6.1786,6.1786,5.8790,0.3381
0.3180,10.0000,7.1097,7.1097,6.7882,0.3316,6.2366,6.2366,5.9389,0.3357
0.3190,10.0000,7.1712,7.1712,6.8525,0.3284,6.2943,6.2943,5.9984,0.3333
0.3200,10.0000,7.2323,7.2323,6.9162,0.3252,6.3516,6.3516,6.0576,0.3310
0.3210,10.0000,7.2927,7.2927,6.9794,0.3220,6.4084,6.4084,6.1164,0.3286
0.3220,10.0000,7.3525,7.3525,7.0421,0.3189,6.4649,6.4649,6.1748,0.3263
0.3230,10.0000,7.4118,7.4118,7.1042,0.3158,6.5209,6.5209,6.2328,0.3240
0.3240,10.0000,7.4704,7.4704,7.1657,0.3128,6.5765,6.5765,6.2904,0.3217
0.3250,10.0000,7.5284,7.5284,7.2266,0.3097,6.6316,6.6316,6.3476,0.3194
0.3260,10.0000,7.5858,7.5858,7.2870,0.3067,6.6863,6.6863,6.4044,0.3171
0.3270,10.0000,7.6427,7.6427,7.3468,0.3038,6.7406,6.7406,6.4608,0.3149
0.3280,10.0000,7.6989,7.6989,7.4059,0.3008,6.7944,6.7944,6.5168,0.3126
0.3290,10.0000,7.7544,7.7544,7.4645,0.2979,6.8478,6.8478,6.5723,0.3104
0.3300,10.0000,7.8094,7.8094,7.5225,0.2950,6.9007,6.9007,6.6274,0.3082
0.3310,10.0000,7.8637,7.8637,7.5799,0.2922,6.9532,6.9532,6.6821,0.3060
0.3320,10.0000,7.9174,7.9174,7.6366,0.2893,7.0052,7.0052,6.7363,0.3038
0.3330,10.0000,7.9704,7.9704,7.6928,0.2865,7.0567,7.0567,6.7901,0.3017
0.3340,10.0000,8.0228,8.0228,7.7483,0.2838,7.1078,7.1078,6.8434,0.2996
0.3350,10.0000,8.0746,8.0746,7.8032,0.2810,7.1584,7.1584,6.8963,0.2974
0.3360,10.0000,8.1257,8.1257,7.8575,0.2783,7.2085,7.2085,6.9487,0.2953
0.3370,10.0000,8.1762,8.1762,7.9111,0.2757,7.2581,7.2581,7.0006,0.2933
0.3380,10.0000,8.2260,8.2260,7.9641,0.2730,7.3073,7.3073,7.0521,0.2912
0.3390,10.0000,8.2752,8.2752,8.0165,0.2704,7.3560,7.3560,7.1032,0.2892
0.3400,10.0000,8.3238,8.3238,8.0683,0.2678,7.4042,7.4042,7.1537,0.2871
0.3410,10.0000,8.3717,8.3717,8.1194,0.2653,7.4519,7.4519,7.2038,0.2851
0.3420,10.0000,8.4189,8.4189,8.1698,0.2628,7.4991,7.4991,7.2534,0.2832
0.3430,10.0000,8.4655,8.4655,8.2197,0.2603,7.5459,7.5459,7.3026,0.2812
0.3440,10.0000,8.5115,8.5115,8.2688,0.2578,7.5921,7.5921,7.3512,0.2792
0.3450,10.0000,8.5568,8.5568,8.3174,0.2554,7.6379,7.6379,7.3994,0.2773
0.3460,10.0000,8.6014,8.6014,8.3652,0.2530,7.6831,7.6831,7.4471,0.2754
0.3470,10.0000,8.6454,8.6454,8.4125,0.2507,7.7279,7.7279,7.4943,0.2735
0.3480,10.0000,8.6887,8.6887,8.4590,0.2484,7.7722,7.7722,7.5410,0.2716
0.3490,10.0000,8.7314,8.7314,8.5050,0.2461,7.8159,7.8159,7.5873,0.2698
0.3500,10.0000,8.7735,8.7735,8.5503,0.2438,7.8592,7.8592,7.6330,0.2680
0.3510,10.0000,8.8148,8.8148,8.5949,0.2416,7.9020,7.9020,7.6782,0.2662
0.3520,10.0000,8.8556,8.8556,8.6389,0.2394,7.9443,7.9443,7.7230,0.2644
0.3530,10.0000,8.8957,8.8957,8.6822,0.2372,7.9861,7.9861,7.7673,0.2626
0.3540,10.0000,8.9351,8.9351,8.7249,0.2351,8.0274,8.0274,7.8110,0.2608
0.3550,10.0000,8.9740,8.9740,8.7670,0.2330,8.0682,8.0682,7.8543,0.2591
0.3560,10.0000,9.0121,9.0121,8.8084,0.2309,8.1084,8.1084,7.8971,0.2574
0.3570,10.0000,9.0497,9.0497,8.8491,0.2290,8.1482,8.1482,7.9393,0.2557
0.3580,10.0000,9.0866,9.0866,8.8892,0.2270,8.1875,8.1875,7.9811,0.2540
0.3590,10.0000,9.1228,9.1228,8.9287,0.2251,8.2263,8.2263,8.0224,0.2524
0.3600,10.0000,9.1585,9.1585,8.9675,0.2232,8.2646,8.2646,8.0632,0.2508
0.3610,10.0000,9.1935,9.1935,9.0057,0.2213,8.3024,8.3024,8.1035,0.2491
0.3620,10.0000,9.2278,9.2278,9.0433,0.2195,8.3397,8.3397,8.1433,0.2476
0.3630,10.0000,9.2616,9.2616,9.0802,0.2176,8.3766,8.3766,8.1826,0.2460
0.3640,10.0000,9.2947,9.2947,9.1165,0.2159,8.4129,8.4129,8.2214,0.2444
0.3650,10.0000,9.3272,9.3272,9.1521,0.2141,8.4487,8.4487,8.2597,0.2429
0.3660,10.0000,9.3591,9.3591,9.1871,0.2124,8.4840,8.4840,8.2975,0.2414
0.3670,10.0000,9.3904,9.3904,9.2215,0.2107,8.5189,8.5189,8.3348,0.2399
0.3680,10.0000,9.4211,9.4211,9.2553,0.2090,8.5532,8.5532,8.3716,0.2385
0.3690,10.0000,9.4512,9.4512,9.2885,0.2074,8.5871,8.5871,8.4079,0.2371
0.3700,10.0000,9.4806,9.4806,9.3210,0.2058,8.6205,8.6205,8.4438,0.2357
0.3710,10.0000,9.5095,9.5095,9.3529,0.2042,8.6534,8.6534,8.4791,0.2344
0.3720,10.0000,9.5378,9.5378,9.3842,0.2027,8.6858,8.6858,8.5140,0.2330
0.3730,10.0000,9.5655,9.5655,9.4150,0.2012,8.7178,8.7178,8.5483,0.2317
0.3740,10.0000,9.5926,9.5926,9.4451,0.1997,8.7492,8.7492,8.5822,0.2304
0.3750,10.0000,9.6192,9.6192,9.4746,0.1983,8.7802,8.7802,8.6156,0.2291
0.3760,10.0000,9.6451,9.6451,9.5035,0.1968,8.8107,8.8107,8.6485,0.2278
0.3770,10.0000,9.6705,9.6705,9.5318,0.1954,8.8408,8.8408,8.6810,0.2266
0.3780,10.0000,9.6953,9.6953,9.5596,0.1941,8.8704,8.8704,8.7129,0.2254
0.3790,10.0000,9.7196,9.7196,9.5867,0.1927,8.8995,8.8995,8.7444,0.2241
0.3800,10.0000,9.7433,9.7433,9.6133,0.1914,8.9281,8.9281,8.7754,0.2229
0.3810,10.0000,9.7665,9.7665,9.6393,0.1901,8.9563,8.9563,8.8060,0.2218
0.3820,10.0000,9.7891,9.7891,9.6647,0.1889,8.9840,8.9840,8.8360,0.2206
0.3830,10.0000,9.8111,9.8111,9.6896,0.1876,9.0113,9.0113,8.8656,0.2194
0.3840,10.0000,9.8326,9.8326,9.7139,0.1864,9.0381,9.0381,8.8948,0.2183
0.3850,10.0000,9.8536,9.8536,9.7376,0.1853,9.0645,9.0645,8.9234,0.2172
0.3860,10.0000,9.8741,9.8741,9.7608,0.1841,9.0904,9.0904,8.9516,0.2161
0.3870,10.0000,9.8940,9.8940,9.7835,0.1830,9.1159,9.1159,8.9794,0.2150
0.3880,10.0000,9.9134,9.9134,9.8056,0.1819,9.1409,9.1409,9.0067,0.2140
0.3890,10.0000,9.9323,9.9323,9.8271,0.1808,9.1655,9.1655,9.0335,0.2129
0.3900,10.0000,9.9507,9.9507,9.8482,0.1798,9.1897,9.1897,9.0599,0.2119
0.3910,10.0000,9.9685,9.9685,9.8687,0.1788,9.2134,9.2134,9.0859,0.2109
0.3920,10.0000,9.9859,9.9859,9.8886,0.1778,9.2367,9.2367,9.1114,0.2099
0.3930,10.0000,10.0028,10.0028,9.9081,0.1768,9.2596,9.2596,9.1365,0.2089
0.3940,10.0000,10.0192,10.0192,9.9270,0.1758,9.2820,9.2820,9.1611,0.2080
0.3950,10.0000,10.0351,10.0351,9.9455,0.1749,9.3041,9.3041,9.1853,0.2070
0.3960,10.0000,10.0506,10.0506,9.9634,0.1740,9.3257,9.3257,9.2090,0.2061
0.3970,10.0000,10.0655,10.0655,9.9808,0.1732,9.3469,9.3469,9.2324,0.2052
0.3980,10.0000,10.0800,10.0800,9.9978,0.1723,9.3677,9.3677,9.2553,0.2043
0.3990,10.0000,10.0940,10.0940,10.0142,0.1715,9.3881,9.3881,9.2778,0.2034
0.4000,10.0000,10.1076,10.1076,10.0302,0.1707,9.4080,9.4080,9.2998,0.2026
0.4010,10.0000,10.1207,10.1207,10.0457,0.1699,9.4276,9.4276,9.3215,0.2017
0.4020,10.0000,10.1334,10.1334,10.0607,0.1692,9.4468,9.4468,9.3427,0.2009
0.4030,10.0000,10.1457,10.1457,10.0752,0.1684,9.4656,9.4656,9.3635,0.2001
0.4040,10.0000,10.1575,10.1575,10.0893,0.1677,9.4840,9.4840,9.3839,0.1993
0.4050,10.0000,10.1688,10.1688,10.1029,0.1670,9.5020,9.5020,9.4039,0.1985
0.4060,10.0000,10.1798,10.1798,10.1161,0.1664,9.5196,9.5196,9.4235,0.1978
0.4070,10.0000,10.1903,10.1903,10.1289,0.1657,9.5369,9.5369,9.4428,0.1970
0.4080,10.0000,10.2004,10.2004,10.1412,0.1651,9.5537,9.5537,9.4616,0.1963
0.4090,10.0000,10.2102,10.2102,10.1530,0.1645,9.5702,9.5702,9.4800,0.1955
0.4100,10.0000,10.2195,10.2195,10.1644,0.1639,9.5864,9.5864,9.4981,0.1948
0.4110,10.0000,10.2284,10.2284,10.1754,0.1634,9.6021,9.6021,9.5157,0.1941
0.4120,10.0000,10.2369,10.2369,10.1860,0.1629,9.6176,9.6176,9.5330,0.1935
0.4130,10.0000,10.2450,10.2450,10.1962,0.1623,9.6326,9.6326,9.5499,0.1928
0.4140,10.0000,10.2528,10.2528,10.2060,0.1618,9.6473,9.6473,9.5665,0.1922
0.4150,10.0000,10.2602,10.2602,10.2153,0.1614,9.6616,9.6616,9.5826,0.1915
0.4160,10.0000,10.2672,10.2672,10.2243,0.1609,9.6756,9.6756,9.5984,0.1909
0.4170,10.0000,10.2738,10.2738,10.2329,0.1605,9.6893,9.6893,9.6139,0.1903
0.4180,10.0000,10.2801,10.2801,10.2411,0.1601,9.7026,9.7026,9.6290,0.1897
0.4190,10.0000,10.2861,10.2861,10.2489,0.1597,9.7156,9.7156,9.6437,0.1891
0.4200,10.0000,10.2916,10.2916,10.2563,0.1593,9.7282,9.7282,9.6581,0.1886
0.4210,10.0000,10.2969,10.2969,10.2634,0.1589,9.7405,9.7405,9.6721,0.1880
0.4220,10.0000,10.3018,10.3018,10.2701,0.1586,9.7525,9.7525,9.6858,0.1875
0.4230,10.0000,10.3064,10.3064,10.2764,0.1582,9.7642,9.7642,9.6991,0.1869
0.4240,10.0000,10.3106,10.3106,10.2824,0.1579,9.7755,9.7755,9.7121,0.1864
0.4250,10.0000,10.3146,10.3146,10.2881,0.1576,9.7866,9.7866,9.7248,0.1859
0.4260,10.0000,10.3182,10.3182,10.2934,0.1574,9.7973,9.7973,9.7372,0.1854
0.4270,10.0000,10.3215,10.3215,10.2983,0.1571,9.8077,9.8077,9.7492,0.1850
0.4280,10.0000,10.3245,10.3245,10.3030,0.1569,9.8178,9.8178,9.7609,0.1845
0.4290,10.0000,10.3272,10.3272,10.3073,0.1566,9.8277,9.8277,9.7723,0.1841
0.4300,10.0000,10.3296,10.3296,10.3113,0.1564,9.8372,9.8372,9.7834,0.1836
0.4310,10.0000,10.3318,10.3318,10.3149,0.1562,9.8464,9.8464,9.7941,0.1832
0.4320,10.0000,10.3336,10.3336,10.3183,0.1560,9.8554,9.8554,9.8046,0.1828
0.4330,10.0000,10.3352,10.3352,10.3214,0.1559,9.8640,9.8640,9.8147,0.1824
0.4340,10.0000,10.3364,10.3364,10.3241,0.1557,9.8724,9.8724,9.8246,0.1820
0.4350,10.0000,10.3375,10.3375,10.3266,0.1556,9.8805,9.8805,9.8342,0.1816
0.4360,10.0000,10.3382,10.3382,10.3288,0.1555,9.8883,9.8883,9.8434,0.1813
0.4370,10.0000,10.3387,10.3387,10.3307,0.1554,9.8959,9.8959,9.8524,0.1809
0.4380,10.0000,10.3390,10.3390,10.3323,0.1553,9.9032,9.9032,9.8611,0.1806
0.4390,10.0000,10.3389,10.3389,10.3336,0.1552,9.9102,9.9102,9.8695,0.1802
0.4400,10.0000,10.3387,10.3387,10.3347,0.1551,9.9170,9.9170,9.8777,0.1799
0.4410,10.0000,10.3382,10.3382,10.3355,0.1551,9.9235,9.9235,9.8855,0.1796
0.4420,10.0000,10.3375,10.3375,10.3360,0.1550,9.9297,9.9297,9.8931,0.1793
0.4430,10.0000,10.3365,10.3365,10.3363,0.1550,9.9357,9.9357,9.9004,0.1790
0.4440,10.0000,10.3354,10.3354,10.3364,0.1550,9.9415,9.9415,9.9075,0.1787
0.4450,10.0000,10.3340,10.3340,10.3362,0.1550,9.9470,9.9470,9.9143,0.1784
0.4460,10.0000,10.3324,10.3324,10.3357,0.1550,9.9523,9.9523,9.9208,0.1782
0.4470,10.0000,10.3305,10.3305,10.3350,0.1550,9.9574,9.9574,9.9271,0.1779
0.4480,10.0000,10.3285,10.3285,10.3341,0.1550,9.9622,9.9622,9.9332,0.1777
0.4490,10.0000,10.3263,10.3263,10.3330,0.1551,9.9668,9.9668,9.9390,0.1775
0.4500,10.0000,10.3239,10.3239,10.3317,0.1551,9.9712,9.9712,9.9445,0.1772
0.4510,10.0000,10.3212,10.3212,10.3301,0.1552,9.9753,9.9753,9.9499,0.1770
0.4520,10.0000,10.3184,10.3184,10.3283,0.1553,9.9792,9.9792,9.9550,0.1768
0.4530,10.0000,10.3155,10.3155,10.3264,0.1554,9.9829,9.9829,9.9598,0.1766
0.4540,10.0000,10.3123,10.3123,10.3242,0.1555,9.9865,9.9865,9.9644,0.1764
0.4550,10.0000,10.3090,10.3090,10.3218,0.1556,9.9897,9.9897,9.9688,0.1763
0.4560,10.0000,10.3054,10.3054,10.3192,0.1557,9.9928,9.9928,9.9730,0.1761
0.4570,10.0000,10.3018,10.3018,10.3165,0.1558,9.9957,9.9957,9.9770,0.1759
0.4580,10.0000,10.2979,10.2979,10.3135,0.1560,9.9984,9.9984,9.9807,0.1758
0.4590,10.0000,10.2939,10.2939,10.3104,0.1561,10.0009,10.0009,9.9843,0.1757
0.4600,10.0000,10.2898,10.2898,10.3071,0.1562,10.0032,10.0032,9.9876,0.1755
0.4610,10.0000,10.2855,10.2855,10.3037,0.1564,10.0054,10.0054,9.9907,0.1754
0.4620,10.0000,10.2811,10.2811,10.3000,0.1566,10.0073,10.0073,9.9937,0.1753
0.4630,10.0000,10.2765,10.2765,10.2962,0.1568,10.0090,10.0090,9.9964,0.1752
0.4640,10.0000,10.2717,10.2717,10.2923,0.1569,10.0106,10.0106,9.9989,0.1751
0.4650,10.0000,10.2669,10.2669,10.2882,0.1571,10.0120,10.0120,10.0013,0.1750
0.4660,10.0000,10.2619,10.2619,10.2839,0.1573,10.0133,10.0133,10.0034,0.1749
0.4670,10.0000,10.2568,10.2568,10.2795,0.1575,10.0143,10.0143,10.0054,0.1748
0.4680,10.0000,10.2516,10.2516,10.2750,0.1578,10.0152,10.0152,10.0072,0.1747
0.4690,10.0000,10.2462,10.2462,10.2703,0.1580,10.0159,10.0159,10.0088,0.1747
0.4700,10.0000,10.2407,10.2407,10.2655,0.1582,10.0165,10.0165,10.0102,0.1746
0.4710,10.0000,10.2352,10.2352,10.2605,0.1585,10.0169,10.0169,10.0115,0.1746
0.4720,10.0000,10.2295,10.2295,10.2555,0.1587,10.0172,10.0172,10.0126,0.1745
0.4730,10.0000,10.2237,10.2237,10.2503,0.1589,10.0173,10.0173,10.0135,0.1745
0.4740,10.0000,10.2178,10.2178,10.2450,0.1592,10.0173,10.0173,10.0142,0.1744
0.4750,10.0000,10.2118,10.2118,10.2395,0.1595,10.0171,10.0171,10.0148,0.1744
0.4760,10.0000,10.2057,10.2057,10.2340,0.1597,10.0167,10.0167,10.0153,0.1744
0.4770,10.0000,10.1996,10.1996,10.2283,0.1600,10.0163,10.0163,10.0156,0.1744
0.4780,10.0000,10.1933,10.1933,10.2226,0.1603,10.0157,10.0157,10.0157,0.1744
0.4790,10.0000,10.1870,10.1870,10.2167,0.1606,10.0149,10.0149,10.0157,0.1744
0.4800,10.0000,10.1806,10.1806,10.2108,0.1609,10.0141,10.0141,10.0156,0.1744
0.4810,10.0000,10.1741,10.1741,10.2047,0.1612,10.0131,10.0131,10.0153,0.1744
0.4820,10.0000,10.1675,10.1675,10.1986,0.1615,10.0119,10.0119,10.0148,0.1744
0.4830,10.0000,10.1608,10.1608,10.1924,0.1618,10.0107,10.0107,10.0142,0.1744
0.4840,10.0000,10.1541,10.1541,10.1861,0.1621,10.0093,10.0093,10.0135,0.1745
0.4850,10.0000,10.1474,10.1474,10.1797,0.1624,10.0078,10.0078,10.0127,0.1745
0.4860,10.0000,10.1405,10.1405,10.1732,0.1627,10.0062,10.0062,10.0117,0.1745
0.4870,10.0000,10.1336,10.1336,10.1667,0.1630,10.0045,10.0045,10.0106,0.1746
0.4880,10.0000,10.1267,10.1267,10.1601,0.1633,10.0027,10.0027,10.0094,0.1746
0.4890,10.0000,10.1197,10.1197,10.1534,0.1637,10.0007,10.0007,10.0080,0.1747
0.4900,10.0000,10.1126,10.1126,10.1466,0.1640,9.9987,9.9987,10.0066,0.1747
0.4910,10.0000,10.1055,10.1055,10.1398,0.1643,9.9965,9.9965,10.0050,0.1748
0.4920,10.0000,10.0983,10.0983,10.1330,0.1647,9.9943,9.9943,10.0033,0.1749
0.4930,10.0000,10.0912,10.0912,10.1260,0.1650,9.9920,9.9920,10.0015,0.1749
0.4940,10.0000,10.0839,10.0839,10.1191,0.1654,9.9895,9.9895,9.9996,0.1750
0.4950,10.0000,10.0767,10.0767,10.1120,0.1657,9.9870,9.9870,9.9976,0.1751
0.4960,10.0000,10.0693,10.0693,10.1050,0.1661,9.9844,9.9844,9.9955,0.1752
0.4970,10.0000,10.0620,10.0620,10.0978,0.1664,9.9816,9.9816,9.9932,0.1753
0.4980,10.0000,10.0546,10.0546,10.0907,0.1668,9.9788,9.9788,9.9909,0.1754
0.4990,10.0000,10.0472,10.0472,10.0835,0.1671,9.9760,9.9760,9.9885,0.1755
0.5000,10.0000,10.0398,10.0398,10.0762,0.1675,9.9730,9.9730,9.9860,0.1756
0.5010,10.0000,10.0324,10.0324,10.0689,0.1678,9.9699,9.9699,9.9834,0.1757
0.5020,10.0000,10.0249,10.0249,10.0616,0.1682,9.9668,9.9668,9.9807,0.1758
0.5030,10.0000,10.0174,10.0174,10.0543,0.1686,9.9636,9.9636,9.9779,0.1759
0.5040,10.0000,10.0099,10.0099,10.0469,0.1689,9.9603,9.9603,9.9751,0.1760
0.5050,10.0000,10.0024,10.0024,10.0395,0.1693,9.9570,9.9570,9.9721,0.1761
0.5060,10.0000,9.9949,9.9949,10.0321,0.1697,9.9536,9.9536,9.9691,0.1763
0.5070,10.0000,9.9873,9.9873,10.0246,0.1700,9.9501,9.9501,9.9660,0.1764
0.5080,10.0000,9.9798,9.9798,10.0172,0.1704,9.9465,9.9465,9.9628,0.1765
0.5090,10.0000,9.9722,9.9722,10.0097,0.1708,9.9429,9.9429,9.9596,0.1766
0.5100,10.0000,9.9647,9.9647,10.0022,0.1712,9.9393,9.9393,9.9562,0.1768
0.5110,10.0000,9.9571,9.9571,9.9947,0.1715,9.9355,9.9355,9.9528,0.1769
0.5120,10.0000,9.9496,9.9496,9.9872,0.1719,9.9317,9.9317,9.9494,0.1771
0.5130,10.0000,9.9420,9.9420,9.9797,0.1723,9.9279,9.9279,9.9458,0.1772
0.5140,10.0000,9.9345,9.9345,9.9721,0.1727,9.9240,9.9240,9.9423,0.1774
0.5150,10.0000,9.9269,9.9269,9.9646,0.1730,9.9200,9.9200,9.9386,0.1775
0.5160,10.0000,9.9194,9.9194,9.9571,0.1734,9.9160,9.9160,9.9349,0.1777
0.5170,10.0000,9.9118,9.9118,9.9495,0.1738,9.9120,9.9120,9.9311,0.1778
0.5180,10.0000,9.9043,9.9043,9.9420,0.1742,9.9079,9.9079,9.9273,0.1780
0.5190,10.0000,9.8968,9.8968,9.9344,0.1746,9.9037,9.9037,9.9234,0.1781
0.5200,10.0000,9.8893,9.8893,9.9269,0.1749,9.8995,9.8995,9.9195,0.1783
0.5210,10.0000,9.8818,9.8818,9.9194,0.1753,9.8953,9.8953,9.9155,0.1785
0.5220,10.0000,9.8743,9.8743,9.9119,0.1757,9.8910,9.8910,9.9114,0.1786
0.5230,10.0000,9.8669,9.8669,9.9044,0.1761,9.8867,9.8867,9.9073,0.1788
0.5240,10.0000,9.8594,9.8594,9.8969,0.1765,9.8823,9.8823,9.9032,0.1790
0.5250,10.0000,9.8520,9.8520,9.8894,0.1768,9.8780,9.8780,9.8990,0.1791
0.5260,10.0000,9.8446,9.8446,9.8819,0.1772,9.8735,9.8735,9.8948,0.1793
0.5270,10.0000,9.8373,9.8373,9.8745,0.1776,9.8691,9.8691,9.8906,0.1795
0.5280,10.0000,9.8299,9.8299,9.8670,0.1780,9.8646,9.8646,9.8863,0.1797
0.5290,10.0000,9.8226,9.8226,9.8596,0.1783,9.8601,9.8601,9.8819,0.1798
0.5300,10.0000,9.8153,9.8153,9.8522,0.1787,9.8555,9.8555,9.8776,0.1800
0.5310,10.0000,9.8080,9.8080,9.8448,0.1791,9.8510,9.8510,9.8732,0.1802
0.5320,10.0000,9.8008,9.8008,9.8375,0.1795,9.8464,9.8464,9.8687,0.1804
0.5330,10.0000,9.7936,9.7936,9.8301,0.1798,9.8417,9.8417,9.8642,0.1806
0.5340,10.0000,9.7864,9.7864,9.8228,0.1802,9.8371,9.8371,9.8597,0.1808
0.5350,10.0000,9.7793,9.7793,9.8155,0.1806,9.8324,9.8324,9.8552,0.1809
0.5360,10.0000,9.7722,9.7722,9.8083,0.1809,9.8278,9.8278,9.8507,0.1811
0.5370,10.0000,9.7651,9.7651,9.8011,0.1813,9.8231,9.8231,9.8461,0.1813
0.5380,10.0000,9.7581,9.7581,9.7939,0.1817,9.8183,9.8183,9.8415,0.1815
0.5390,10.0000,9.7511,9.7511,9.7867,0.1820,9.8136,9.8136,9.8368,0.1817
0.5400,10.0000,9.7441,9.7441,9.7796,0.1824,9.8088,9.8088,9.8322,0.1819
0.5410,10.0000,9.7372,9.7372,9.7725,0.1828,9.8041,9.8041,9.8275,0.1821
0.5420,10.0000,9.7303,9.7303,9.7654,0.1831,9.7993,9.7993,9.8228,0.1823
0.5430,10.0000,9.7234,9.7234,9.7584,0.1835,9.7945,9.7945,9.8181,0.1825
0.5440,10.0000,9.7166,9.7166,9.7514,0.1839,9.7897,9.7897,9.8134,0.1827
0.5450,10.0000,9.7098,9.7098,9.7444,0.1842,9.7849,9.7849,9.8087,0.1829
0.5460,10.0000,9.7031,9.7031,9.7375,0.1846,9.7801,9.7801,9.8039,0.1831
0.5470,10.0000,9.6964,9.6964,9.7306,0.1849,9.7752,9.7752,9.7991,0.1833
0.5480,10.0000,9.6898,9.6898,9.7238,0.1853,9.7704,9.7704,9.7944,0.1835
0.5490,10.0000,9.6832,9.6832,9.7170,0.1856,9.7656,9.7656,9.7896,0.1837
0.5500,10.0000,9.6766,9.6766,9.7102,0.1860,9.7607,9.7607,9.7848,0.1839
0.5510,10.0000,9.6701,9.6701,9.7035,0.1863,9.7559,9.7559,9.7800,0.1841
0.5520,10.0000,9.6637,9.6637,9.6968,0.1867,9.7510,9.7510,9.7751,0.1843
0.5530,10.0000,9.6573,9.6573,9.6902,0.1870,9.7462,9.7462,9.7703,0.1845
0.5540,10.0000,9.6509,9.6509,9.6836,0.1874,9.7413,9.7413,9.7655,0.1847
0.5550,10.0000,9.6446,9.6446,9.6771,0.1877,9.7365,9.7365,9.7607,0.1849
0.5560,10.0000,9.6383,9.6383,9.6706,0.1880,9.7316,9.7316,9.7558,0.1851
0.5570,10.0000,9.6321,9.6321,9.6641,0.1884,9.7268,9.7268,9.7510,0.1853
0.5580,10.0000,9.6259,9.6259,9.6577,0.1887,9.7219,9.7219,9.7461,0.1855
0.5590,10.0000,9.6198,9.6198,9.6513,0.1890,9.7171,9.7171,9.7413,0.1857
0.5600,10.0000,9.6137,9.6137,9.6450,0.1894,9.7123,9.7123,9.7365,0.1859
0.5610,10.0000,9.6077,9.6077,9.6388,0.1897,9.7074,9.7074,9.7316,0.1861
0.5620,10.0000,9.6017,9.6017,9.6325,0.1900,9.7026,9.7026,9.7268,0.1863
0.5630,10.0000,9.5958,9.5958,9.6264,0.1903,9.6978,9.6978,9.7219,0.1865
0.5640,10.0000,9.5899,9.5899,9.6202,0.1907,9.6930,9.6930,9.7171,0.1867
0.5650,10.0000,9.5841,9.5841,9.6142,0.1910,9.6882,9.6882,9.7123,0.1869
0.5660,10.0000,9.5783,9.5783,9.6082,0.1913,9.6834,9.6834,9.7075,0.1872
0.5670,10.0000,9.5726,9.5726,9.6022,0.1916,9.6786,9.6786,9.7026,0.1874
0.5680,10.0000,9.5669,9.5669,9.5963,0.1919,9.6738,9.6738,9.6978,0.1876
0.5690,10.0000,9.5613,9.5613,9.5904,0.1922,9.6691,9.6691,9.6930,0.1878
0.5700,10.0000,9.5557,9.5557,9.5846,0.1925,9.6643,9.6643,9.6882,0.1880
0.5710,10.0000,9.5502,9.5502,9.5788,0.1928,9.6596,9.6596,9.6835,0.1882
0.5720,10.0000,9.5447,9.5447,9.5731,0.1931,9.6548,9.6548,9.6787,0.1884
0.5730,10.0000,9.5393,9.5393,9.5674,0.1934,9.6501,9.6501,9.6739,0.1886
0.5740,10.0000,9.5340,9.5340,9.5618,0.1937,9.6454,9.6454,9.6692,0.1888
0.5750,10.0000,9.5287,9.5287,9.5562,0.1940,9.6408,9.6408,9.6644,0.1890
0.5760,10.0000,9.5234,9.5234,9.5507,0.1943,9.6361,9.6361,9.6597,0.1892
0.5770,10.0000,9.5182,9.5182,9.5452,0.1946,9.6314,9.6314,9.6550,0.1894
0.5780,10.0000,9.5131,9.5131,9.5398,0.1949,9.6268,9.6268,9.6503,0.1896
0.5790,10.0000,9.5080,9.5080,9.5345,0.1952,9.6222,9.6222,9.6456,0.1898
0.5800,10.0000,9.5029,9.5029,9.5292,0.1955,9.6176,9.6176,9.6409,0.1900
0.5810,10.0000,9.4980,9.4980,9.5239,0.1958,9.6130,9.6130,9.6362,0.1902
0.5820,10.0000,9.4930,9.4930,9.5187,0.1960,9.6084,9.6084,9.6316,0.1904
0.5830,10.0000,9.4881,9.4881,9.5136,0.1963,9.6039,9.6039,9.6269,0.1906
0.5840,10.0000,9.4833,9.4833,9.5085,0.1966,9.5993,9.5993,9.6223,0.1908
0.5850,10.0000,9.4785,9.4785,9.5035,0.1968,9.5948,9.5948,9.6177,0.1910
0.5860,10.0000,9.4738,9.4738,9.4985,0.1971,9.5903,9.5903,9.6132,0.1912
0.5870,10.0000,9.4692,9.4692,9.4936,0.1974,9.5859,9.5859,9.6086,0.1914
0.5880,10.0000,9.4645,9.4645,9.4887,0.1976,9.5814,9.5814,9.6041,0.1916
0.5890,10.0000,9.4600,9.4600,9.4838,0.1979,9.5770,9.5770,9.5995,0.1918
0.5900,10.0000,9.4555,9.4555,9.4791,0.1982,9.5726,9.5726,9.5950,0.1920
0.5910,10.0000,9.4510,9.4510,9.4744,0.1984,9.5682,9.5682,9.5905,0.1922
0.5920,10.0000,9.4466,9.4466,9.4697,0.1987,9.5638,9.5638,9.5861,0.1924
0.5930,10.0000,9.4423,9.4423,9.4651,0.1989,9.5595,9.5595,9.5816,0.1926
0.5940,10.0000,9.4380,9.4380,9.4605,0.1992,9.5552,9.5552,9.5772,0.1928
0.5950,10.0000,9.4337,9.4337,9.4560,0.1994,9.5509,9.5509,9.5728,0.1930
0.5960,10.0000,9.4295,9.4295,9.4516,0.1997,9.5466,9.5466,9.5684,0.1932
0.5970,10.0000,9.4254,9.4254,9.4471,0.1999,9.5424,9.5424,9.5640,0.1934
0.5980,10.0000,9.4213,9.4213,9.4428,0.2001,9.5381,9.5381,9.5597,0.1936
0.5990,10.0000,9.4172,9.4172,9.4385,0.2004,9.5339,9.5339,9.5554,0.1938
0.6000,10.0000,9.4133,9.4133,9.4342,0.2006,9.5297,9.5297,9.5511,0.1939
0.6010,10.0000,9.4093,9.4093,9.4300,0.2008,9.5256,9.5256,9.5468,0.1941
0.6020,10.0000,9.4054,9.4054,9.4259,0.2011,9.5215,9.5215,9.5426,0.1943
0.6030,10.0000,9.4016,9.4016,9.4218,0.2013,9.5173,9.5173,9.5384,0.1945
0.6040,10.0000,9.3978,9.3978,9.4178,0.2015,9.5133,9.5133,9.5342,0.1947
0.6050,10.0000,9.3941,9.3941,9.4138,0.2017,9.5092,9.5092,9.5300,0.1949
0.6060,10.0000,9.3904,9.3904,9.4098,0.2020,9.5052,9.5052,9.5258,0.1951
0.6070,10.0000,9.3867,9.3867,9.4059,0.2022,9.5012,9.5012,9.5217,0.1953
0.6080,10.0000,9.3831,9.3831,9.4021,0.2024,9.4972,9.4972,9.5176,0.1954
0.6090,10.0000,9.3796,9.3796,9.3983,0.2026,9.4932,9.4932,9.5135,0.1956
0.6100,10.0000,9.3761,9.3761,9.3945,0.2028,9.4893,9.4893,9.5095,0.1958
0.6110,10.0000,9.3726,9.3726,9.3909,0.2030,9.4854,9.4854,9.5054,0.1960
0.6120,10.0000,9.3692,9.3692,9.3872,0.2032,9.4815,9.4815,9.5014,0.1962
0.6130,10.0000,9.3659,9.3659,9.3836,0.2034,9.4777,9.4777,9.4974,0.1963
0.6140,10.0000,9.3626,9.3626,9.3801,0.2036,9.4738,9.4738,9.4935,0.1965
0.6150,10.0000,9.3593,9.3593,9.3766,0.2038,9.4701,9.4701,9.4896,0.1967
0.6160,10.0000,9.3561,9.3561,9.3731,0.2040,9.4663,9.4663,9.4857,0.1969
0.6170,10.0000,9.3529,9.3529,9.3697,0.2042,9.4625,9.4625,9.4818,0.1971
0.6180,10.0000,9.3498,9.3498,9.3663,0.2044,9.4588,9.4588,9.4779,0.1972
0.6190,10.0000,9.3467,9.3467,9.3630,0.2046,9.4551,9.4551,9.4741,0.1974
0.6200,10.0000,9.3437,9.3437,9.3598,0.2048,9.4515,9.4515,9.4703,0.1976
0.6210,10.0000,9.3407,9.3407,9.3565,0.2050,9.4478,9.4478,9.4665,0.1978
0.6220,10.0000,9.3377,9.3377,9.3534,0.2052,9.4442,9.4442,9.4628,0.1979
0.6230,10.0000,9.3348,9.3348,9.3502,0.2054,9.4406,9.4406,9.4591,0.1981
0.6240,10.0000,9.3320,9.3320,9.3472,0.2055,9.4371,9.4371,9.4554,0.1983
0.6250,10.0000,9.3291,9.3291,9.3441,0.2057,9.4335,9.4335,9.4517,0.1984
0.6260,10.0000,9.3264,9.3264,9.3411,0.2059,9.4300,9.4300,9.4481,0.1986
0.6270,10.0000,9.3236,9.3236,9.3382,0.2061,9.4265,9.4265,9.4445,0.1988
0.6280,10.0000,9.3209,9.3209,9.3353,0.2062,9.4231,9.4231,9.4409,0.1989
0.6290,10.0000,9.3183,9.3183,9.3324,0.2064,9.4197,9.4197,9.4373,0.1991
0.6300,10.0000,9.3157,9.3157,9.3296,0.2066,9.4163,9.4163,9.4338,0.1993
0.6310,10.0000,9.3131,9.3131,9.3268,0.2067,9.4129,9.4129,9.4303,0.1994
0.6320,10.0000,9.3106,9.3106,9.3241,0.2069,9.4095,9.4095,9.4268,0.1996
0.6330,10.0000,9.3081,9.3081,9.3214,0.2070,9.4062,9.4062,9.4233,0.1998
0.6340,10.0000,9.3056,9.3056,9.3187,0.2072,9.4029,9.4029,9.4199,0.1999
0.6350,10.0000,9.3032,9.3032,9.3161,0.2074,9.3997,9.3997,9.4165,0.2001
0.6360,10.0000,9.3009,9.3009,9.3135,0.2075,9.3964,9.3964,9.4132,0.2002
0.6370,10.0000,9.2985,9.2985,9.3110,0.2077,9.3932,9.3932,9.4098,0.2004
0.6380,10.0000,9.2962,9.2962,9.3085,0.2078,9.3900,9.3900,9.4065,0.2005
0.6390,10.0000,9.2940,9.2940,9.3061,0.2080,9.3869,9.3869,9.4032,0.2007
0.6400,10.0000,9.2917,9.2917,9.3036,0.2081,9.3837,9.3837,9.3999,0.2009
0.6410,10.0000,9.2896,9.2896,9.3013,0.2083,9.3806,9.3806,9.3967,0.2010
0.6420,10.0000,9.2874,9.2874,9.2989,0.2084,9.3775,9.3775,9.3935,0.2012
0.6430,10.0000,9.2853,9.2853,9.2966,0.2086,9.3745,9.3745,9.3903,0.2013
0.6440,10.0000,9.2832,9.2832,9.2944,0.2087,9.3715,9.3715,9.3871,0.2015
0.6450,10.0000,9.2812,9.2812,9.2921,0.2088,9.3685,9.3685,9.3840,0.2016
0.6460,10.0000,9.2792,9.2792,9.2899,0.2090,9.3655,9.3655,9.3809,0.2018
0.6470,10.0000,9.2772,9.2772,9.2878,0.2091,9.3625,9.3625,9.3778,0.2019
0.6480,10.0000,9.2752,9.2752,9.2857,0.2092,9.3596,9.3596,9.3747,0.2021
0.6490,10.0000,9.2733,9.2733,9.2836,0.2094,9.3567,9.3567,9.3717,0.2022
0.6500,10.0000,9.2714,9.2714,9.2815,0.2095,9.3538,9.3538,9.3687,0.2024
0.6510,10.0000,9.2696,9.2696,9.2795,0.2096,9.3510,9.3510,9.3657,0.2025
0.6520,10.0000,9.2678,9.2678,9.2775,0.2098,9.3481,9.3481,9.3628,0.2026
0.6530,10.0000,9.2660,9.2660,9.2756,0.2099,9.3453,9.3453,9.3599,0.2028
0.6540,10.0000,9.2642,9.2642,9.2737,0.2100,9.3426,9.3426,9.3570,0.2029
0.6550,10.0000,9.2625,9.2625,9.2718,0.2101,9.3398,9.3398,9.3541,0.2031
0.6560,10.0000,9.2608,9.2608,9.2699,0.2102,9.3371,9.3371,9.3512,0.2032
0.6570,10.0000,9.2592,9.2592,9.2681,0.2104,9.3344,9.3344,9.3484,0.2034
0.6580,10.0000,9.2575,9.2575,9.2663,0.2105,9.3317,9.3317,9.3456,0.2035
0.6590,10.0000,9.2559,9.2559,9.2646,0.2106,9.3291,9.3291,9.3428,0.2036
0.6600,10.0000,9.2543,9.2543,9.2628,0.2107,9.3264,9.3264,9.3401,0.2038
0.6610,10.0000,9.2528,9.2528,9.2611,0.2108,9.3238,9.3238,9.3373,0.2039
0.6620,10.0000,9.2513,9.2513,9.2595,0.2109,9.3213,9.3213,9.3346,0.2040
0.6630,10.0000,9.2498,9.2498,9.2578,0.2110,9.3187,9.3187,9.3320,0.2042
0.6640,10.0000,9.2483,9.2483,9.2562,0.2112,9.3162,9.3162,9.3293,0.2043
0.6650,10.0000,9.2469,9.2469,9.2546,0.2113,9.3137,9.3137,9.3267,0.2044
0.6660,10.0000,9.2454,9.2454,9.2531,0.2114,9.3112,9.3112,9.3241,0.2046
0.6670,10.0000,9.2441,9.2441,9.2516,0.2115,9.3087,9.3087,9.3215,0.2047
0.6680,10.0000,9.2427,9.2427,9.2501,0.2116,9.3063,9.3063,9.3189,0.2048
0.6690,10.0000,9.2414,9.2414,9.2486,0.2117,9.3039,9.3039,9.3164,0.2050
0.6700,10.0000,9.2400,9.2400,9.2471,0.2118,9.3015,9.3015,9.3139,0.2051
0.6710,10.0000,9.2387,9.2387,9.2457,0.2119,9.2991,9.2991,9.3114,0.2052
0.6720,10.0000,9.2375,9.2375,9.2443,0.2120,9.2967,9.2967,9.3089,0.2053
0.6730,10.0000,9.2362,9.2362,9.2430,0.2121,9.2944,9.2944,9.3065,0.2055
0.6740,10.0000,9.2350,9.2350,9.2416,0.2122,9.2921,9.2921,9.3041,0.2056
0.6750,10.0000,9.2338,9.2338,9.2403,0.2123,9.2898,9.2898,9.3017,0.2057
0.6760,10.0000,9.2326,9.2326,9.2390,0.2124,9.2876,9.2876,9.2993,0.2058
0.6770,10.0000,9.2315,9.2315,9.2377,0.2125,9.2853,9.2853,9.2970,0.2060
0.6780,10.0000,9.2303,9.2303,9.2365,0.2125,9.2831,9.2831,9.2946,0.2061
0.6790,10.0000,9.2292,9.2292,9.2352,0.2126,9.2809,9.2809,9.2923,0.2062
0.6800,10.0000,9.2281,9.2281,9.2340,0.2127,9.2787,9.2787,9.2900,0.2063
0.6810,10.0000,9.2271,9.2271,9.2329,0.2128,9.2766,9.2766,9.2878,0.2064
0.6820,10.0000,9.2260,9.2260,9.2317,0.2129,9.2744,9.2744,9.2855,0.2066
0.6830,10.0000,9.2250,9.2250,9.2306,0.2130,9.2723,9.2723,9.2833,0.2067
0.6840,10.0000,9.2240,9.2240,9.2294,0.2131,9.2702,9.2702,9.2811,0.2068
0.6850,10.0000,9.2230,9.2230,9.2283,0.2132,9.2682,9.2682,9.2789,0.2069
0.6860,10.0000,9.2220,9.2220,9.2273,0.2132,9.2661,9.2661,9.2768,0.2070
0.6870,10.0000,9.2210,9.2210,9.2262,0.2133,9.2641,9.2641,9.2746,0.2071
0.6880,10.0000,9.2201,9.2201,9.2252,0.2134,9.2621,9.2621,9.2725,0.2072
0.6890,10.0000,9.2191,9.2191,9.2242,0.2135,9.2601,9.2601,9.2704,0.2074
0.6900,10.0000,9.2182,9.2182,9.2232,0.2136,9.2581,9.2581,9.2684,0.2075
0.6910,10.0000,9.2174,9.2174,9.2222,0.2136,9.2561,9.2561,9.2663,0.2076
0.6920,10.0000,9.2165,9.2165,9.2212,0.2137,9.2542,9.2542,9.2643,0.2077
0.6930,10.0000,9.2156,9.2156,9.2203,0.2138,9.2523,9.2523,9.2623,0.2078
0.6940,10.0000,9.2148,9.2148,9.2193,0.2139,9.2504,9.2504,9.2603,0.2079
0.6950,10.0000,9.2139,9.2139,9.2184,0.2140,9.2485,9.2485,9.2583,0.2080
0.6960,10.0000,9.2131,9.2131,9.2175,0.2140,9.2466,9.2466,9.2563,0.2081
0.6970,10.0000,9.2123,9.2123,9.2166,0.2141,9.2448,9.2448,9.2544,0.2082
0.6980,10.0000,9.2115,9.2115,9.2158,0.2142,9.2430,9.2430,9.2525,0.2083
0.6990,10.0000,9.2108,9.2108,9.2149,0.2142,9.2412,9.2412,9.2506,0.2085
0.7000,10.0000,9.2100,9.2100,9.2141,0.2143,9.2394,9.2394,9.2487,0.2086
0.7010,10.0000,9.2093,9.2093,9.2133,0.2144,9.2376,9.2376,9.2468,0.2087
0.7020,10.0000,9.2086,9.2086,9.2125,0.2145,9.2358,9.2358,9.2450,0.2088
0.7030,10.0000,9.2078,9.2078,9.2117,0.2145,9.2341,9.2341,9.2431,0.2089
0.7040,10.0000,9.2071,9.2071,9.2109,0.2146,9.2324,9.2324,9.2413,0.2090
0.7050,10.0000,9.2064,9.2064,9.2102,0.2147,9.2307,9.2307,9.2395,0.2091
0.7060,10.0000,9.2058,9.2058,9.2094,0.2147,9.2290,9.2290,9.2378,0.2092
0.7070,10.0000,9.2051,9.2051,9.2087,0.2148,9.2273,9.2273,9.2360,0.2093
0.7080,10.0000,9.2044,9.2044,9.2080,0.2149,9.2256,9.2256,9.2343,0.2094
0.7090,10.0000,9.2038,9.2038,9.2073,0.2149,9.2240,9.2240,9.2325,0.2095
0.7100,10.0000,9.2032,9.2032,9.2066,0.2150,9.2224,9.2224,9.2308,0.2096
0.7110,10.0000,9.2025,9.2025,9.2059,0.2151,9.2208,9.2208,9.2291,0.2097
0.7120,10.0000,9.2019,9.2019,9.2052,0.2151,9.2192,9.2192,9.2275,0.2098
0.7130,10.0000,9.2013,9.2013,9.2046,0.2152,9.2176,9.2176,9.2258,0.2099
0.7140,10.0000,9.2007,9.2007,9.2039,0.2153,9.2160,9.2160,9.2242,0.2100
0.7150,10.0000,9.2002,9.2002,9.2033,0.2153,9.2145,9.2145,9.2225,0.2101
0.7160,10.0000,9.1996,9.1996,9.2027,0.2154,9.2130,9.2130,9.2209,0.2102
0.7170,10.0000,9.1990,9.1990,9.2020,0.2154,9.2114,9.2114,9.2193,0.2102
0.7180,10.0000,9.1985,9.1985,9.2014,0.2155,9.2099,9.2099,9.2178,0.2103
0.7190,10.0000,9.1979,9.1979,9.2008,0.2156,9.2084,9.2084,9.2162,0.2104
0.7200,10.0000,9.1974,9.1974,9.2003,0.2156,9.2070,9.2070,9.2146,0.2105
0.7210,10.0000,9.1969,9.1969,9.1997,0.2157,9.2055,9.2055,9.2131,0.2106
0.7220,10.0000,9.1963,9.1963,9.1991,0.2157,9.2041,9.2041,9.2116,0.2107
0.7230,10.0000,9.1958,9.1958,9.1986,0.2158,9.2026,9.2026,9.2101,0.2108
0.7240,10.0000,9.1953,9.1953,9.1980,0.2159,9.2012,9.2012,9.2086,0.2109
0.7250,10.0000,9.1948,9.1948,9.1975,0.2159,9.1998,9.1998,9.2071,0.2110
0.7260,10.0000,9.1943,9.1943,9.1969,0.2160,9.1984,9.1984,9.2057,0.2111
0.7270,10.0000,9.1938,9.1938,9.1964,0.2160,9.1970,9.1970,9.2042,0.2112
0.7280,10.0000,9.1934,9.1934,9.1959,0.2161,9.1957,9.1957,9.2028,0.2113
0.7290,10.0000,9.1929,9.1929,9.1954,0.2161,9.1943,9.1943,9.2014,0.2113
0.7300,10.0000,9.1924,9.1924,9.1949,0.2162,9.1930,9.1930,9.1999,0.2114
0.7310,10.0000,9.1920,9.1920,9.1944,0.2162,9.1917,9.1917,9.1986,0.2115
0.7320,10.0000,9.1915,9.1915,9.1939,0.2163,9.1903,9.1903,9.1972,0.2116
0.7330,10.0000,9.1911,9.1911,9.1934,0.2164,9.1890,9.1890,9.1958,0.2117
0.7340,10.0000,9.1907,9.1907,9.1930,0.2164,9.1877,9.1877,9.1945,0.2118
0.7350,10.0000,9.1902,9.1902,9.1925,0.2165,9.1865,9.1865,9.1931,0.2119
0.7360,10.0000,9.1898,9.1898,9.1921,0.2165,9.1852,9.1852,9.1918,0.2120
0.7370,10.0000,9.1894,9.1894,9.1916,0.2166,9.1839,9.1839,9.1905,0.2120
0.7380,10.0000,9.1890,9.1890,9.1912,0.2166,9.1827,9.1827,9.1892,0.2121
0.7390,10.0000,9.1885,9.1885,9.1907,0.2167,9.1815,9.1815,9.1879,0.2122
0.7400,10.0000,9.1881,9.1881,9.1903,0.2167,9.1803,9.1803,9.1866,0.2123
0.7410,10.0000,9.1877,9.1877,9.1899,0.2168,9.1790,9.1790,9.1853,0.2124
0.7420,10.0000,9.1873,9.1873,9.1894,0.2168,9.1778,9.1778,9.1841,0.2125
0.7430,10.0000,9.1869,9.1869,9.1890,0.2169,9.1767,9.1767,9.1828,0.2125
0.7440,10.0000,9.1866,9.1866,9.1886,0.2169,9.1755,9.1755,9.1816,0.2126
0.7450,10.0000,9.1862,9.1862,9.1882,0.2170,9.1743,9.1743,9.1804,0.2127
0.7460,10.0000,9.1858,9.1858,9.1878,0.2170,9.1732,9.1732,9.1792,0.2128
0.7470,10.0000,9.1854,9.1854,9.1874,0.2171,9.1720,9.1720,9.1780,0.2129
0.7480,10.0000,9.1850,9.1850,9.1870,0.2171,9.1709,9.1709,9.1768,0.2129
0.7490,10.0000,9.1847,9.1847,9.1866,0.2172,9.1698,9.1698,9.1756,0.2130
0.7500,10.0000,9.1843,9.1843,9.1862,0.2172,9.1687,9.1687,9.1744,0.2131
0.7510,10.0000,9.1839,9.1839,9.1858,0.2173,9.1676,9.1676,9.1733,0.2132
0.7520,10.0000,9.1836,9.1836,9.1855,0.2173,9.1665,9.1665,9.1721,0.2133
0.7530,10.0000,9.1832,9.1832,9.1851,0.2174,9.1654,9.1654,9.1710,0.2133
0.7540,10.0000,9.1829,9.1829,9.1847,0.2174,9.1643,9.1643,9.1699,0.2134
0.7550,10.0000,9.1825,9.1825,9.1843,0.2175,9.1632,9.1632,9.1688,0.2135
0.7560,10.0000,9.1822,9.1822,9.1840,0.2175,9.1622,9.1622,9.1677,0.2136
0.7570,10.0000,9.1818,9.1818,9.1836,0.2176,9.1611,9.1611,9.1666,0.2136
0.7580,10.0000,9.1815,7.0209,9.1833,0.2176,9.1601,9.1601,9.1655,0.2137
0.7590,10.0000,9.1812,7.0213,8.7508,0.2393,9.1591,9.1591,9.1644,0.2138
0.7600,10.0000,9.1811,7.0224,8.4049,0.2566,9.1581,9.1581,9.1633,0.2139
0.7610,10.0000,9.1811,7.0239,8.1284,0.2705,9.1571,9.1571,9.1623,0.2139
0.7620,10.0000,9.1814,7.0259,7.9075,0.2817,9.1561,9.1561,9.1612,0.2140
0.7630,10.0000,9.1819,7.0285,7.7312,0.2905,9.1551,9.1551,9.1602,0.2141
0.7640,10.0000,9.1827,7.0315,7.5906,0.2977,9.1541,9.1541,9.1592,0.2142
0.7650,10.0000,9.1837,7.0350,7.4788,0.3033,9.1531,9.1531,9.1582,0.2142
0.7660,10.0000,9.1851,7.0389,7.3900,0.3079,9.1521,9.1521,9.1571,0.2143
0.7670,10.0000,9.1867,7.0433,7.3198,0.3115,9.1512,9.1512,9.1561,0.2144
0.7680,10.0000,9.1886,7.0481,7.2645,0.3144,9.1502,9.1502,9.1552,0.2145
0.7690,10.0000,9.1908,7.0534,7.2212,0.3166,9.1493,9.1493,9.1542,0.2145
0.7700,10.0000,9.1933,7.0591,7.1877,0.3184,9.1484,9.1484,9.1532,0.2146
0.7710,10.0000,9.1961,7.0653,7.1620,0.3198,9.1474,9.1474,9.1522,0.2147
0.7720,10.0000,9.1992,7.0720,7.1426,0.3209,9.1465,6.9910,9.1513,0.2148
0.7730,10.0000,9.2025,7.0790,7.1285,0.3217,9.1457,6.9910,8.7192,0.2322
0.7740,10.0000,9.2062,7.0865,7.1186,0.3223,9.1450,6.9914,8.3736,0.2462
0.7750,10.0000,9.2101,7.0945,7.1122,0.3227,9.1444,6.9923,8.0971,0.2574
0.7760,10.0000,9.2143,7.1028,7.1086,0.3230,9.1440,6.9936,7.8762,0.2664
0.7770,10.0000,9.2188,7.1117,7.1075,0.3232,9.1438,6.9954,7.6997,0.2736
0.7780,10.0000,9.2235,7.1209,7.1083,0.3233,9.1438,6.9975,7.5588,0.2793
0.7790,10.0000,9.2284,7.1306,7.1108,0.3233,9.1440,7.0001,7.4465,0.2840
0.7800,10.0000,9.2337,7.1407,7.1148,0.3232,9.1445,7.0032,7.3573,0.2877
0.7810,10.0000,9.2391,7.1513,7.1200,0.3230,9.1452,7.0066,7.2864,0.2906
0.7820,10.0000,9.2448,7.1623,7.1262,0.3228,9.1462,7.0104,7.2305,0.2930
0.7830,10.0000,9.2507,7.1737,7.1334,0.3226,9.1474,7.0146,7.1865,0.2949
0.7840,10.0000,9.2568,7.1856,7.1415,0.3223,9.1488,7.0192,7.1521,0.2964
0.7850,10.0000,9.2632,7.1978,7.1503,0.3219,9.1505,7.0242,7.1255,0.2976
0.7860,10.0000,9.2697,7.2106,7.1598,0.3216,9.1524,7.0297,7.1053,0.2985
0.7870,10.0000,9.2764,7.2237,7.1700,0.3212,9.1546,7.0355,7.0901,0.2992
0.7880,10.0000,9.2834,7.2372,7.1807,0.3207,9.1570,7.0417,7.0792,0.2998
0.7890,10.0000,9.2905,7.2512,7.1920,0.3203,9.1596,7.0483,7.0717,0.3002
0.7900,10.0000,9.2978,7.2656,7.2039,0.3198,9.1624,7.0552,7.0670,0.3005
0.7910,10.0000,9.3053,7.2805,7.2162,0.3193,9.1655,7.0626,7.0647,0.3007
0.7920,10.0000,9.3129,7.2957,7.2291,0.3188,9.1687,7.0704,7.0643,0.3008
0.7930,10.0000,9.3207,7.3113,7.2424,0.3182,9.1722,7.0786,7.0655,0.3009
0.7940,10.0000,9.3287,7.3274,7.2562,0.3176,9.1759,7.0871,7.0681,0.3009
0.7950,10.0000,9.3368,7.3439,7.2704,0.3170,9.1798,7.0960,7.0719,0.3009
0.7960,10.0000,9.3450,7.3607,7.2851,0.3164,9.1839,7.1054,7.0767,0.3008
0.7970,10.0000,9.3534,7.3780,7.3002,0.3157,9.1882,7.1151,7.0825,0.3007
0.7980,10.0000,9.3619,7.3957,7.3158,0.3150,9.1926,7.1252,7.0890,0.3005
0.7990,10.0000,9.3705,7.4137,7.3318,0.3144,9.1972,7.1357,7.0962,0.3003
0.8000,10.0000,9.3793,7.4322,7.3482,0.3136,9.2020,7.1465,7.1041,0.3001
0.8010,10.0000,9.3881,7.4510,7.3650,0.3129,9.2070,7.1578,7.1126,0.2999
0.8020,10.0000,9.3971,7.4703,7.3822,0.3121,9.2121,7.1694,7.1216,0.2997
0.8030,10.0000,9.4061,7.4899,7.3998,0.3114,9.2174,7.1814,7.1312,0.2994
0.8040,10.0000,9.4153,7.5098,7.4178,0.3106,9.2229,7.1938,7.1412,0.2991
0.8050,10.0000,9.4245,7.5302,7.4362,0.3097,9.2285,7.2065,7.1517,0.2988
0.8060,10.0000,9.4338,7.5509,7.4550,0.3089,9.2342,7.2197,7.1627,0.2985
0.8070,10.0000,9.4432,7.5719,7.4742,0.3080,9.2401,7.2332,7.1741,0.2981
0.8080,10.0000,9.4527,7.5933,7.4937,0.3072,9.2461,7.2470,7.1859,0.2977
0.8090,10.0000,9.4622,7.6151,7.5137,0.3062,9.2522,7.2613,7.1981,0.2974
0.8100,10.0000,9.4718,7.6372,7.5339,0.3053,9.2585,7.2759,7.2108,0.2970
0.8110,10.0000,9.4814,7.6596,7.5546,0.3044,9.2649,7.2908,7.2238,0.2965
0.8120,10.0000,9.4911,7.6824,7.5756,0.3034,9.2713,7.3061,7.2372,0.2961
0.8130,10.0000,9.5008,7.7055,7.5970,0.3025,9.2779,7.3218,7.2510,0.2957
0.8140,10.0000,9.5106,7.7289,7.6187,0.3015,9.2846,7.3378,7.2651,0.2952
0.8150,10.0000,9.5204,7.7526,7.6407,0.3005,9.2914,7.3542,7.2797,0.2947
0.8160,10.0000,9.5302,7.7766,7.6631,0.2994,9.2983,7.3709,7.2946,0.2942
0.8170,10.0000,9.5401,7.8009,7.6858,0.2984,9.3053,7.3880,7.3099,0.2937
0.8180,10.0000,9.5500,7.8255,7.7088,0.2973,9.3124,7.4054,7.3255,0.2932
0.8190,10.0000,9.5598,7.8504,7.7322,0.2962,9.3195,7.4231,7.3415,0.2926
0.8200,10.0000,9.5697,7.8755,7.7558,0.2951,9.3268,7.4412,7.3578,0.2921
0.8210,10.0000,9.5796,7.9009,7.7797,0.2940,9.3340,7.4596,7.3745,0.2915
0.8220,10.0000,9.5895,7.9265,7.8040,0.2929,9.3414,7.4783,7.3915,0.2909
0.8230,10.0000,9.5993,7.9524,7.8285,0.2918,9.3488,7.4973,7.4089,0.2903
0.8240,10.0000,9.6092,7.9785,7.8533,0.2906,9.3563,7.5167,7.4266,0.2897
0.8250,10.0000,9.6191,8.0049,7.8783,0.2894,9.3639,7.5363,7.4446,0.2891
0.8260,10.0000,9.6289,8.0314,7.9036,0.2883,9.3715,7.5563,7.4629,0.2885
0.8270,10.0000,9.6387,8.0582,7.9292,0.2871,9.3791,7.5765,7.4816,0.2878
0.8280,10.0000,9.6484,8.0851,7.9550,0.2858,9.3868,7.5971,7.5006,0.2871
0.8290,10.0000,9.6582,8.1123,7.9810,0.2846,9.3945,7.6179,7.5199,0.2865
0.8300,10.0000,9.6679,8.1396,8.0073,0.2834,9.4023,7.6390,7.5395,0.2858
0.8310,10.0000,9.6775,8.1671,8.0337,0.2821,9.4101,7.6604,7.5594,0.2851
0.8320,10.0000,9.6871,8.1947,8.0604,0.2809,9.4179,7.6820,7.5796,0.2843
0.8330,10.0000,9.6966,8.2225,8.0873,0.2796,9.4257,7.7039,7.6001,0.2836
0.8340,10.0000,9.7061,8.2504,8.1143,0.2783,9.4336,7.7261,7.6208,0.2829
0.8350,10.0000,9.7156,8.2784,8.1415,0.2770,9.4414,7.7485,7.6419,0.2821
0.8360,10.0000,9.7249,8.3066,8.1689,0.2757,9.4493,7.7712,7.6632,0.2814
0.8370,10.0000,9.7342,8.3348,8.1964,0.2744,9.4572,7.7940,7.6848,0.2806
0.8380,10.0000,9.7435,8.3631,8.2241,0.2731,9.4651,7.8172,7.7066,0.2798
0.8390,10.0000,9.7526,8.3916,8.2519,0.2718,9.4730,7.8405,7.7288,0.2790
0.8400,10.0000,9.7617,8.4200,8.2798,0.2705,9.4809,7.8641,7.7511,0.2782
0.8410,10.0000,9.7707,8.4485,8.3079,0.2691,9.4888,7.8878,7.7737,0.2773
0.8420,10.0000,9.7796,8.4771,8.3360,0.2678,9.4967,7.9118,7.7965,0.2765
0.8430,10.0000,9.7884,8.5057,8.3642,0.2664,9.5045,7.9359,7.8196,0.2757
0.8440,10.0000,9.7971,8.5343,8.3925,0.2651,9.5124,7.9602,7.8428,0.2748
0.8450,10.0000,9.8057,8.5629,8.4209,0.2637,9.5202,7.9847,7.8663,0.2740
0.8460,10.0000,9.8142,8.5915,8.4493,0.2624,9.5280,8.0094,7.8900,0.2731
0.8470,10.0000,9.8227,8.6201,8.4777,0.2610,9.5358,8.0342,7.9139,0.2722
0.8480,10.0000,9.8310,8.6487,8.5062,0.2597,9.5435,8.0592,7.9379,0.2713
0.8490,10.0000,9.8392,8.6772,8.5347,0.2583,9.5513,8.0843,7.9622,0.2704
0.8500,10.0000,9.8473,8.7056,8.5632,0.2569,9.5589,8.1095,7.9866,0.2695
0.8510,10.0000,9.8552,8.7340,8.5917,0.2555,9.5666,8.1349,8.0112,0.2686
0.8520,10.0000,9.8631,8.7623,8.6202,0.2542,9.5742,8.1604,8.0359,0.2677
0.8530,10.0000,9.8708,8.7906,8.6486,0.2528,9.5817,8.1859,8.0608,0.2668
0.8540,10.0000,9.8784,8.8187,8.6770,0.2514,9.5892,8.2116,8.0858,0.2658
0.8550,10.0000,9.8859,8.8467,8.7053,0.2501,9.5967,8.2374,8.1110,0.2649
0.8560,10.0000,9.8933,8.8746,8.7336,0.2487,9.6041,8.2632,8.1363,0.2639
0.8570,10.0000,9.9005,8.9023,8.7618,0.2473,9.6115,8.2891,8.1617,0.2630
0.8580,10.0000,9.9076,8.9299,8.7899,0.2460,9.6187,8.3151,8.1872,0.2620
0.8590,10.0000,9.9146,8.9573,8.8179,0.2446,9.6260,8.3411,8.2127,0.2611
0.8600,10.0000,9.9214,8.9845,8.8458,0.2433,9.6331,8.3671,8.2384,0.2601
0.8610,10.0000,9.9281,9.0116,8.8735,0.2419,9.6402,8.3932,8.2641,0.2591
0.8620,10.0000,9.9346,9.0385,8.9011,0.2406,9.6473,8.4193,8.2899,0.2582
0.8630,10.0000,9.9410,9.0651,8.9286,0.2393,9.6542,8.4454,8.3158,0.2572
0.8640,10.0000,9.9473,9.0915,8.9559,0.2380,9.6611,8.4714,8.3417,0.2562
0.8650,10.0000,9.9534,9.1178,8.9830,0.2366,9.6679,8.4975,8.3677,0.2552
0.8660,10.0000,9.9594,9.1437,9.0100,0.2353,9.6747,8.5236,8.3936,0.2543
0.8670,10.0000,9.9652,9.1694,9.0367,0.2340,9.6813,8.5496,8.4196,0.2533
0.8680,10.0000,9.9708,9.1949,9.0633,0.2327,9.6879,8.5756,8.4456,0.2523
0.8690,10.0000,9.9763,9.2201,9.0896,0.2315,9.6944,8.6015,8.4716,0.2513
0.8700,10.0000,9.9817,9.2450,9.1157,0.2302,9.7008,8.6274,8.4976,0.2503
0.8710,10.0000,9.9869,9.2696,9.1415,0.2289,9.7071,8.6532,8.5236,0.2493
0.8720,10.0000,9.9919,9.2939,9.1671,0.2277,9.7133,8.6790,8.5495,0.2483
0.8730,10.0000,9.9968,9.3179,9.1925,0.2264,9.7194,8.7046,8.5754,0.2474
0.8740,10.0000,10.0015,9.3415,9.2176,0.2252,9.7255,8.7301,8.6012,0.2464
0.8750,10.0000,10.0061,9.3649,9.2424,0.2240,9.7314,8.7555,8.6270,0.2454
0.8760,10.0000,10.0105,9.3879,9.2669,0.2228,9.7373,8.7809,8.6527,0.2444
0.8770,10.0000,10.0147,9.4106,9.2911,0.2216,9.7430,8.8060,8.6783,0.2434
0.8780,10.0000,10.0188,9.4329,9.3150,0.2205,9.7487,8.8311,8.7039,0.2425
0.8790,10.0000,10.0227,9.4548,9.3385,0.2193,9.7542,8.8560,8.7293,0.2415
0.8800,10.0000,10.0264,9.4764,9.3618,0.2182,9.7596,8.8807,8.7546,0.2405
0.8810,10.0000,10.0300,9.4976,9.3847,0.2171,9.7650,8.9053,8.7799,0.2395
0.8820,10.0000,10.0334,9.5184,9.4073,0.2159,9.7702,8.9297,8.8049,0.2386
0.8830,10.0000,10.0367,9.5388,9.4295,0.2149,9.7753,8.9539,8.8299,0.2376
0.8840,10.0000,10.0398,9.5589,9.4514,0.2138,9.7803,8.9779,8.8547,0.2367
0.8850,10.0000,10.0427,9.5785,9.4729,0.2127,9.7852,9.0017,8.8793,0.2357
0.8860,10.0000,10.0455,9.5977,9.4940,0.2117,9.7900,9.0253,8.9038,0.2348
0.8870,10.0000,10.0480,9.6165,9.5148,0.2107,9.7947,9.0487,8.9281,0.2338
0.8880,10.0000,10.0505,9.6349,9.5351,0.2097,9.7993,9.0719,8.9522,0.2329
0.8890,10.0000,10.0527,9.6529,9.5551,0.2087,9.8037,9.0948,8.9762,0.2320
0.8900,10.0000,10.0548,9.6704,9.5746,0.2077,9.8080,9.1175,8.9999,0.2311
0.8910,10.0000,10.0568,9.6875,9.5938,0.2068,9.8123,9.1399,9.0234,0.2302
0.8920,10.0000,10.0585,9.7042,9.6125,0.2059,9.8164,9.1621,9.0467,0.2293
0.8930,10.0000,10.0602,9.7204,9.6309,0.2050,9.8203,9.1840,9.0698,0.2284
0.8940,10.0000,10.0616,9.7362,9.6488,0.2041,9.8242,9.2056,9.0926,0.2275
0.8950,10.0000,10.0629,9.7515,9.6663,0.2032,9.8280,9.2270,9.1152,0.2266
0.8960,10.0000,10.0640,9.7664,9.6833,0.2024,9.8316,9.2480,9.1376,0.2258
0.8970,10.0000,10.0650,9.7808,9.6999,0.2016,9.8351,9.2688,9.1596,0.2249
0.8980,10.0000,10.0658,9.7948,9.7161,0.2008,9.8385,9.2892,9.1815,0.2241
0.8990,10.0000,10.0664,9.8083,9.7319,0.2000,9.8418,9.3094,9.2030,0.2232
0.9000,10.0000,10.0669,9.8213,9.7471,0.1992,9.8449,9.3292,9.2243,0.2224
0.9010,10.0000,10.0672,9.8339,9.7620,0.1985,9.8479,9.3488,9.2453,0.2216
0.9020,10.0000,10.0674,9.8461,9.7764,0.1978,9.8508,9.3680,9.2660,0.2208
0.9030,10.0000,10.0674,9.8577,9.7903,0.1971,9.8536,9.3868,9.2864,0.2200
0.9040,10.0000,10.0673,9.8689,9.8038,0.1964,9.8563,9.4053,9.3065,0.2192
0.9050,10.0000,10.0670,9.8796,9.8168,0.1958,9.8588,9.4235,9.3262,0.2184
0.9060,10.0000,10.0665,9.8899,9.8294,0.1952,9.8612,9.4414,9.3457,0.2177
0.9070,10.0000,10.0659,9.8997,9.8415,0.1946,9.8635,9.4588,9.3648,0.2169
0.9080,10.0000,10.0652,9.9090,9.8531,0.1940,9.8657,9.4760,9.3836,0.2162
0.9090,10.0000,10.0643,9.9179,9.8643,0.1935,9.8677,9.4927,9.4021,0.2155
0.9100,10.0000,10.0633,9.9263,9.8750,0.1929,9.8697,9.5091,9.4202,0.2148
0.9110,10.0000,10.0621,9.9342,9.8853,0.1924,9.8715,9.5251,9.4380,0.2141
0.9120,10.0000,10.0608,9.9417,9.8951,0.1919,9.8732,9.5408,9.4554,0.2134
0.9130,10.0000,10.0593,9.9487,9.9044,0.1915,9.8747,9.5561,9.4725,0.2127
0.9140,10.0000,10.0577,9.9553,9.9132,0.1910,9.8762,9.5710,9.4892,0.2121
0.9150,10.0000,10.0560,9.9614,9.9216,0.1906,9.8775,9.5855,9.5056,0.2114
0.9160,10.0000,10.0541,9.9670,9.9296,0.1902,9.8787,9.5996,9.5215,0.2108
0.9170,10.0000,10.0521,9.9722,9.9371,0.1898,9.8798,9.6133,9.5371,0.2102
0.9180,10.0000,10.0500,9.9769,9.9441,0.1895,9.8808,9.6267,9.5524,0.2096
0.9190,10.0000,10.0477,9.9812,9.9507,0.1892,9.8816,9.6396,9.5672,0.2090
0.9200,10.0000,10.0454,9.9851,9.9568,0.1889,9.8824,9.6521,9.5817,0.2085
0.9210,10.0000,10.0428,9.9885,9.9624,0.1886,9.8830,9.6643,9.5958,0.2079
0.9220,10.0000,10.0402,9.9915,9.9676,0.1883,9.8835,9.6761,9.6095,0.2074
0.9230,10.0000,10.0375,9.9940,9.9724,0.1881,9.8839,9.6874,9.6228,0.2069
0.9240,10.0000,10.0346,9.9961,9.9767,0.1879,9.8841,9.6983,9.6357,0.2064
0.9250,10.0000,10.0316,9.9978,9.9806,0.1877,9.8843,9.7089,9.6483,0.2059
0.9260,10.0000,10.0285,9.9990,9.9840,0.1875,9.8844,9.7190,9.6604,0.2054
0.9270,10.0000,10.0253,9.9999,9.9870,0.1874,9.8843,9.7288,9.6721,0.2049
0.9280,10.0000,10.0220,10.0003,9.9896,0.1872,9.8841,9.7381,9.6834,0.2045
0.9290,10.0000,10.0186,10.0003,9.9917,0.1871,9.8839,9.7470,9.6944,0.2041
0.9300,10.0000,10.0150,9.9999,9.9934,0.1870,9.8835,9.7555,9.7049,0.2036
0.9310,10.0000,10.0114,9.9991,9.9947,0.1870,9.8830,9.7637,9.7150,0.2033
0.9320,10.0000,10.0077,9.9979,9.9956,0.1869,9.8824,9.7714,9.7248,0.2029
0.9330,10.0000,10.0038,9.9963,9.9961,0.1869,9.8817,9.7787,9.7341,0.2025
0.9340,10.0000,9.9999,9.9943,9.9961,0.1869,9.8809,9.7856,9.7430,0.2022
0.9350,10.0000,9.9959,9.9920,9.9958,0.1869,9.8800,9.7921,9.7515,0.2018
0.9360,10.0000,9.9918,9.9892,9.9950,0.1870,9.8790,9.7982,9.7596,0.2015
0.9370,10.0000,9.9876,9.9861,9.9938,0.1870,9.8779,9.8038,9.7673,0.2012
0.9380,10.0000,9.9834,9.9826,9.9923,0.1871,9.8767,9.8091,9.7746,0.2009
0.9390,10.0000,9.9790,9.9788,9.9904,0.1872,9.8754,9.8140,9.7815,0.2007
0.9400,10.0000,9.9746,9.9746,9.9880,0.1873,9.8740,9.8185,9.7880,0.2004
0.9410,10.0000,9.9701,9.9701,9.9854,0.1875,9.8725,9.8226,9.7941,0.2002
0.9420,10.0000,9.9655,9.9655,9.9823,0.1876,9.8710,9.8264,9.7998,0.1999
0.9430,10.0000,9.9609,9.9609,9.9789,0.1878,9.8693,9.8297,9.8051,0.1997
0.9440,10.0000,9.9561,9.9561,9.9753,0.1880,9.8675,9.8326,9.8100,0.1995
0.9450,10.0000,9.9514,9.9514,9.9715,0.1881,9.8657,9.8352,9.8146,0.1994
0.9460,10.0000,9.9465,9.9465,9.9675,0.1883,9.8638,9.8373,9.8187,0.1992
0.9470,10.0000,9.9416,9.9416,9.9633,0.1886,9.8618,9.8391,9.8224,0.1991
0.9480,10.0000,9.9367,9.9367,9.9589,0.1888,9.8597,9.8405,9.8257,0.1989
0.9490,10.0000,9.9316,9.9316,9.9545,0.1890,9.8575,9.8415,9.8287,0.1988
0.9500,10.0000,9.9266,9.9266,9.9499,0.1892,9.8553,9.8422,9.8313,0.1987
0.9510,10.0000,9.9215,9.9215,9.9453,0.1895,9.8530,9.8425,9.8334,0.1987
0.9520,10.0000,9.9163,9.9163,9.9405,0.1897,9.8506,9.8424,9.8352,0.1986
0.9530,10.0000,9.9111,9.9111,9.9357,0.1900,9.8481,9.8419,9.8367,0.1985
0.9540,10.0000,9.9058,9.9058,9.9307,0.1902,9.8456,9.8411,9.8377,0.1985
0.9550,10.0000,9.9006,9.9006,9.9258,0.1905,9.8430,9.8400,9.8384,0.1985
0.9560,10.0000,9.8952,9.8952,9.9207,0.1907,9.8403,9.8384,9.8387,0.1985
0.9570,10.0000,9.8899,9.8899,9.9156,0.1910,9.8375,9.8366,9.8387,0.1985
0.9580,10.0000,9.8845,9.8845,9.9105,0.1912,9.8347,9.8344,9.8382,0.1985
0.9590,10.0000,9.8790,9.8790,9.9053,0.1915,9.8319,9.8318,9.8375,0.1985
0.9600,10.0000,9.8736,9.8736,9.9000,0.1918,9.8289,9.8289,9.8363,0.1986
0.9610,10.0000,9.8681,9.8681,9.8947,0.1920,9.8260,9.8260,9.8349,0.1987
0.9620,10.0000,9.8626,9.8626,9.8894,0.1923,9.8229,9.8229,9.8331,0.1987
0.9630,10.0000,9.8570,9.8570,9.8840,0.1926,9.8198,9.8198,9.8311,0.1988
0.9640,10.0000,9.8515,9.8515,9.8786,0.1928,9.8167,9.8167,9.8288,0.1989
0.9650,10.0000,9.8459,9.8459,9.8732,0.1931,9.8135,9.8135,9.8264,0.1990
0.9660,10.0000,9.8403,9.8403,9.8678,0.1934,9.8102,9.8102,9.8238,0.1991
0.9670,10.0000,9.8347,9.8347,9.8623,0.1937,9.8070,9.8070,9.8211,0.1993
0.9680,10.0000,9.8291,9.8291,9.8568,0.1940,9.8036,9.8036,9.8183,0.1994
0.9690,10.0000,9.8235,9.8235,9.8512,0.1942,9.8002,9.8002,9.8153,0.1995
0.9700,10.0000,9.8179,9.8179,9.8457,0.1945,9.7968,9.7968,9.8123,0.1996
0.9710,10.0000,9.8122,9.8122,9.8401,0.1948,9.7934,9.7934,9.8092,0.1998
0.9720,10.0000,9.8066,9.8066,9.8345,0.1951,9.7899,9.7899,9.8061,0.1999
0.9730,10.0000,9.8009,9.8009,9.8289,0.1954,9.7863,9.7863,9.8028,0.2000
0.9740,10.0000,9.7953,9.7953,9.8233,0.1957,9.7828,9.7828,9.7995,0.2002
0.9750,10.0000,9.7896,9.7896,9.8177,0.1959,9.7792,9.7792,9.7962,0.2003
0.9760,10.0000,9.7840,9.7840,9.8121,0.1962,9.7756,9.7756,9.7928,0.2005
0.9770,10.0000,9.7783,9.7783,9.8065,0.1965,9.7719,9.7719,9.7893,0.2006
0.9780,10.0000,9.7727,9.7727,9.8008,0.1968,9.7682,9.7682,9.7858,0.2008
0.9790,10.0000,9.7670,9.7670,9.7952,0.1971,9.7645,9.7645,9.7823,0.2009
0.9800,10.0000,9.7614,9.7614,9.7896,0.1974,9.7608,9.7608,9.7788,0.2011
0.9810,10.0000,9.7558,9.7558,9.7839,0.1977,9.7570,9.7570,9.7752,0.2012
0.9820,10.0000,9.7502,9.7502,9.7783,0.1980,9.7533,9.7533,9.7715,0.2014
0.9830,10.0000,9.7446,9.7446,9.7727,0.1983,9.7495,9.7495,9.7679,0.2015
0.9840,10.0000,9.7390,9.7390,9.7671,0.1986,9.7456,9.7456,9.7642,0.2017
0.9850,10.0000,9.7334,9.7334,9.7615,0.1988,9.7418,9.7418,9.7605,0.2018
0.9860,10.0000,9.7279,9.7279,9.7558,0.1991,9.7380,9.7380,9.7568,0.2020
0.9870,10.0000,9.7223,9.7223,9.7503,0.1994,9.7341,9.7341,9.7530,0.2022
0.9880,10.0000,9.7168,9.7168,9.7447,0.1997,9.7302,9.7302,9.7492,0.2023
0.9890,10.0000,9.7113,9.7113,9.7391,0.2000,9.7264,9.7264,9.7454,0.2025
0.9900,10.0000,9.7058,9.7058,9.7335,0.2003,9.7225,9.7225,9.7416,0.2027
0.9910,10.0000,9.7004,9.7004,9.7280,0.2006,9.7186,9.7186,9.7378,0.2028
0.9920,10.0000,9.6950,9.6950,9.7225,0.2009,9.7147,9.7147,9.7339,0.2030
0.9930,10.0000,9.6896,9.6896,9.7170,0.2011,9.7107,9.7107,9.7301,0.2031
0.9940,10.0000,9.6842,9.6842,9.7115,0.2014,9.7068,9.7068,9.7262,0.2033
0.9950,10.0000,9.6788,9.6788,9.7060,0.2017,9.7029,9.7029,9.7223,0.2035
0.9960,10.0000,9.6735,9.6735,9.7006,0.2020,9.6990,9.6990,9.7185,0.2036
0.9970,10.0000,9.6682,9.6682,9.6952,0.2023,9.6951,9.6951,9.7146,0.2038
0.9980,10.0000,9.6629,9.6629,9.6898,0.2026,9.6911,9.6911,9.7107,0.2040
0.9990,10.0000,9.6577,9.6577,9.6844,0.2028,9.6872,9.6872,9.7068,0.2042
1.0000,10.0000,9.6525,9.6525,9.6791,0.2031,9.6833,9.6833,9.7028,0.2043
1.0010,10.0000,9.6473,9.6473,9.6738,0.2034,9.6794,9.6794,9.6989,0.2045
1.0020,10.0000,9.6422,9.6422,9.6685,0.2037,9.6755,9.6755,9.6950,0.2047
1.0030,10.0000,9.6371,9.6371,9.6632,0.2040,9.6716,9.6716,9.6911,0.2048
1.0040,10.0000,9.6320,9.6320,9.6580,0.2042,9.6677,9.6677,9.6872,0.2050
1.0050,10.0000,9.6270,9.6270,9.6528,0.2045,9.6638,9.6638,9.6833,0.2052
1.0060,10.0000,9.6220,9.6220,9.6477,0.2048,9.6599,9.6599,9.6794,0.2053
1.0070,10.0000,9.6171,9.6171,9.6425,0.2050,9.6560,9.6560,9.6755,0.2055
1.0080,10.0000,9.6122,9.6122,9.6374,0.2053,9.6521,9.6521,9.6716,0.2057
1.0090,10.0000,9.6073,9.6073,9.6324,0.2056,9.6483,9.6483,9.6677,0.2058
1.0100,10.0000,9.6025,9.6025,9.6274,0.2058,9.6444,9.6444,9.6638,0.2060
1.0110,10.0000,9.5977,9.5977,9.6224,0.2061,9.6406,9.6406,9.6599,0.2062
1.0120,10.0000,9.5929,9.5929,9.6174,0.2064,9.6368,9.6368,9.6561,0.2064
1.0130,10.0000,9.5882,9.5882,9.6125,0.2066,9.6330,9.6330,9.6522,0.2065
1.0140,10.0000,9.5835,9.5835,9.6077,0.2069,9.6292,9.6292,9.6484,0.2067
1.0150,10.0000,9.5789,9.5789,9.6028,0.2071,9.6255,9.6255,9.6445,0.2069
1.0160,10.0000,9.5743,9.5743,9.5981,0.2074,9.6217,9.6217,9.6407,0.2070
1.0170,10.0000,9.5698,9.5698,9.5933,0.2076,9.6180,9.6180,9.6369,0.2072
1.0180,10.0000,9.5653,9.5653,9.5886,0.2079,9.6143,9.6143,9.6331,0.2074
1.0190,10.0000,9.5609,9.5609,9.5840,0.2081,9.6106,9.6106,9.6294,0.2075
1.0200,10.0000,9.5565,9.5565,9.5793,0.2084,9.6069,9.6069,9.6256,0.2077
1.0210,10.0000,9.5522,9.5522,9.5748,0.2086,9.6032,9.6032,9.6219,0.2079
1.0220,10.0000,9.5479,9.5479,9.5703,0.2089,9.5996,9.5996,9.6181,0.2080
1.0230,10.0000,9.5436,9.5436,9.5658,0.2091,9.5960,9.5960,9.6144,0.2082
1.0240,10.0000,9.5394,9.5394,9.5613,0.2094,9.5924,9.5924,9.6107,0.2084
1.0250,10.0000,9.5353,9.5353,9.5570,0.2096,9.5889,9.5889,9.6071,0.2085
1.0260,10.0000,9.5311,9.5311,9.5526,0.2098,9.5853,9.5853,9.6034,0.2087
1.0270,10.0000,9.5271,9.5271,9.5483,0.2101,9.5818,9.5818,9.5998,0.2088
1.0280,10.0000,9.5231,9.5231,9.5441,0.2103,9.5783,9.5783,9.5962,0.2090
1.0290,10.0000,9.5191,9.5191,9.5399,0.2105,9.5749,9.5749,9.5926,0.2092
1.0300,10.0000,9.5152,9.5152,9.5357,0.2107,9.5714,9.5714,9.5891,0.2093
1.0310,10.0000,9.5114,9.5114,9.5316,0.2110,9.5680,9.5680,9.5856,0.2095
1.0320,10.0000,9.5076,9.5076,9.5276,0.2112,9.5647,9.5647,9.5821,0.2096
1.0330,10.0000,9.5038,9.5038,9.5236,0.2114,9.5613,9.5613,9.5786,0.2098
1.0340,10.0000,9.5001,9.5001,9.5196,0.2116,9.5580,9.5580,9.5751,0.2099
1.0350,10.0000,9.4965,9.4965,9.5157,0.2118,9.5547,9.5547,9.5717,0.2101
1.0360,10.0000,9.4929,9.4929,9.5119,0.2120,9.5514,9.5514,9.5683,0.2103
1.0370,10.0000,9.4894,9.4894,9.5081,0.2123,9.5482,9.5482,9.5649,0.2104
1.0380,10.0000,9.4859,9.4859,9.5043,0.2125,9.5450,9.5450,9.5616,0.2106
1.0390,10.0000,9.4824,9.4824,9.5006,0.2127,9.5418,9.5418,9.5583,0.2107
1.0400,10.0000,9.4791,9.4791,9.4970,0.2129,9.5387,9.5387,9.5550,0.2109
1.0410,10.0000,9.4757,9.4757,9.4934,0.2131,9.5356,9.5356,9.5517,0.2110
1.0420,10.0000,9.4725,9.4725,9.4899,0.2133,9.5325,9.5325,9.5485,0.2112
1.0430,10.0000,9.4692,9.4692,9.4864,0.2135,9.5295,9.5295,9.5453,0.2113
1.0440,10.0000,9.4661,9.4661,9.4830,0.2136,9.5265,9.5265,9.5421,0.2114
1.0450,10.0000,9.4630,9.4630,9.4796,0.2138,9.5235,9.5235,9.5390,0.2116
1.0460,10.0000,9.4599,9.4599,9.4763,0.2140,9.5205,9.5205,9.5359,0.2117
1.0470,10.0000,9.4569,9.4569,9.4730,0.2142,9.5176,9.5176,9.5328,0.2119
1.0480,10.0000,9.4540,9.4540,9.4698,0.2144,9.5148,9.5148,9.5298,0.2120
1.0490,10.0000,9.4511,9.4511,9.4666,0.2146,9.5119,9.5119,9.5268,0.2122
1.0500,10.0000,9.4482,9.4482,9.4635,0.2147,9.5091,9.5091,9.5238,0.2123
1.0510,10.0000,9.4454,9.4454,9.4604,0.2149,9.5064,9.5064,9.5209,0.2124
1.0520,10.0000,9.4427,9.4427,9.4574,0.2151,9.5036,9.5036,9.5180,0.2126
1.0530,10.0000,9.4400,9.4400,9.4545,0.2152,9.5009,9.5009,9.5151,0.2127
1.0540,10.0000,9.4374,9.4374,9.4516,0.2154,9.4983,9.4983,9.5123,0.2128
1.0550,10.0000,9.4348,9.4348,9.4488,0.2156,9.4956,9.4956,9.5095,0.2130
1.0560,10.0000,9.4323,9.4323,9.4460,0.2157,9.4931,9.4931,9.5067,0.2131
1.0570,10.0000,9.4299,9.4299,9.4432,0.2159,9.4905,9.4905,9.5040,0.2132
1.0580,10.0000,9.4275,9.4275,9.4406,0.2161,9.4880,9.4880,9.5013,0.2134
1.0590,10.0000,9.4251,9.4251,9.4379,0.2162,9.4855,9.4855,9.4986,0.2135
1.0600,10.0000,9.4228,9.4228,9.4354,0.2164,9.4831,9.4831,9.4960,0.2136
1.0610,10.0000,9.4206,9.4206,9.4329,0.2165,9.4807,9.4807,9.4934,0.2137
1.0620,10.0000,9.4184,9.4184,9.4304,0.2166,9.4783,9.4783,9.4909,0.2139
1.0630,10.0000,9.4162,9.4162,9.4280,0.2168,9.4760,9.4760,9.4884,0.2140
1.0640,10.0000,9.4142,9.4142,9.4256,0.2169,9.4737,9.4737,9.4859,0.2141
1.0650,10.0000,9.4121,9.4121,9.4233,0.2171,9.4714,9.4714,9.4834,0.2142
1.0660,10.0000,9.4102,9.4102,9.4211,0.2172,9.4692,9.4692,9.4810,0.2143
1.0670,10.0000,9.4082,9.4082,9.4189,0.2173,9.4671,9.4671,9.4787,0.2144
1.0680,10.0000,9.4064,9.4064,9.4168,0.2175,9.4649,9.4649,9.4764,0.2146
1.0690,10.0000,9.4045,9.4045,9.4147,0.2176,9.4628,9.4628,9.4741,0.2147
1.0700,10.0000,9.4028,9.4028,9.4127,0.2177,9.4608,9.4608,9.4718,0.2148
1.0710,10.0000,9.4011,9.4011,9.4107,0.2178,9.4587,9.4587,9.4696,0.2149
1.0720,10.0000,9.3994,9.3994,9.4088,0.2180,9.4568,9.4568,9.4674,0.2150
1.0730,10.0000,9.3978,9.3978,9.4069,0.2181,9.4548,9.4548,9.4653,0.2151
1.0740,10.0000,9.3963,9.3963,9.4051,0.2182,9.4529,9.4529,9.4632,0.2152
1.0750,10.0000,9.3948,9.3948,9.4033,0.2183,9.4511,9.4511,9.4611,0.2153
1.0760,10.0000,9.3933,9.3933,9.4016,0.2184,9.4492,9.4492,9.4591,0.2154
1.0770,10.0000,9.3919,9.3919,9.3999,0.2185,9.4474,9.4474,9.4572,0.2155
1.0780,10.0000,9.3906,9.3906,9.3983,0.2186,9.4457,9.4457,9.4552,0.2156
1.0790,10.0000,9.3893,9.3893,9.3968,0.2187,9.4440,9.4440,9.4533,0.2157
1.0800,10.0000,9.3880,9.3880,9.3953,0.2188,9.4423,9.4423,9.4514,0.2158
1.0810,10.0000,9.3868,9.3868,9.3938,0.2189,9.4407,9.4407,9.4496,0.2159
1.0820,10.0000,9.3857,9.3857,9.3924,0.2190,9.4391,9.4391,9.4478,0.2160
1.0830,10.0000,9.3846,9.3846,9.3911,0.2191,9.4376,9.4376,9.4461,0.2161
1.0840,10.0000,9.3835,9.3835,9.3898,0.2192,9.4360,9.4360,9.4444,0.2162
1.0850,10.0000,9.3825,9.3825,9.3885,0.2193,9.4346,9.4346,9.4427,0.2163
1.0860,10.0000,9.3816,9.3816,9.3873,0.2193,9.4331,9.4331,9.4411,0.2164
1.0870,10.0000,9.3807,9.3807,9.3862,0.2194,9.4317,9.4317,9.4395,0.2164
1.0880,10.0000,9.3798,9.3798,9.3851,0.2195,9.4304,9.4304,9.4379,0.2165
1.0890,10.0000,9.3790,9.3790,9.3840,0.2196,9.4291,9.4291,9.4364,0.2166
1.0900,10.0000,9.3783,9.3783,9.3830,0.2197,9.4278,9.4278,9.4350,0.2167
1.0910,10.0000,9.3776,9.3776,9.3821,0.2197,9.4265,9.4265,9.4335,0.2168
1.0920,10.0000,9.3769,9.3769,9.3812,0.2198,9.4253,9.4253,9.4321,0.2169
1.0930,10.0000,9.3763,9.3763,9.3803,0.2199,9.4242,9.4242,9.4308,0.2169
1.0940,10.0000,9.3758,9.3758,9.3795,0.2199,9.4231,9.4231,9.4295,0.2170
1.0950,10.0000,9.3752,9.3752,9.3788,0.2200,9.4220,9.4220,9.4282,0.2171
1.0960,10.0000,9.3748,9.3748,9.3781,0.2200,9.4209,9.4209,9.4269,0.2172
1.0970,10.0000,9.3743,9.3743,9.3774,0.2201,9.4199,9.4199,9.4257,0.2172
1.0980,10.0000,9.3740,9.3740,9.3768,0.2202,9.4189,9.4189,9.4246,0.2173
1.0990,10.0000,9.3736,9.3736,9.3762,0.2202,9.4180,9.4180,9.4234,0.2174
1.1000,10.0000,9.3733,9.3733,9.3757,0.2203,9.4171,9.4171,9.4224,0.2174
1.1010,10.0000,9.3731,9.3731,9.3752,0.2203,9.4163,9.4163,9.4213,0.2175
1.1020,10.0000,9.3729,9.3729,9.3748,0.2204,9.4154,9.4154,9.4203,0.2176
1.1030,10.0000,9.3727,9.3727,9.3744,0.2204,9.4147,9.4147,9.4193,0.2176
1.1040,10.0000,9.3726,9.3726,9.3741,0.2204,9.4139,9.4139,9.4184,0.2177
1.1050,10.0000,9.3725,9.3725,9.3738,0.2205,9.4132,9.4132,9.4175,0.2177
1.1060,10.0000,9.3725,9.3725,9.3735,0.2205,9.4125,9.4125,9.4166,0.2178
1.1070,10.0000,9.3725,9.3725,9.3733,0.2205,9.4119,9.4119,9.4158,0.2179
1.1080,10.0000,9.3726,9.3726,9.3732,0.2206,9.4113,9.4113,9.4150,0.2179
1.1090,10.0000,9.3727,9.3727,9.3731,0.2206,9.4108,9.4108,9.4143,0.2180
1.1100,10.0000,9.3728,9.3728,9.3730,0.2206,9.4102,9.4102,9.4136,0.2180
1.1110,10.0000,9.3730,9.3730,9.3729,0.2207,9.4097,9.4097,9.4129,0.2181
1.1120,10.0000,9.3732,9.3732,9.3730,0.2207,9.4093,9.4093,9.4123,0.2181
1.1130,10.0000,9.3735,9.3735,9.3730,0.2207,9.4089,9.4089,9.4117,0.2182
1.1140,10.0000,9.3738,9.3738,9.3731,0.2207,9.4085,9.4085,9.4111,0.2182
1.1150,10.0000,9.3741,9.3741,9.3732,0.2207,9.4082,9.4082,9.4106,0.2182
1.1160,10.0000,9.3745,9.3745,9.3734,0.2208,9.4079,9.4079,9.4101,0.2183
1.1170,10.0000,9.3749,9.3749,9.3736,0.2208,9.4076,9.4076,9.4097,0.2183
1.1180,10.0000,9.3753,9.3753,9.3739,0.2208,9.4073,9.4073,9.4092,0.2184
1.1190,10.0000,9.3758,9.3758,9.3742,0.2208,9.4071,9.4071,9.4089,0.2184
1.1200,10.0000,9.3764,9.3764,9.3745,0.2208,9.4070,9.4070,9.4085,0.2184
1.1210,10.0000,9.3769,9.3769,9.3749,0.2208,9.4068,9.4068,9.4082,0.2185
1.1220,10.0000,9.3775,9.3775,9.3753,0.2208,9.4067,9.4067,9.4079,0.2185
1.1230,10.0000,9.3782,9.3782,9.3757,0.2208,9.4067,9.4067,9.4077,0.2186
1.1240,10.0000,9.3788,9.3788,9.3762,0.2208,9.4067,9.4067,9.4075,0.2186
1.1250,10.0000,9.3795,9.3795,9.3767,0.2208,9.4067,9.4067,9.4073,0.2186
1.1260,10.0000,9.3803,9.3803,9.3773,0.2208,9.4067,9.4067,9.4072,0.2186
1.1270,10.0000,9.3810,9.3810,9.3779,0.2208,9.4068,9.4068,9.4071,0.2187
1.1280,10.0000,9.3818,9.3818,9.3785,0.2208,9.4069,9.4069,9.4070,0.2187
1.1290,10.0000,9.3827,9.3827,9.3792,0.2208,9.4070,9.4070,9.4070,0.2187
1.1300,10.0000,9.3836,9.3836,9.3799,0.2208,9.4072,9.4072,9.4070,0.2187
1.1310,10.0000,9.3845,9.3845,9.3806,0.2208,9.4074,9.4074,9.4070,0.2188
1.1320,10.0000,9.3854,9.3854,9.3814,0.2207,9.4076,9.4076,9.4071,0.2188
1.1330,10.0000,9.3864,9.3864,9.3822,0.2207,9.4079,9.4079,9.4072,0.2188
1.1340,10.0000,9.3874,9.3874,9.3830,0.2207,9.4082,9.4082,9.4073,0.2188
1.1350,10.0000,9.3884,9.3884,9.3839,0.2207,9.4085,9.4085,9.4075,0.2188
1.1360,10.0000,9.3895,9.3895,9.3848,0.2207,9.4088,9.4088,9.4077,0.2189
1.1370,10.0000,9.3906,9.3906,9.3857,0.2206,9.4092,9.4092,9.4079,0.2189
1.1380,10.0000,9.3917,9.3917,9.3867,0.2206,9.4097,9.4097,9.4082,0.2189
1.1390,10.0000,9.3929,9.3929,9.3877,0.2206,9.4101,9.4101,9.4085,0.2189
1.1400,10.0000,9.3940,9.3940,9.3887,0.2206,9.4106,9.4106,9.4088,0.2189
1.1410,10.0000,9.3952,9.3952,9.3898,0.2205,9.4111,9.4111,9.4092,0.2189
1.1420,10.0000,9.3965,9.3965,9.3909,0.2205,9.4116,9.4116,9.4096,0.2189
1.1430,10.0000,9.3977,9.3977,9.3920,0.2205,9.4122,9.4122,9.4100,0.2189
1.1440,10.0000,9.3990,9.3990,9.3932,0.2204,9.4128,9.4128,9.4104,0.2189
1.1450,10.0000,9.4004,9.4004,9.3943,0.2204,9.4134,9.4134,9.4109,0.2189
1.1460,10.0000,9.4017,9.4017,9.3955,0.2204,9.4141,9.4141,9.4114,0.2189
1.1470,10.0000,9.4031,9.4031,9.3968,0.2203,9.4148,9.4148,9.4119,0.2189
1.1480,10.0000,9.4045,9.4045,9.3980,0.2203,9.4155,9.4155,9.4125,0.2189
1.1490,10.0000,9.4059,9.4059,9.3993,0.2202,9.4162,9.4162,9.4131,0.2189
1.1500,10.0000,9.4073,9.4073,9.4006,0.2202,9.4170,9.4170,9.4137,0.2189
1.1510,10.0000,9.4088,9.4088,9.4020,0.2202,9.4178,9.4178,9.4144,0.2189
1.1520,10.0000,9.4103,9.4103,9.4033,0.2201,9.4186,9.4186,9.4151,0.2189
1.1530,10.0000,9.4118,9.4118,9.4047,0.2201,9.4195,9.4195,9.4158,0.2189
1.1540,10.0000,9.4134,9.4134,9.4062,0.2200,9.4203,9.4203,9.4165,0.2189
1.1550,10.0000,9.4149,9.4149,9.4076,0.2200,9.4212,9.4212,9.4173,0.2189
1.1560,10.0000,9.4165,9.4165,9.4091,0.2199,9.4222,9.4222,9.4181,0.2189
1.1570,10.0000,9.4181,9.4181,9.4106,0.2199,9.4231,9.4231,9.4189,0.2189
1.1580,10.0000,9.4198,9.4198,9.4121,0.2198,9.4241,9.4241,9.4197,0.2189
1.1590,10.0000,9.4214,9.4214,9.4136,0.2198,9.4251,9.4251,9.4206,0.2189
1.1600,10.0000,9.4231,9.4231,9.4152,0.2197,9.4261,9.4261,9.4215,0.2189
1.1610,10.0000,9.4248,9.4248,9.4168,0.2196,9.4272,9.4272,9.4224,0.2188
1.1620,10.0000,9.4265,9.4265,9.4184,0.2196,9.4283,9.4283,9.4234,0.2188
1.1630,10.0000,9.4282,9.4282,9.4200,0.2195,9.4294,9.4294,9.4244,0.2188
1.1640,10.0000,9.4300,9.4300,9.4216,0.2195,9.4305,9.4305,9.4254,0.2188
1.1650,10.0000,9.4318,9.4318,9.4233,0.2194,9.4316,9.4316,9.4264,0.2188
1.1660,10.0000,9.4335,9.4335,9.4250,0.2193,9.4328,9.4328,9.4274,0.2187
1.1670,10.0000,9.4353,9.4353,9.4267,0.2193,9.4340,9.4340,9.4285,0.2187
1.1680,10.0000,9.4372,9.4372,9.4284,0.2192,9.4352,9.4352,9.4296,0.2187
1.1690,10.0000,9.4390,9.4390,9.4302,0.2191,9.4365,9.4365,9.4307,0.2187
1.1700,10.0000,9.4409,9.4409,9.4319,0.2191,9.4377,9.4377,9.4319,0.2187
1.1710,10.0000,9.4427,9.4427,9.4337,0.2190,9.4390,9.4390,9.4330,0.2186
1.1720,10.0000,9.4446,9.4446,9.4355,0.2189,9.4403,9.4403,9.4342,0.2186
1.1730,10.0000,9.4465,9.4465,9.4374,0.2189,9.4416,9.4416,9.4355,0.2186
1.1740,10.0000,9.4485,9.4485,9.4392,0.2188,9.4430,9.4430,9.4367,0.2186
1.1750,10.0000,9.4504,9.4504,9.4410,0.2187,9.4444,9.4444,9.4380,0.2185
1.1760,10.0000,9.4523,9.4523,9.4429,0.2187,9.4457,9.4457,9.4392,0.2185
1.1770,10.0000,9.4543,9.4543,9.4448,0.2186,9.4472,9.4472,9.4405,0.2185
1.1780,10.0000,9.4563,9.4563,9.4467,0.2185,9.4486,9.4486,9.4419,0.2184
1.1790,10.0000,9.4583,9.4583,9.4486,0.2184,9.4500,9.4500,9.4432,0.2184
1.1800,10.0000,9.4603,9.4603,9.4506,0.2184,9.4515,9.4515,9.4446,0.2184
1.1810,10.0000,9.4623,9.4623,9.4525,0.2183,9.4530,9.4530,9.4460,0.2183
1.1820,10.0000,9.4643,9.4643,9.4545,0.2182,9.4545,9.4545,9.4474,0.2183
1.1830,10.0000,9.4664,9.4664,9.4564,0.2181,9.4560,9.4560,9.4488,0.2183
1.1840,10.0000,9.4684,9.4684,9.4584,0.2181,9.4576,9.4576,9.4502,0.2182
1.1850,10.0000,9.4705,9.4705,9.4604,0.2180,9.4591,9.4591,9.4517,0.2182
1.1860,10.0000,9.4726,9.4726,9.4624,0.2179,9.4607,9.4607,9.4532,0.2182
1.1870,10.0000,9.4746,9.4746,9.4645,0.2178,9.4623,9.4623,9.4547,0.2181
1.1880,10.0000,9.4767,9.4767,9.4665,0.2177,9.4639,9.4639,9.4562,0.2181
1.1890,10.0000,9.4788,9.4788,9.4685,0.2177,9.4655,9.4655,9.4577,0.2180
1.1900,10.0000,9.4810,9.4810,9.4706,0.2176,9.4672,9.4672,9.4593,0.2180
1.1910,10.0000,9.4831,9.4831,9.4727,0.2175,9.4688,9.4688,9.4609,0.2180
1.1920,10.0000,9.4852,9.4852,9.4748,0.2174,9.4705,9.4705,9.4625,0.2179
1.1930,10.0000,9.4874,9.4874,9.4769,0.2173,9.4722,9.4722,9.4641,0.2179
1.1940,10.0000,9.4895,9.4895,9.4790,0.2172,9.4739,9.4739,9.4657,0.2178
1.1950,10.0000,9.4917,9.4917,9.4811,0.2171,9.4756,9.4756,9.4673,0.2178
1.1960,10.0000,9.4938,9.4938,9.4832,0.2171,9.4774,9.4774,9.4690,0.2177
1.1970,10.0000,9.4960,9.4960,9.4853,0.2170,9.4791,9.4791,9.4707,0.2177
1.1980,10.0000,9.4982,9.4982,9.4875,0.2169,9.4809,9.4809,9.4724,0.2176
1.1990,10.0000,9.5004,9.5004,9.4896,0.2168,9.4827,9.4827,9.4741,0.2176
1.2000,10.0000,9.5026,9.5026,9.4918,0.2167,9.4845,9.4845,9.4758,0.2175
1.2010,10.0000,9.5048,9.5048,9.4939,0.2166,9.4863,9.4863,9.4775,0.2175
1.2020,10.0000,9.5070,9.5070,9.4961,0.2165,9.4881,9.4881,9.4793,0.2174
1.2030,10.0000,9.5092,9.5092,9.4983,0.2164,9.4899,9.4899,9.4810,0.2174
1.2040,10.0000,9.5114,9.5114,9.5004,0.2164,9.4918,9.4918,9.4828,0.2173
1.2050,10.0000,9.5136,9.5136,9.5026,0.2163,9.4936,9.4936,9.4846,0.2173
1.2060,10.0000,9.5158,9.5158,9.5048,0.2162,9.4955,9.4955,9.4864,0.2172
1.2070,10.0000,9.5181,9.5181,9.5070,0.2161,9.4974,9.4974,9.4882,0.2172
1.2080,10.0000,9.5203,9.5203,9.5092,0.2160,9.4993,9.4993,9.4901,0.2171
1.2090,10.0000,9.5225,9.5225,9.5114,0.2159,9.5012,9.5012,9.4919,0.2171
1.2100,10.0000,9.5248,9.5248,9.5137,0.2158,9.5031,9.5031,9.4938,0.2170
1.2110,10.0000,9.5270,9.5270,9.5159,0.2157,9.5050,9.5050,9.4956,0.2170
1.2120,10.0000,9.5293,9.5293,9.5181,0.2156,9.5070,9.5070,9.4975,0.2169
1.2130,10.0000,9.5315,9.5315,9.5203,0.2155,9.5089,9.5089,9.4994,0.2168
1.2140,10.0000,9.5337,9.5337,9.5226,0.2154,9.5109,9.5109,9.5013,0.2168
1.2150,10.0000,9.5360,9.5360,9.5248,0.2153,9.5129,9.5129,9.5032,0.2167
1.2160,10.0000,9.5382,9.5382,9.5270,0.2153,9.5148,9.5148,9.5052,0.2167
1.2170,10.0000,9.5405,9.5405,9.5293,0.2152,9.5168,9.5168,9.5071,0.2166
1.2180,10.0000,9.5428,9.5428,9.5315,0.2151,9.5188,9.5188,9.5090,0.2166
1.2190,10.0000,9.5450,9.5450,9.5338,0.2150,9.5208,9.5208,9.5110,0.2165
1.2200,10.0000,9.5473,9.5473,9.5360,0.2149,9.5228,9.5228,9.5130,0.2164
1.2210,10.0000,9.5495,9.5495,9.5383,0.2148,9.5249,9.5249,9.5149,0.2164
1.2220,10.0000,9.5518,9.5518,9.5405,0.2147,9.5269,9.5269,9.5169,0.2163
1.2230,10.0000,9.5540,9.5540,9.5428,0.2146,9.5289,9.5289,9.5189,0.2163
1.2240,10.0000,9.5563,9.5563,9.5450,0.2145,9.5310,9.5310,9.5209,0.2162
1.2250,10.0000,9.5585,9.5585,9.5473,0.2144,9.5330,9.5330,9.5229,0.2161
1.2260,10.0000,9.5608,9.5608,9.5495,0.2143,9.5351,9.5351,9.5250,0.2161
1.2270,10.0000,9.5630,9.5630,9.5518,0.2142,9.5372,9.5372,9.5270,0.2160
1.2280,10.0000,9.5653,9.5653,9.5540,0.2141,9.5392,9.5392,9.5290,0.2159
1.2290,10.0000,9.5675,9.5675,9.5563,0.2140,9.5413,9.5413,9.5311,0.2159
1.2300,10.0000,9.5698,9.5698,9.5585,0.2139,9.5434,9.5434,9.5331,0.2158
1.2310,10.0000,9.5720,9.5720,9.5608,0.2138,9.5455,9.5455,9.5352,0.2158
1.2320,10.0000,9.5743,9.5743,9.5630,0.2137,9.5476,9.5476,9.5372,0.2157
1.2330,10.0000,9.5765,9.5765,9.5653,0.2136,9.5497,9.5497,9.5393,0.2156
1.2340,10.0000,9.5788,9.5788,9.5675,0.2135,9.5518,9.5518,9.5414,0.2156
1.2350,10.0000,9.5810,9.5810,9.5698,0.2134,9.5539,9.5539,9.5435,0.2155
1.2360,10.0000,9.5832,9.5832,9.5720,0.2133,9.5561,9.5561,9.5456,0.2154
1.2370,10.0000,9.5855,9.5855,9.5743,0.2133,9.5582,9.5582,9.5477,0.2154
1.2380,10.0000,9.5877,9.5877,9.5765,0.2132,9.5603,9.5603,9.5498,0.2153
1.2390,10.0000,9.5899,9.5899,9.5787,0.2131,9.5624,9.5624,9.5519,0.2152
1.2400,10.0000,9.5921,9.5921,9.5810,0.2130,9.5646,9.5646,9.5540,0.2152
1.2410,10.0000,9.5943,9.5943,9.5832,0.2129,9.5667,9.5667,9.5561,0.2151
1.2420,10.0000,9.5965,9.5965,9.5854,0.2128,9.5689,9.5689,9.5582,0.2150
1.2430,10.0000,9.5987,9.5987,9.5877,0.2127,9.5710,9.5710,9.5604,0.2150
1.2440,10.0000,9.6009,9.6009,9.5899,0.2126,9.5732,9.5732,9.5625,0.2149
1.2450,10.0000,9.6031,9.6031,9.5921,0.2125,9.5753,9.5753,9.5646,0.2148
1.2460,10.0000,9.6053,9.6053,9.5943,0.2124,9.5775,9.5775,9.5668,0.2147
1.2470,10.0000,9.6075,9.6075,9.5965,0.2123,9.5796,9.5796,9.5689,0.2147
1.2480,10.0000,9.6097,9.6097,9.5987,0.2122,9.5818,9.5818,9.5711,0.2146
1.2490,10.0000,9.6119,9.6119,9.6009,0.2121,9.5840,9.5840,9.5732,0.2145
1.2500,10.0000,9.6140,9.6140,9.6031,0.2120,9.5861,9.5861,9.5754,0.2145
1.2510,10.0000,9.6162,9.6162,9.6053,0.2119,9.5883,9.5883,9.5775,0.2144
1.2520,10.0000,9.6183,9.6183,9.6075,0.2118,9.5905,9.5905,9.5797,0.2143
1.2530,10.0000,9.6205,9.6205,9.6096,0.2117,9.5926,9.5926,9.5818,0.2143
1.2540,10.0000,9.6226,9.6226,9.6118,0.2116,9.5948,9.5948,9.5840,0.2142
1.2550,10.0000,9.6248,9.6248,9.6140,0.2115,9.5970,9.5970,9.5861,0.2141
1.2560,10.0000,9.6269,9.6269,9.6161,0.2115,9.5991,9.5991,9.5883,0.2140
1.2570,10.0000,9.6290,9.6290,9.6183,0.2114,9.6013,9.6013,9.5905,0.2140
1.2580,10.0000,9.6311,9.6311,9.6204,0.2113,9.6035,9.6035,9.5926,0.2139
1.2590,10.0000,9.6332,9.6332,9.6226,0.2112,9.6056,9.6056,9.5948,0.2138
1.2600,10.0000,9.6353,9.6353,9.6247,0.2111,9.6078,9.6078,9.5970,0.2138
1.2610,10.0000,9.6374,9.6374,9.6268,0.2110,9.6100,9.6100,9.5991,0.2137
1.2620,10.0000,9.6395,9.6395,9.6290,0.2109,9.6122,9.6122,9.6013,0.2136
1.2630,10.0000,9.6416,9.6416,9.6311,0.2108,9.6143,9.6143,9.6035,0.2135
1.2640,10.0000,9.6437,9.6437,9.6332,0.2107,9.6165,9.6165,9.6056,0.2135
1.2650,10.0000,9.6457,9.6457,9.6353,0.2106,9.6187,9.6187,9.6078,0.2134
1.2660,10.0000,9.6478,9.6478,9.6374,0.2105,9.6208,9.6208,9.6100,0.2133
1.2670,10.0000,9.6498,9.6498,9.6394,0.2104,9.6230,9.6230,9.6122,0.2133
1.2680,10.0000,9.6518,9.6518,9.6415,0.2104,9.6252,9.6252,9.6143,0.2132
1.2690,10.0000,9.6539,9.6539,9.6436,0.2103,9.6273,9.6273,9.6165,0.2131
1.2700,10.0000,9.6559,9.6559,9.6456,0.2102,9.6295,9.6295,9.6187,0.2130
1.2710,10.0000,9.6579,9.6579,9.6477,0.2101,9.6316,9.6316,9.6208,0.2130
1.2720,10.0000,9.6599,9.6599,9.6497,0.2100,9.6338,9.6338,9.6230,0.2129
1.2730,10.0000,9.6619,9.6619,9.6518,0.2099,9.6359,9.6359,9.6251,0.2128
1.2740,10.0000,9.6639,9.6639,9.6538,0.2098,9.6381,9.6381,9.6273,0.2128
1.2750,10.0000,9.6658,9.6658,9.6558,0.2097,9.6402,9.6402,9.6295,0.2127
1.2760,10.0000,9.6678,9.6678,9.6578,0.2096,9.6424,9.6424,9.6316,0.2126
1.2770,10.0000,9.6698,9.6698,9.6598,0.2096,9.6445,9.6445,9.6338,0.2125
1.2780,10.0000,9.6717,9.6717,9.6618,0.2095,9.6467,9.6467,9.6359,0.2125
1.2790,10.0000,9.6736,9.6736,9.6638,0.2094,9.6488,9.6488,9.6381,0.2124
1.2800,10.0000,9.6756,9.6756,9.6658,0.2093,9.6509,9.6509,9.6402,0.2123
1.2810,10.0000,9.6775,9.6775,9.6677,0.2092,9.6531,9.6531,9.6424,0.2122
1.2820,10.0000,9.6794,9.6794,9.6697,0.2091,9.6552,9.6552,9.6445,0.2122
1.2830,10.0000,9.6813,9.6813,9.6716,0.2090,9.6573,9.6573,9.6466,0.2121
1.2840,10.0000,9.6832,9.6832,9.6735,0.2090,9.6594,9.6594,9.6488,0.2120
1.2850,10.0000,9.6850,9.6850,9.6755,0.2089,9.6615,9.6615,9.6509,0.2120
1.2860,10.0000,9.6869,9.6869,9.6774,0.2088,9.6636,9.6636,9.6530,0.2119
1.2870,10.0000,9.6887,9.6887,9.6793,0.2087,9.6657,9.6657,9.6551,0.2118
1.2880,10.0000,9.6906,9.6906,9.6812,0.2086,9.6678,9.6678,9.6573,0.2117
1.2890,10.0000,9.6924,9.6924,9.6831,0.2086,9.6699,9.6699,9.6594,0.2117
1.2900,10.0000,9.6942,9.6942,9.6849,0.2085,9.6720,9.6720,9.6615,0.2116
1.2910,10.0000,9.6960,9.6960,9.6868,0.2084,9.6741,9.6741,9.6636,0.2115
1.2920,10.0000,9.6978,9.6978,9.6886,0.2083,9.6762,9.6762,9.6657,0.2115
1.2930,10.0000,9.6996,9.6996,9.6905,0.2082,9.6782,9.6782,9.6678,0.2114
1.2940,10.0000,9.7014,9.7014,9.6923,0.2081,9.6803,9.6803,9.6699,0.2113
1.2950,10.0000,9.7032,9.7032,9.6941,0.2081,9.6824,9.6824,9.6720,0.2112
1.2960,10.0000,9.7049,9.7049,9.6959,0.2080,9.6844,9.6844,9.6740,0.2112
1.2970,10.0000,9.7067,9.7067,9.6977,0.2079,9.6865,9.6865,9.6761,0.2111
1.2980,10.0000,9.7084,9.7084,9.6995,0.2078,9.6885,9.6885,9.6782,0.2110
1.2990,10.0000,9.7101,9.7101,9.7013,0.2078,9.6905,9.6905,9.6802,0.2110
1.3000,10.0000,9.7118,9.7118,9.7031,0.2077,9.6926,9.6926,9.6823,0.2109
1.3010,10.0000,9.7135,9.7135,9.7048,0.2076,9.6946,9.6946,9.6844,0.2108
1.3020,10.0000,9.7152,9.7152,9.7066,0.2075,9.6966,9.6966,9.6864,0.2108
1.3030,10.0000,9.7169,9.7169,9.7083,0.2075,9.6986,9.6986,9.6884,0.2107
1.3040,10.0000,9.7186,9.7186,9.7100,0.2074,9.7006,9.7006,9.6905,0.2106
1.3050,10.0000,9.7202,9.7202,9.7117,0.2073,9.7026,9.7026,9.6925,0.2105
1.3060,10.0000,9.7219,9.7219,9.7134,0.2072,9.7046,9.7046,9.6945,0.2105
1.3070,10.0000,9.7235,9.7235,9.7151,0.2072,9.7066,9.7066,9.6965,0.2104
1.3080,10.0000,9.7251,9.7251,9.7168,0.2071,9.7085,9.7085,9.6985,0.2103
1.3090,10.0000,9.7267,9.7267,9.7185,0.2070,9.7105,9.7105,9.7005,0.2103
1.3100,10.0000,9.7283,9.7283,9.7201,0.2069,9.7125,9.7125,9.7025,0.2102
1.3110,10.0000,9.7299,9.7299,9.7218,0.2069,9.7144,9.7144,9.7045,0.2101
1.3120,10.0000,9.7315,9.7315,9.7234,0.2068,9.7164,9.7164,9.7065,0.2101
1.3130,10.0000,9.7330,9.7330,9.7250,0.2067,9.7183,9.7183,9.7085,0.2100
1.3140,10.0000,9.7346,9.7346,9.7266,0.2067,9.7202,9.7202,9.7104,0.2099
1.3150,10.0000,9.7361,9.7361,9.7282,0.2066,9.7222,9.7222,9.7124,0.2099
1.3160,10.0000,9.7377,9.7377,9.7298,0.2065,9.7241,9.7241,9.7144,0.2098
1.3170,10.0000,9.7392,9.7392,9.7314,0.2064,9.7260,9.7260,9.7163,0.2097
1.3180,10.0000,9.7407,9.7407,9.7329,0.2064,9.7279,9.7279,9.7182,0.2097
1.3190,10.0000,9.7422,9.7422,9.7345,0.2063,9.7298,9.7298,9.7202,0.2096
1.3200,10.0000,9.7436,9.7436,9.7360,0.2062,9.7316,9.7316,9.7221,0.2095
1.3210,10.0000,9.7451,9.7451,9.7375,0.2062,9.7335,9.7335,9.7240,0.2095
1.3220,10.0000,9.7466,9.7466,9.7391,0.2061,9.7354,9.7354,9.7259,0.2094
1.3230,10.0000,9.7480,9.7480,9.7406,0.2061,9.7372,9.7372,9.7278,0.2093
1.3240,10.0000,9.7494,9.7494,9.7420,0.2060,9.7391,9.7391,9.7297,0.2093
1.3250,10.0000,9.7508,9.7508,9.7435,0.2059,9.7409,9.7409,9.7316,0.2092
1.3260,10.0000,9.7522,9.7522,9.7450,0.2059,9.7427,9.7427,9.7334,0.2091
1.3270,10.0000,9.7536,9.7536,9.7464,0.2058,9.7445,9.7445,9.7353,0.2091
1.3280,10.0000,9.7550,9.7550,9.7479,0.2057,9.7464,9.7464,9.7371,0.2090
1.3290,10.0000,9.7564,9.7564,9.7493,0.2057,9.7482,9.7482,9.7390,0.2089
1.3300,10.0000,9.7577,9.7577,9.7507,0.2056,9.7499,9.7499,9.7408,0.2089
1.3310,10.0000,9.7591,9.7591,9.7521,0.2056,9.7517,9.7517,9.7426,0.2088
1.3320,10.0000,9.7604,9.7604,9.7535,0.2055,9.7535,9.7535,9.7445,0.2088
1.3330,10.0000,9.7617,9.7617,9.7549,0.2054,9.7553,9.7553,9.7463,0.2087
1.3340,10.0000,9.7631,9.7631,9.7563,0.2054,9.7570,9.7570,9.7481,0.2086
1.3350,10.0000,9.7643,9.7643,9.7576,0.2053,9.7587,9.7587,9.7499,0.2086
1.3360,10.0000,9.7656,9.7656,9.7590,0.2053,9.7605,9.7605,9.7516,0.2085
1.3370,10.0000,9.7669,9.7669,9.7603,0.2052,9.7622,9.7622,9.7534,0.2084
1.3380,10.0000,9.7682,9.7682,9.7616,0.2051,9.7639,9.7639,9.7552,0.2084
1.3390,10.0000,9.7694,9.7694,9.7629,0.2051,9.7656,9.7656,9.7569,0.2083
1.3400,10.0000,9.7706,9.7706,9.7642,0.2050,9.7673,9.7673,9.7587,0.2083
1.3410,10.0000,9.7719,9.7719,9.7655,0.2050,9.7690,9.7690,9.7604,0.2082
1.3420,10.0000,9.7731,9.7731,9.7668,0.2049,9.7707,9.7707,9.7621,0.2081
1.3430,10.0000,9.7743,9.7743,9.7680,0.2049,9.7723,9.7723,9.7638,0.2081
1.3440,10.0000,9.7755,9.7755,9.7693,0.2048,9.7740,9.7740,9.7655,0.2080
1.3450,10.0000,9.7766,9.7766,9.7705,0.2048,9.7756,9.7756,9.7672,0.2080
1.3460,10.0000,9.7778,9.7778,9.7718,0.2047,9.7773,9.7773,9.7689,0.2079
1.3470,10.0000,9.7790,9.7790,9.7730,0.2047,9.7789,9.7789,9.7706,0.2078
1.3480,10.0000,9.7801,9.7801,9.7742,0.2046,9.7805,9.7805,9.7722,0.2078
1.3490,10.0000,9.7812,9.7812,9.7754,0.2046,9.7821,9.7821,9.7739,0.2077
1.3500,10.0000,9.7823,9.7823,9.7765,0.2045,9.7837,9.7837,9.7755,0.2077
1.3510,10.0000,9.7834,9.7834,9.7777,0.2045,9.7853,9.7853,9.7772,0.2076
1.3520,10.0000,9.7845,9.7845,9.7788,0.2044,9.7868,9.7868,9.7788,0.2076
1.3530,10.0000,9.7856,9.7856,9.7800,0.2044,9.7884,9.7884,9.7804,0.2075
1.3540,10.0000,9.7867,9.7867,9.7811,0.2043,9.7900,9.7900,9.7820,0.2074
1.3550,10.0000,9.7877,9.7877,9.7822,0.2043,9.7915,9.7915,9.7836,0.2074
1.3560,10.0000,9.7888,9.7888,9.7833,0.2042,9.7930,9.7930,9.7852,0.2073
1.3570,10.0000,9.7898,9.7898,9.7844,0.2042,9.7945,9.7945,9.7867,0.2073
1.3580,10.0000,9.7908,9.7908,9.7855,0.2041,9.7960,9.7960,9.7883,0.2072
1.3590,10.0000,9.7919,9.7919,9.7866,0.2041,9.7975,9.7975,9.7899,0.2072
1.3600,10.0000,9.7928,9.7928,9.7876,0.2040,9.7990,9.7990,9.7914,0.2071
1.3610,10.0000,9.7938,9.7938,9.7887,0.2040,9.8005,9.8005,9.7929,0.2071
1.3620,10.0000,9.7948,9.7948,9.7897,0.2039,9.8020,9.8020,9.7944,0.2070
1.3630,10.0000,9.7958,9.7958,9.7907,0.2039,9.8034,9.8034,9.7959,0.2070
1.3640,10.0000,9.7967,9.7967,9.7917,0.2039,9.8049,9.8049,9.7974,0.2069
1.3650,10.0000,9.7977,9.7977,9.7927,0.2038,9.8063,9.8063,9.7989,0.2069
1.3660,10.0000,9.7986,9.7986,9.7937,0.2038,9.8077,9.8077,9.8004,0.2068
1.3670,10.0000,9.7995,9.7995,9.7947,0.2037,9.8091,9.8091,9.8019,0.2068
1.3680,10.0000,9.8004,9.8004,9.7957,0.2037,9.8105,9.8105,9.8033,0.2067
1.3690,10.0000,9.8013,9.8013,9.7966,0.2037,9.8119,9.8119,9.8047,0.2067
1.3700,10.0000,9.8022,9.8022,9.7975,0.2036,9.8133,9.8133,9.8062,0.2066
1.3710,10.0000,9.8031,9.8031,9.7985,0.2036,9.8146,9.8146,9.8076,0.2066
1.3720,10.0000,9.8039,9.8039,9.7994,0.2035,9.8160,9.8160,9.8090,0.2065
1.3730,10.0000,9.8048,9.8048,9.8003,0.2035,9.8173,9.8173,9.8104,0.2065
1.3740,10.0000,9.8056,9.8056,9.8012,0.2035,9.8186,9.8186,9.8118,0.2064
1.3750,10.0000,9.8064,9.8064,9.8021,0.2034,9.8200,9.8200,9.8131,0.2064
1.3760,10.0000,9.8072,9.8072,9.8029,0.2034,9.8213,9.8213,9.8145,0.2063
1.3770,10.0000,9.8080,9.8080,9.8038,0.2034,9.8226,9.8226,9.8159,0.2063
1.3780,10.0000,9.8088,9.8088,9.8046,0.2033,9.8238,9.8238,9.8172,0.2062
1.3790,10.0000,9.8096,9.8096,9.8055,0.2033,9.8251,9.8251,9.8185,0.2062
1.3800,10.0000,9.8104,9.8104,9.8063,0.2033,9.8264,9.8264,9.8198,0.2061
1.3810,10.0000,9.8111,9.8111,9.8071,0.2032,9.8276,9.8276,9.8211,0.2061
1.3820,10.0000,9.8119,9.8119,9.8079,0.2032,9.8289,9.8289,9.8224,0.2060
1.3830,10.0000,9.8126,9.8126,9.8087,0.2032,9.8301,9.8301,9.8237,0.2060
1.3840,10.0000,9.8133,9.8133,9.8095,0.2031,9.8313,9.8313,9.8250,0.2059
1.3850,10.0000,9.8140,9.8140,9.8103,0.2031,9.8325,9.8325,9.8263,0.2059
1.3860,10.0000,9.8147,9.8147,9.8110,0.2031,9.8337,9.8337,9.8275,0.2059
1.3870,10.0000,9.8154,9.8154,9.8118,0.2030,9.8349,9.8349,9.8287,0.2058
1.3880,10.0000,9.8161,9.8161,9.8125,0.2030,9.8360,9.8360,9.8300,0.2058
1.3890,10.0000,9.8168,9.8168,9.8132,0.2030,9.8372,9.8372,9.8312,0.2057
1.3900,10.0000,9.8175,9.8175,9.8139,0.2029,9.8383,9.8383,9.8324,0.2057
1.3910,10.0000,9.8181,9.8181,9.8146,0.2029,9.8395,9.8395,9.8336,0.2056
1.3920,10.0000,9.8187,9.8187,9.8153,0.2029,9.8406,9.8406,9.8348,0.2056
1.3930,10.0000,9.8194,9.8194,9.8160,0.2029,9.8417,9.8417,9.8359,0.2056
1.3940,10.0000,9.8200,9.8200,9.8167,0.2028,9.8428,9.8428,9.8371,0.2055
1.3950,10.0000,9.8206,9.8206,9.8173,0.2028,9.8439,9.8439,9.8382,0.2055
1.3960,10.0000,9.8212,9.8212,9.8180,0.2028,9.8450,9.8450,9.8394,0.2054
1.3970,10.0000,9.8218,9.8218,9.8186,0.2028,9.8460,9.8460,9.8405,0.2054
1.3980,10.0000,9.8223,9.8223,9.8193,0.2027,9.8471,9.8471,9.8416,0.2054
1.3990,10.0000,9.8229,9.8229,9.8199,0.2027,9.8481,9.8481,9.8427,0.2053
1.4000,10.0000,9.8235,9.8235,9.8205,0.2027,9.8492,9.8492,9.8438,0.2053
1.4010,10.0000,9.8240,9.8240,9.8211,0.2027,9.8502,9.8502,9.8448,0.2053
1.4020,10.0000,9.8245,9.8245,9.8217,0.2026,9.8512,9.8512,9.8459,0.2052
1.4030,10.0000,9.8251,9.8251,9.8222,0.2026,9.8522,9.8522,9.8470,0.2052
1.4040,10.0000,9.8256,9.8256,9.8228,0.2026,9.8532,9.8532,9.8480,0.2051
1.4050,10.0000,9.8261,9.8261,9.8234,0.2026,9.8541,9.8541,9.8490,0.2051
1.4060,10.0000,9.8266,9.8266,9.8239,0.2026,9.8551,9.8551,9.8501,0.2051
1.4070,10.0000,9.8271,9.8271,9.8244,0.2025,9.8560,9.8560,9.8511,0.2050
1.4080,10.0000,9.8275,9.8275,9.8250,0.2025,9.8570,9.8570,9.8521,0.2050
1.4090,10.0000,9.8280,9.8280,9.8255,0.2025,9.8579,9.8579,9.8530,0.2050
1.4100,10.0000,9.8284,9.8284,9.8260,0.2025,9.8588,9.8588,9.8540,0.2049
1.4110,10.0000,9.8289,9.8289,9.8265,0.2025,9.8597,9.8597,9.8550,0.2049
1.4120,10.0000,9.8293,9.8293,9.8270,0.2024,9.8606,9.8606,9.8559,0.2049
1.4130,10.0000,9.8297,9.8297,9.8274,0.2024,9.8615,9.8615,9.8569,0.2048
1.4140,10.0000,9.8302,9.8302,9.8279,0.2024,9.8623,9.8623,9.8578,0.2048
1.4150,10.0000,9.8306,9.8306,9.8283,0.2024,9.8632,9.8632,9.8587,0.2048
1.4160,10.0000,9.8310,9.8310,9.8288,0.2024,9.8640,9.8640,9.8596,0.2047
1.4170,10.0000,9.8313,9.8313,9.8292,0.2024,9.8649,9.8649,9.8605,0.2047
1.4180,10.0000,9.8317,9.8317,9.8296,0.2023,9.8657,9.8657,9.8614,0.2047
1.4190,10.0000,9.8321,9.8321,9.8301,0.2023,9.8665,9.8665,9.8622,0.2047
1.4200,10.0000,9.8324,9.8324,9.8305,0.2023,9.8673,9.8673,9.8631,0.2046
1.4210,10.0000,9.8328,9.8328,9.8309,0.2023,9.8681,9.8681,9.8639,0.2046
1.4220,10.0000,9.8331,9.8331,9.8312,0.2023,9.8689,9.8689,9.8648,0.2046
1.4230,10.0000,9.8334,9.8334,9.8316,0.2023,9.8696,9.8696,9.8656,0.2045
1.4240,10.0000,9.8338,9.8338,9.8320,0.2023,9.8704,9.8704,9.8664,0.2045
1.4250,10.0000,9.8341,9.8341,9.8323,0.2023,9.8711,9.8711,9.8672,0.2045
1.4260,10.0000,9.8344,9.8344,9.8327,0.2022,9.8719,9.8719,9.8680,0.2045
1.4270,10.0000,9.8347,9.8347,9.8330,0.2022,9.8726,9.8726,9.8688,0.2044
1.4280,10.0000,9.8349,9.8349,9.8334,0.2022,9.8733,9.8733,9.8695,0.2044
1.4290,10.0000,9.8352,9.8352,9.8337,0.2022,9.8740,9.8740,9.8703,0.2044
1.4300,10.0000,9.8355,9.8355,9.8340,0.2022,9.8747,9.8747,9.8710,0.2044
1.4310,10.0000,9.8357,9.8357,9.8343,0.2022,9.8753,9.8753,9.8718,0.2043
1.4320,10.0000,9.8360,9.8360,9.8346,0.2022,9.8760,9.8760,9.8725,0.2043
1.4330,10.0000,9.8362,9.8362,9.8349,0.2022,9.8767,9.8767,9.8732,0.2043
1.4340,10.0000,9.8364,9.8364,9.8351,0.2022,9.8773,9.8773,9.8739,0.2043
1.4350,10.0000,9.8367,9.8367,9.8354,0.2022,9.8779,9.8779,9.8746,0.2042
1.4360,10.0000,9.8369,9.8369,9.8356,0.2022,9.8785,9.8785,9.8752,0.2042
1.4370,10.0000,9.8371,9.8371,9.8359,0.2022,9.8792,9.8792,9.8759,0.2042
1.4380,10.0000,9.8373,9.8373,9.8361,0.2022,9.8797,9.8797,9.8765,0.2042
1.4390,10.0000,9.8374,9.8374,9.8364,0.2021,9.8803,9.8803,9.8772,0.2042
1.4400,10.0000,9.8376,9.8376,9.8366,0.2021,9.8809,9.8809,9.8778,0.2041
1.4410,10.0000,9.8378,9.8378,9.8368,0.2021,9.8815,9.8815,9.8784,0.2041
1.4420,10.0000,9.8379,9.8379,9.8370,0.2021,9.8820,9.8820,9.8790,0.2041
1.4430,10.0000,9.8381,9.8381,9.8372,0.2021,9.8826,9.8826,9.8796,0.2041
1.4440,10.0000,9.8382,9.8382,9.8374,0.2021,9.8831,9.8831,9.8802,0.2041
1.4450,10.0000,9.8384,9.8384,9.8375,0.2021,9.8836,9.8836,9.8808,0.2040
1.4460,10.0000,9.8385,9.8385,9.8377,0.2021,9.8841,9.8841,9.8814,0.2040
1.4470,10.0000,9.8386,9.8386,9.8379,0.2021,9.8846,9.8846,9.8819,0.2040
1.4480,10.0000,9.8387,9.8387,9.8380,0.2021,9.8851,9.8851,9.8824,0.2040
1.4490,10.0000,9.8388,9.8388,9.8382,0.2021,9.8856,9.8856,9.8830,0.2040
1.4500,10.0000,9.8389,9.8389,9.8383,0.2021,9.8860,9.8860,9.8835,0.2040
1.4510,10.0000,9.8390,9.8390,9.8384,0.2021,9.8865,9.8865,9.8840,0.2039
1.4520,10.0000,9.8391,9.8391,9.8385,0.2021,9.8869,9.8869,9.8845,0.2039
1.4530,10.0000,9.8391,9.8391,9.8386,0.2021,9.8874,9.8874,9.8850,0.2039
1.4540,10.0000,9.8392,9.8392,9.8387,0.2021,9.8878,9.8878,9.8855,0.2039
1.4550,10.0000,9.8392,9.8392,9.8388,0.2021,9.8882,9.8882,9.8859,0.2039
1.4560,10.0000,9.8393,9.8393,9.8389,0.2021,9.8886,9.8886,9.8864,0.2039
1.4570,10.0000,9.8393,9.8393,9.8390,0.2021,9.8890,9.8890,9.8868,0.2039
1.4580,10.0000,9.8393,9.8393,9.8390,0.2021,9.8893,9.8893,9.8872,0.2038
1.4590,10.0000,9.8394,9.8394,9.8391,0.2021,9.8897,9.8897,9.8877,0.2038
1.4600,10.0000,9.8394,9.8394,9.8392,0.2021,9.8901,9.8901,9.8881,0.2038
1.4610,10.0000,9.8394,9.8394,9.8392,0.2021,9.8904,9.8904,9.8885,0.2038
1.4620,10.0000,9.8394,9.8394,9.8392,0.2021,9.8907,9.8907,9.8889,0.2038
1.4630,10.0000,9.8394,9.8394,9.8393,0.2022,9.8911,9.8911,9.8892,0.2038
1.4640,10.0000,9.8393,9.8393,9.8393,0.2022,9.8914,9.8914,9.8896,0.2038
1.4650,10.0000,9.8393,9.8393,9.8393,0.2022,9.8917,9.8917,9.8900,0.2038
1.4660,10.0000,9.8393,9.8393,9.8393,0.2022,9.8920,9.8920,9.8903,0.2038
1.4670,10.0000,9.8392,9.8392,9.8393,0.2022,9.8923,9.8923,9.8906,0.2037
1.4680,10.0000,9.8392,9.8392,9.8393,0.2022,9.8925,9.8925,9.8910,0.2037
1.4690,10.0000,9.8391,9.8391,9.8393,0.2022,9.8928,9.8928,9.8913,0.2037
1.4700,10.0000,9.8390,9.8390,9.8392,0.2022,9.8930,9.8930,9.8916,0.2037
1.4710,10.0000,9.8390,9.8390,9.8392,0.2022,9.8933,9.8933,9.8919,0.2037
1.4720,10.0000,9.8389,9.8389,9.8391,0.2022,9.8935,9.8935,9.8922,0.2037
1.4730,10.0000,9.8388,9.8388,9.8391,0.2022,9.8937,9.8937,9.8924,0.2037
1.4740,10.0000,9.8387,9.8387,9.8390,0.2022,9.8939,9.8939,9.8927,0.2037
1.4750,10.0000,9.8386,9.8386,9.8390,0.2022,9.8941,9.8941,9.8929,0.2037
1.4760,10.0000,9.8385,9.8385,9.8389,0.2022,9.8943,9.8943,9.8932,0.2037
1.4770,10.0000,9.8384,9.8384,9.8388,0.2023,9.8945,9.8945,9.8934,0.2037
1.4780,10.0000,9.8382,9.8382,9.8387,0.2023,9.8947,9.8947,9.8936,0.2037
1.4790,10.0000,9.8381,9.8381,9.8386,0.2023,9.8948,9.8948,9.8938,0.2037
1.4800,10.0000,9.8380,9.8380,9.8385,0.2023,9.8950,9.8950,9.8940,0.2037
1.4810,10.0000,9.8378,9.8378,9.8384,0.2023,9.8951,9.8951,9.8942,0.2037
1.4820,10.0000,9.8377,9.8377,9.8383,0.2023,9.8953,9.8953,9.8944,0.2037
1.4830,10.0000,9.8375,9.8375,9.8382,0.2023,9.8954,9.8954,9.8946,0.2037
1.4840,10.0000,9.8373,9.8373,9.8380,0.2023,9.8955,9.8955,9.8947,0.2037
1.4850,10.0000,9.8372,9.8372,9.8379,0.2024,9.8956,9.8956,9.8949,0.2036
1.4860,10.0000,9.8370,9.8370,9.8378,0.2024,9.8957,9.8957,9.8950,0.2036
1.4870,10.0000,9.8368,9.8368,9.8376,0.2024,9.8958,9.8958,9.8952,0.2036
1.4880,10.0000,9.8366,9.8366,9.8374,0.2024,9.8958,9.8958,9.8953,0.2036
1.4890,10.0000,9.8364,9.8364,9.8373,0.2024,9.8959,9.8959,9.8954,0.2036
1.4900,10.0000,9.8362,9.8362,9.8371,0.2024,9.8959,9.8959,9.8955,0.2036
1.4910,10.0000,9.8360,9.8360,9.8369,0.2024,9.8960,9.8960,9.8956,0.2036
1.4920,10.0000,9.8358,9.8358,9.8367,0.2025,9.8960,9.8960,9.8957,0.2036
1.4930,10.0000,9.8355,9.8355,9.8365,0.2025,9.8960,9.8960,9.8957,0.2036
1.4940,10.0000,9.8353,9.8353,9.8363,0.2025,9.8960,9.8960,9.8958,0.2037
1.4950,10.0000,9.8350,9.8350,9.8361,0.2025,9.8961,9.8961,9.8958,0.2037
1.4960,10.0000,9.8348,9.8348,9.8359,0.2025,9.8960,9.8960,9.8959,0.2037
1.4970,10.0000,9.8345,9.8345,9.8357,0.2025,9.8960,9.8960,9.8959,0.2037
1.4980,10.0000,9.8343,9.8343,9.8355,0.2026,9.8960,9.8960,9.8959,0.2037
1.4990,10.0000,9.8340,9.8340,9.8352,0.2026,9.8960,9.8960,9.8960,0.2037
1.5000,10.0000,9.8337,9.8337,9.8350,0.2026,9.8959,9.8959,9.8960,0.2037
1.5010,10.0000,9.8334,9.8334,9.8347,0.2026,9.8959,9.8959,9.8959,0.2037
1.5020,10.0000,9.8332,9.8332,9.8345,0.2026,9.8958,9.8958,9.8959,0.2037
1.5030,10.0000,9.8329,9.8329,9.8342,0.2027,9.8957,9.8957,9.8959,0.2037
1.5040,10.0000,9.8326,9.8326,9.8339,0.2027,9.8956,9.8956,9.8959,0.2037
1.5050,10.0000,9.8323,9.8323,9.8337,0.2027,9.8956,9.8956,9.8958,0.2037
1.5060,10.0000,9.8319,9.8319,9.8334,0.2027,9.8955,9.8955,9.8958,0.2037
1.5070,10.0000,9.8316,9.8316,9.8331,0.2027,9.8953,9.8953,9.8957,0.2037
1.5080,10.0000,9.8313,9.8313,9.8328,0.2028,9.8952,9.8952,9.8956,0.2037
1.5090,10.0000,9.8310,9.8310,9.8325,0.2028,9.8951,9.8951,9.8956,0.2037
1.5100,10.0000,9.8306,9.8306,9.8322,0.2028,9.8950,9.8950,9.8955,0.2037
1.5110,10.0000,9.8303,9.8303,9.8319,0.2028,9.8948,9.8948,9.8954,0.2037
1.5120,10.0000,9.8299,9.8299,9.8316,0.2028,9.8947,9.8947,9.8952,0.2037
1.5130,10.0000,9.8296,9.8296,9.8312,0.2029,9.8945,9.8945,9.8951,0.2038
1.5140,10.0000,9.8292,9.8292,9.8309,0.2029,9.8943,9.8943,9.8950,0.2038
1.5150,10.0000,9.8288,9.8288,9.8306,0.2029,9.8941,9.8941,9.8949,0.2038
1.5160,10.0000,9.8284,9.8284,9.8302,0.2029,9.8939,9.8939,9.8947,0.2038
1.5170,10.0000,9.8281,9.8281,9.8299,0.2030,9.8937,9.8937,9.8946,0.2038
1.5180,10.0000,9.8277,9.8277,9.8295,0.2030,9.8935,9.8935,9.8944,0.2038
1.5190,10.0000,9.8273,9.8273,9.8291,0.2030,9.8933,9.8933,9.8942,0.2038
1.5200,10.0000,9.8269,9.8269,9.8288,0.2030,9.8931,9.8931,9.8940,0.2038
1.5210,10.0000,9.8265,9.8265,9.8284,0.2031,9.8929,9.8929,9.8939,0.2038
1.5220,10.0000,9.8261,9.8261,9.8280,0.2031,9.8926,9.8926,9.8937,0.2039
1.5230,10.0000,9.8256,9.8256,9.8276,0.2031,9.8924,9.8924,9.8934,0.2039
1.5240,10.0000,9.8252,9.8252,9.8272,0.2031,9.8921,9.8921,9.8932,0.2039
1.5250,10.0000,9.8248,9.8248,9.8268,0.2032,9.8918,9.8918,9.8930,0.2039
1.5260,10.0000,9.8243,9.8243,9.8264,0.2032,9.8915,9.8915,9.8928,0.2039
1.5270,10.0000,9.8239,9.8239,9.8260,0.2032,9.8913,9.8913,9.8925,0.2039
1.5280,10.0000,9.8235,9.8235,9.8256,0.2032,9.8910,9.8910,9.8923,0.2039
1.5290,10.0000,9.8230,9.8230,9.8251,0.2033,9.8907,9.8907,9.8920,0.2039
1.5300,10.0000,9.8225,9.8225,9.8247,0.2033,9.8903,9.8903,9.8917,0.2040
1.5310,10.0000,9.8221,9.8221,9.8243,0.2033,9.8900,9.8900,9.8915,0.2040
1.5320,10.0000,9.8216,9.8216,9.8238,0.2034,9.8897,9.8897,9.8912,0.2040
1.5330,10.0000,9.8211,9.8211,9.8234,0.2034,9.8894,9.8894,9.8909,0.2040
1.5340,10.0000,9.8206,9.8206,9.8229,0.2034,9.8890,9.8890,9.8906,0.2040
1.5350,10.0000,9.8201,9.8201,9.8225,0.2034,9.8887,9.8887,9.8903,0.2040
1.5360,10.0000,9.8197,9.8197,9.8220,0.2035,9.8883,9.8883,9.8899,0.2041
1.5370,10.0000,9.8192,9.8192,9.8215,0.2035,9.8879,9.8879,9.8896,0.2041
1.5380,10.0000,9.8186,9.8186,9.8211,0.2035,9.8875,9.8875,9.8893,0.2041
1.5390,10.0000,9.8181,9.8181,9.8206,0.2036,9.8872,9.8872,9.8889,0.2041
1.5400,10.0000,9.8176,9.8176,9.8201,0.2036,9.8868,9.8868,9.8886,0.2041
1.5410,10.0000,9.8171,9.8171,9.8196,0.2036,9.8864,9.8864,9.8882,0.2042
1.5420,10.0000,9.8166,9.8166,9.8191,0.2037,9.8859,9.8859,9.8878,0.2042
1.5430,10.0000,9.8160,9.8160,9.8186,0.2037,9.8855,9.8855,9.8875,0.2042
1.5440,10.0000,9.8155,9.8155,9.8181,0.2037,9.8851,9.8851,9.8871,0.2042
1.5450,10.0000,9.8150,9.8150,9.8176,0.2038,9.8847,9.8847,9.8867,0.2042
1.5460,10.0000,9.8144,9.8144,9.8170,0.2038,9.8842,9.8842,9.8863,0.2043
1.5470,10.0000,9.8139,9.8139,9.8165,0.2038,9.8838,9.8838,9.8859,0.2043
1.5480,10.0000,9.8133,9.8133,9.8160,0.2039,9.8833,9.8833,9.8854,0.2043
1.5490,10.0000,9.8127,9.8127,9.8154,0.2039,9.8828,9.8828,9.8850,0.2043
1.5500,10.0000,9.8122,9.8122,9.8149,0.2039,9.8824,9.8824,9.8846,0.2043
1.5510,10.0000,9.8116,9.8116,9.8144,0.2040,9.8819,9.8819,9.8841,0.2044
1.5520,10.0000,9.8110,9.8110,9.8138,0.2040,9.8814,9.8814,9.8837,0.2044
1.5530,10.0000,9.8104,9.8104,9.8132,0.2040,9.8809,9.8809,9.8832,0.2044
1.5540,10.0000,9.8098,9.8098,9.8127,0.2041,9.8804,9.8804,9.8828,0.2044
1.5550,10.0000,9.8092,9.8092,9.8121,0.2041,9.8799,9.8799,9.8823,0.2045
1.5560,10.0000,9.8086,9.8086,9.8115,0.2041,9.8794,9.8794,9.8818,0.2045
1.5570,10.0000,9.8080,9.8080,9.8109,0.2042,9.8788,9.8788,9.8813,0.2045
1.5580,10.0000,9.8074,9.8074,9.8104,0.2042,9.8783,9.8783,9.8808,0.2045
1.5590,10.0000,9.8068,9.8068,9.8098,0.2043,9.8778,9.8778,9.8803,0.2046
1.5600,10.0000,9.8062,9.8062,9.8092,0.2043,9.8772,9.8772,9.8798,0.2046
1.5610,10.0000,9.8055,9.8055,9.8086,0.2043,9.8766,9.8766,9.8793,0.2046
1.5620,10.0000,9.8049,9.8049,9.8080,0.2044,9.8761,9.8761,9.8788,0.2046
1.5630,10.0000,9.8043,9.8043,9.8073,0.2044,9.8755,9.8755,9.8782,0.2047
1.5640,10.0000,9.8036,9.8036,9.8067,0.2044,9.8749,9.8749,9.8777,0.2047
1.5650,10.0000,9.8030,9.8030,9.8061,0.2045,9.8743,9.8743,9.8771,0.2047
1.5660,10.0000,9.8023,9.8023,9.8055,0.2045,9.8737,9.8737,9.8766,0.2047
1.5670,10.0000,9.8017,9.8017,9.8048,0.2046,9.8731,9.8731,9.8760,0.2048
1.5680,10.0000,9.8010,9.8010,9.8042,0.2046,9.8725,9.8725,9.8754,0.2048
1.5690,10.0000,9.8003,9.8003,9.8036,0.2046,9.8719,9.8719,9.8749,0.2048
1.5700,10.0000,9.7996,9.7996,9.8029,0.2047,9.8713,9.8713,9.8743,0.2048
1.5710,10.0000,9.7990,9.7990,9.8023,0.2047,9.8707,9.8707,9.8737,0.2049
1.5720,10.0000,9.7983,9.7983,9.8016,0.2048,9.8700,9.8700,9.8731,0.2049
1.5730,10.0000,9.7976,9.7976,9.8009,0.2048,9.8694,9.8694,9.8725,0.2049
1.5740,10.0000,9.7969,9.7969,9.8003,0.2048,9.8687,9.8687,9.8718,0.2050
1.5750,10.0000,9.7962,9.7962,9.7996,0.2049,9.8681,9.8681,9.8712,0.2050
1.5760,10.0000,9.7955,9.7955,9.7989,0.2049,9.8674,9.8674,9.8706,0.2050
1.5770,10.0000,9.7948,9.7948,9.7982,0.2050,9.8667,9.8667,9.8699,0.2051
1.5780,10.0000,9.7941,9.7941,9.7975,0.2050,9.8660,9.8660,9.8693,0.2051
1.5790,10.0000,9.7934,9.7934,9.7969,0.2050,9.8654,9.8654,9.8687,0.2051
1.5800,10.0000,9.7926,9.7926,9.7962,0.2051,9.8647,9.8647,9.8680,0.2052
1.5810,10.0000,9.7919,9.7919,9.7955,0.2051,9.8640,9.8640,9.8673,0.2052
1.5820,10.0000,9.7912,9.7912,9.7947,0.2052,9.8633,9.8633,9.8667,0.2052
1.5830,10.0000,9.7904,9.7904,9.7940,0.2052,9.8625,9.8625,9.8660,0.2052
1.5840,10.0000,9.7897,9.7897,9.7933,0.2053,9.8618,9.8618,9.8653,0.2053
1.5850,10.0000,9.7890,9.7890,9.7926,0.2053,9.8611,9.8611,9.8646,0.2053
1.5860,10.0000,9.7882,9.7882,9.7919,0.2054,9.8604,9.8604,9.8639,0.2053
1.5870,10.0000,9.7875,9.7875,9.7911,0.2054,9.8596,9.8596,9.8632,0.2054
1.5880,10.0000,9.7867,9.7867,9.7904,0.2054,9.8589,9.8589,9.8625,0.2054
1.5890,10.0000,9.7859,9.7859,9.7897,0.2055,9.8581,9.8581,9.8618,0.2055
1.5900,10.0000,9.7852,9.7852,9.7889,0.2055,9.8574,9.8574,9.8610,0.2055
1.5910,10.0000,9.7844,9.7844,9.7882,0.2056,9.8566,9.8566,9.8603,0.2055
1.5920,10.0000,9.7836,9.7836,9.7874,0.2056,9.8558,9.8558,9.8596,0.2056
1.5930,10.0000,9.7828,9.7828,9.7867,0.2057,9.8550,9.8550,9.8588,0.2056
1.5940,10.0000,9.7820,9.7820,9.7859,0.2057,9.8542,9.8542,9.8581,0.2056
1.5950,10.0000,9.7813,9.7813,9.7851,0.2058,9.8535,9.8535,9.8573,0.2057
1.5960,10.0000,9.7805,9.7805,9.7843,0.2058,9.8527,9.8527,9.8565,0.2057
1.5970,10.0000,9.7797,9.7797,9.7836,0.2059,9.8519,9.8519,9.8558,0.2057
1.5980,10.0000,9.7789,9.7789,9.7828,0.2059,9.8510,9.8510,9.8550,0.2058
1.5990,10.0000,9.7780,9.7780,9.7820,0.2060,9.8502,9.8502,9.8542,0.2058
1.6000,10.0000,9.7772,9.7772,9.7812,0.2060,9.8494,9.8494,9.8534,0.2058
1.6010,10.0000,9.7764,9.7764,9.7804,0.2060,9.8486,9.8486,9.8526,0.2059
1.6020,10.0000,9.7756,9.7756,9.7796,0.2061,9.8477,9.8477,9.8518,0.2059
1.6030,10.0000,9.7748,9.7748,9.7788,0.2061,9.8469,9.8469,9.8510,0.2060
1.6040,10.0000,9.7739,9.7739,9.7780,0.2062,9.8460,9.8460,9.8502,0.2060
1.6050,10.0000,9.7731,9.7731,9.7772,0.2062,9.8452,9.8452,9.8493,0.2060
1.6060,10.0000,9.7723,9.7723,9.7764,0.2063,9.8443,9.8443,9.8485,0.2061
1.6070,10.0000,9.7714,9.7714,9.7756,0.2063,9.8435,9.8435,9.8477,0.2061
1.6080,10.0000,9.7706,9.7706,9.7747,0.2064,9.8426,9.8426,9.8468,0.2062
1.6090,10.0000,9.7697,9.7697,9.7739,0.2064,9.8417,9.8417,9.8460,0.2062
1.6100,10.0000,9.7689,9.7689,9.7731,0.2065,9.8408,9.8408,9.8451,0.2062
1.6110,10.0000,9.7680,9.7680,9.7722,0.2065,9.8399,9.8399,9.8443,0.2063
1.6120,10.0000,9.7671,9.7671,9.7714,0.2066,9.8390,9.8390,9.8434,0.2063
1.6130,10.0000,9.7663,9.7663,9.7705,0.2066,9.8381,9.8381,9.8425,0.2064
1.6140,10.0000,9.7654,9.7654,9.7697,0.2067,9.8372,9.8372,9.8416,0.2064
1.6150,10.0000,9.7645,9.7645,9.7688,0.2067,9.8363,9.8363,9.8408,0.2064
1.6160,10.0000,9.7636,9.7636,9.7680,0.2068,9.8354,9.8354,9.8399,0.2065
1.6170,10.0000,9.7628,9.7628,9.7671,0.2069,9.8345,9.8345,9.8390,0.2065
1.6180,10.0000,9.7619,9.7619,9.7662,0.2069,9.8335,9.8335,9.8381,0.2066
1.6190,10.0000,9.7610,9.7610,9.7654,0.2070,9.8326,9.8326,9.8372,0.2066
1.6200,10.0000,9.7601,9.7601,9.7645,0.2070,9.8316,9.8316,9.8362,0.2067
1.6210,10.0000,9.7592,9.7592,9.7636,0.2071,9.8307,9.8307,9.8353,0.2067
1.6220,10.0000,9.7583,9.7583,9.7627,0.2071,9.8297,9.8297,9.8344,0.2067
1.6230,10.0000,9.7574,9.7574,9.7618,0.2072,9.8288,9.8288,9.8335,0.2068
1.6240,10.0000,9.7565,9.7565,9.7609,0.2072,9.8278,9.8278,9.8325,0.2068
1.6250,10.0000,9.7555,9.7555,9.7600,0.2073,9.8268,9.8268,9.8316,0.2069
1.6260,10.0000,9.7546,9.7546,9.7591,0.2073,9.8259,9.8259,9.8306,0.2069
1.6270,10.0000,9.7537,9.7537,9.7582,0.2074,9.8249,9.8249,9.8297,0.2070
1.6280,10.0000,9.7528,9.7528,9.7573,0.2074,9.8239,9.8239,9.8287,0.2070
1.6290,10.0000,9.7518,9.7518,9.7564,0.2075,9.8229,9.8229,9.8278,0.2071
1.6300,10.0000,9.7509,9.7509,9.7555,0.2076,9.8219,9.8219,9.8268,0.2071
1.6310,10.0000,9.7500,9.7500,9.7546,0.2076,9.8209,9.8209,9.8258,0.2072
1.6320,10.0000,9.7490,9.7490,9.7537,0.2077,9.8199,9.8199,9.8248,0.2072
1.6330,10.0000,9.7481,9.7481,9.7527,0.2077,9.8189,9.8189,9.8239,0.2072
1.6340,10.0000,9.7471,9.7471,9.7518,0.2078,9.8179,9.8179,9.8229,0.2073
1.6350,10.0000,9.7462,9.7462,9.7509,0.2078,9.8169,9.8169,9.8219,0.2073
1.6360,10.0000,9.7452,9.7452,9.7499,0.2079,9.8158,9.8158,9.8209,0.2074
1.6370,10.0000,9.7442,9.7442,9.7490,0.2079,9.8148,9.8148,9.8199,0.2074
1.6380,10.0000,9.7433,9.7433,9.7480,0.2080,9.8138,9.8138,9.8188,0.2075
1.6390,10.0000,9.7423,9.7423,9.7471,0.2081,9.8127,9.8127,9.8178,0.2075
1.6400,10.0000,9.7413,9.7413,9.7461,0.2081,9.8117,9.8117,9.8168,0.2076
1.6410,10.0000,9.7404,9.7404,9.7452,0.2082,9.8106,9.8106,9.8158,0.2076
1.6420,10.0000,9.7394,9.7394,9.7442,0.2082,9.8095,9.8095,9.8147,0.2077
1.6430,10.0000,9.7384,9.7384,9.7432,0.2083,9.8085,9.8085,9.8137,0.2077
1.6440,10.0000,9.7374,9.7374,9.7423,0.2083,9.8074,9.8074,9.8127,0.2078
1.6450,10.0000,9.7364,9.7364,9.7413,0.2084,9.8063,9.8063,9.8116,0.2078
1.6460,10.0000,9.7354,9.7354,9.7403,0.2085,9.8053,9.8053,9.8106,0.2079
1.6470,10.0000,9.7344,9.7344,9.7393,0.2085,9.8042,9.8042,9.8095,0.2079
1.6480,10.0000,9.7334,9.7334,9.7384,0.2086,9.8031,9.8031,9.8084,0.2080
1.6490,10.0000,9.7324,9.7324,9.7374,0.2086,9.8020,9.8020,9.8074,0.2080
1.6500,10.0000,9.7314,9.7314,9.7364,0.2087,9.8009,9.8009,9.8063,0.2081
1.6510,10.0000,9.7304,9.7304,9.7354,0.2088,9.7998,9.7998,9.8052,0.2081
1.6520,10.0000,9.7294,9.7294,9.7344,0.2088,9.7987,9.7987,9.8041,0.2082
1.6530,10.0000,9.7284,9.7284,9.7334,0.2089,9.7976,9.7976,9.8030,0.2082
1.6540,10.0000,9.7274,9.7274,9.7324,0.2089,9.7965,9.7965,9.8020,0.2083
1.6550,10.0000,9.7263,9.7263,9.7314,0.2090,9.7953,9.7953,9.8009,0.2083
1.6560,10.0000,9.7253,9.7253,9.7304,0.2091,9.7942,9.7942,9.7998,0.2084
1.6570,10.0000,9.7243,9.7243,9.7294,0.2091,9.7931,9.7931,9.7986,0.2084
1.6580,10.0000,9.7232,9.7232,9.7283,0.2092,9.7920,9.7920,9.7975,0.2085
1.6590,10.0000,9.7222,9.7222,9.7273,0.2092,9.7908,9.7908,9.7964,0.2085
1.6600,10.0000,9.7212,9.7212,9.7263,0.2093,9.7897,9.7897,9.7953,0.2086
1.6610,10.0000,9.7201,9.7201,9.7253,0.2094,9.7885,9.7885,9.7942,0.2087
1.6620,10.0000,9.7191,9.7191,9.7242,0.2094,9.7874,9.7874,9.7930,0.2087
1.6630,10.0000,9.7180,9.7180,9.7232,0.2095,9.7862,9.7862,9.7919,0.2088
1.6640,10.0000,9.7170,9.7170,9.7222,0.2096,9.7851,9.7851,9.7908,0.2088
1.6650,10.0000,9.7159,9.7159,9.7211,0.2096,9.7839,9.7839,9.7896,0.2089
1.6660,10.0000,9.7149,9.7149,9.7201,0.2097,9.7827,9.7827,9.7885,0.2089
1.6670,10.0000,9.7138,9.7138,9.7190,0.2097,9.7816,9.7816,9.7873,0.2090
1.6680,10.0000,9.7127,9.7127,9.7180,0.2098,9.7804,9.7804,9.7862,0.2090
1.6690,10.0000,9.7117,9.7117,9.7169,0.2099,9.7792,9.7792,9.7850,0.2091
1.6700,10.0000,9.7106,9.7106,9.7159,0.2099,9.7780,9.7780,9.7839,0.2091
1.6710,10.0000,9.7095,9.7095,9.7148,0.2100,9.7768,9.7768,9.7827,0.2092
1.6720,10.0000,9.7084,9.7084,9.7138,0.2101,9.7756,9.7756,9.7815,0.2093
1.6730,10.0000,9.7074,9.7074,9.7127,0.2101,9.7744,9.7744,9.7803,0.2093
1.6740,10.0000,9.7063,9.7063,9.7116,0.2102,9.7732,9.7732,9.7792,0.2094
1.6750,10.0000,9.7052,9.7052,9.7106,0.2103,9.7720,9.7720,9.7780,0.2094
1.6760,10.0000,9.7041,9.7041,9.7095,0.2103,9.7708,9.7708,9.7768,0.2095
1.6770,10.0000,9.7030,9.7030,9.7084,0.2104,9.7696,9.7696,9.7756,0.2095
1.6780,10.0000,9.7019,9.7019,9.7073,0.2105,9.7684,9.7684,9.7744,0.2096
1.6790,10.0000,9.7008,9.7008,9.7063,0.2105,9.7672,9.7672,9.7732,0.2096
1.6800,10.0000,9.6997,9.6997,9.7052,0.2106,9.7660,9.7660,9.7720,0.2097
1.6810,10.0000,9.6986,9.6986,9.7041,0.2106,9.7647,9.7647,9.7708,0.2098
1.6820,10.0000,9.6975,9.6975,9.7030,0.2107,9.7635,9.7635,9.7696,0.2098
1.6830,10.0000,9.6964,9.6964,9.7019,0.2108,9.7623,9.7623,9.7684,0.2099
1.6840,10.0000,9.6953,9.6953,9.7008,0.2108,9.7610,9.7610,9.7671,0.2099
1.6850,10.0000,9.6942,9.6942,9.6997,0.2109,9.7598,9.7598,9.7659,0.2100
1.6860,10.0000,9.6931,9.6931,9.6986,0.2110,9.7585,9.7585,9.7647,0.2101
1.6870,10.0000,9.6920,9.6920,9.6975,0.2110,9.7573,9.7573,9.7635,0.2101
1.6880,10.0000,9.6909,9.6909,9.6964,0.2111,9.7560,9.7560,9.7622,0.2102
1.6890,10.0000,9.6897,9.6897,9.6953,0.2112,9.7548,9.7548,9.7610,0.2102
1.6900,10.0000,9.6886,9.6886,9.6942,0.2112,9.7535,9.7535,9.7597,0.2103
1.6910,10.0000,9.6875,9.6875,9.6931,0.2113,9.7523,9.7523,9.7585,0.2104
1.6920,10.0000,9.6864,9.6864,9.6920,0.2114,9.7510,9.7510,9.7573,0.2104
1.6930,10.0000,9.6852,9.6852,9.6908,0.2115,9.7497,9.7497,9.7560,0.2105
1.6940,10.0000,9.6841,9.6841,9.6897,0.2115,9.7484,9.7484,9.7547,0.2105
1.6950,10.0000,9.6830,9.6830,9.6886,0.2116,9.7472,9.7472,9.7535,0.2106
1.6960,10.0000,9.6818,9.6818,9.6875,0.2117,9.7459,9.7459,9.7522,0.2107
1.6970,10.0000,9.6807,9.6807,9.6863,0.2117,9.7446,9.7446,9.7510,0.2107
1.6980,10.0000,9.6796,9.6796,9.6852,0.2118,9.7433,9.7433,9.7497,0.2108
1.6990,10.0000,9.6784,9.6784,9.6841,0.2119,9.7420,9.7420,9.7484,0.2108
1.7000,10.0000,9.6773,9.6773,9.6830,0.2119,9.7407,9.7407,9.7471,0.2109
1.7010,10.0000,9.6761,9.6761,9.6818,0.2120,9.7395,9.7395,9.7459,0.2110
1.7020,10.0000,9.6750,9.6750,9.6807,0.2121,9.7382,9.7382,9.7446,0.2110
1.7030,10.0000,9.6738,9.6738,9.6795,0.2121,9.7369,9.7369,9.7433,0.2111
1.7040,10.0000,9.6727,9.6727,9.6784,0.2122,9.7356,9.7356,9.7420,0.2111
1.7050,10.0000,9.6715,9.6715,9.6773,0.2123,9.7342,9.7342,9.7407,0.2112
1.7060,10.0000,9.6704,9.6704,9.6761,0.2123,9.7329,9.7329,9.7394,0.2113
1.7070,10.0000,9.6692,9.6692,9.6750,0.2124,9.7316,9.7316,9.7381,0.2113
1.7080,10.0000,9.6680,9.6680,9.6738,0.2125,9.7303,9.7303,9.7368,0.2114
1.7090,10.0000,9.6669,9.6669,9.6727,0.2126,9.7290,9.7290,9.7355,0.2115
1.7100,10.0000,9.6657,9.6657,9.6715,0.2126,9.7277,9.7277,9.7342,0.2115
1.7110,10.0000,9.6646,9.6646,9.6703,0.2127,9.7264,9.7264,9.7329,0.2116
1.7120,10.0000,9.6634,9.6634,9.6692,0.2128,9.7250,9.7250,9.7316,0.2116
1.7130,10.0000,9.6622,9.6622,9.6680,0.2128,9.7237,9.7237,9.7303,0.2117
1.7140,10.0000,9.6610,9.6610,9.6669,0.2129,9.7224,9.7224,9.7290,0.2118
1.7150,10.0000,9.6599,9.6599,9.6657,0.2130,9.7210,9.7210,9.7276,0.2118
1.7160,10.0000,9.6587,9.6587,9.6645,0.2130,9.7197,9.7197,9.7263,0.2119
1.7170,10.0000,9.6575,9.6575,9.6634,0.2131,9.7184,9.7184,9.7250,0.2120
1.7180,10.0000,9.6564,9.6564,9.6622,0.2132,9.7170,9.7170,9.7237,0.2120
1.7190,10.0000,9.6552,9.6552,9.6610,0.2133,9.7157,9.7157,9.7223,0.2121
1.7200,10.0000,9.6540,9.6540,9.6599,0.2133,9.7143,9.7143,9.7210,0.2122
1.7210,10.0000,9.6528,9.6528,9.6587,0.2134,9.7130,9.7130,9.7197,0.2122
1.7220,10.0000,9.6516,9.6516,9.6575,0.2135,9.7116,9.7116,9.7183,0.2123
1.7230,10.0000,9.6504,9.6504,9.6563,0.2136,9.7103,9.7103,9.7170,0.2124
1.7240,10.0000,9.6493,9.6493,9.6552,0.2136,9.7089,9.7089,9.7157,0.2124
1.7250,10.0000,9.6481,9.6481,9.6540,0.2137,9.7076,9.7076,9.7143,0.2125
1.7260,10.0000,9.6469,9.6469,9.6528,0.2138,9.7062,9.7062,9.7130,0.2125
1.7270,10.0000,9.6457,9.6457,9.6516,0.2138,9.7049,9.7049,9.7116,0.2126
1.7280,10.0000,9.6445,9.6445,9.6504,0.2139,9.7035,9.7035,9.7103,0.2127
1.7290,10.0000,9.6433,9.6433,9.6492,0.2140,9.7021,9.7021,9.7089,0.2127
1.7300,10.0000,9.6421,9.6421,9.6481,0.2141,9.7008,9.7008,9.7076,0.2128
1.7310,10.0000,9.6409,9.6409,9.6469,0.2141,9.6994,9.6994,9.7062,0.2129
1.7320,10.0000,9.6397,9.6397,9.6457,0.2142,9.6980,9.6980,9.7048,0.2129
1.7330,10.0000,9.6385,9.6385,9.6445,0.2143,9.6967,9.6967,9.7035,0.2130
1.7340,10.0000,9.6373,9.6373,9.6433,0.2143,9.6953,9.6953,9.7021,0.2131
1.7350,10.0000,9.6361,9.6361,9.6421,0.2144,9.6939,9.6939,9.7007,0.2131
1.7360,10.0000,9.6349,9.6349,9.6409,0.2145,9.6925,9.6925,9.6994,0.2132
1.7370,10.0000,9.6337,9.6337,9.6397,0.2146,9.6911,9.6911,9.6980,0.2133
1.7380,10.0000,9.6325,9.6325,9.6385,0.2146,9.6898,9.6898,9.6966,0.2133
1.7390,10.0000,9.6313,9.6313,9.6373,0.2147,9.6884,9.6884,9.6953,0.2134
1.7400,10.0000,9.6301,9.6301,9.6361,0.2148,9.6870,9.6870,9.6939,0.2135
1.7410,10.0000,9.6289,9.6289,9.6349,0.2149,9.6856,9.6856,9.6925,0.2135
1.7420,10.0000,9.6277,9.6277,9.6337,0.2149,9.6842,9.6842,9.6911,0.2136
1.7430,10.0000,9.6265,9.6265,9.6325,0.2150,9.6828,9.6828,9.6897,0.2137
1.7440,10.0000,9.6253,9.6253,9.6313,0.2151,9.6814,9.6814,9.6884,0.2137
1.7450,10.0000,9.6241,9.6241,9.6301,0.2152,9.6801,9.6801,9.6870,0.2138
1.7460,10.0000,9.6229,9.6229,9.6289,0.2152,9.6787,9.6787,9.6856,0.2139
1.7470,10.0000,9.6217,9.6217,9.6277,0.2153,9.6773,9.6773,9.6842,0.2140
1.7480,10.0000,9.6205,9.6205,9.6265,0.2154,9.6759,9.6759,9.6828,0.2140
1.7490,10.0000,9.6193,9.6193,9.6253,0.2155,9.6745,9.6745,9.6814,0.2141
1.7500,10.0000,9.6181,9.6181,9.6241,0.2155,9.6731,9.6731,9.6800,0.2142
1.7510,10.0000,9.6169,9.6169,9.6229,0.2156,9.6717,9.6717,9.6786,0.2142
1.7520,10.0000,9.6157,9.6157,9.6217,0.2157,9.6703,9.6703,9.6773,0.2143
1.7530,10.0000,9.6145,9.6145,9.6205,0.2158,9.6689,9.6689,9.6759,0.2144
1.7540,10.0000,9.6133,9.6133,9.6193,0.2158,9.6675,9.6675,9.6745,0.2144
1.7550,10.0000,9.6120,9.6120,9.6181,0.2159,9.6661,9.6661,9.6731,0.2145
1.7560,10.0000,9.6108,9.6108,9.6169,0.2160,9.6647,9.6647,9.6717,0.2146
1.7570,10.0000,9.6096,9.6096,9.6157,0.2161,9.6633,9.6633,9.6703,0.2146
1.7580,10.0000,9.6084,9.6084,9.6145,0.2161,9.6619,9.6619,9.6689,0.2147
1.7590,10.0000,9.6072,9.6072,9.6133,0.2162,9.6605,9.6605,9.6675,0.2148
1.7600,10.0000,9.6060,9.6060,9.6120,0.2163,9.6591,9.6591,9.6661,0.2148
1.7610,10.0000,9.6048,9.6048,9.6108,0.2164,9.6576,9.6576,9.6647,0.2149
1.7620,10.0000,9.6036,9.6036,9.6096,0.2164,9.6562,9.6562,9.6633,0.2150
1.7630,10.0000,9.6024,9.6024,9.6084,0.2165,9.6548,9.6548,9.6619,0.2151
1.7640,10.0000,9.6012,9.6012,9.6072,0.2166,9.6534,9.6534,9.6605,0.2151
1.7650,10.0000,9.6000,9.6000,9.6060,0.2167,9.6520,9.6520,9.6590,0.2152
1.7660,10.0000,9.5988,9.5988,9.6048,0.2167,9.6506,9.6506,9.6576,0.2153
1.7670,10.0000,9.5975,9.5975,9.6036,0.2168,9.6492,9.6492,9.6562,0.2153
1.7680,10.0000,9.5963,9.5963,9.6024,0.2169,9.6478,9.6478,9.6548,0.2154
1.7690,10.0000,9.5951,9.5951,9.6012,0.2170,9.6464,9.6464,9.6534,0.2155
1.7700,10.0000,9.5939,9.5939,9.6000,0.2170,9.6450,9.6450,9.6520,0.2155
1.7710,10.0000,9.5927,9.5927,9.5988,0.2171,9.6435,9.6435,9.6506,0.2156
1.7720,10.0000,9.5915,9.5915,9.5975,0.2172,9.6421,9.6421,9.6492,0.2157
1.7730,10.0000,9.5903,9.5903,9.5963,0.2173,9.6407,9.6407,9.6478,0.2158
1.7740,10.0000,9.5891,9.5891,9.5951,0.2173,9.6393,9.6393,9.6464,0.2158
1.7750,10.0000,9.5879,9.5879,9.5939,0.2174,9.6379,9.6379,9.6449,0.2159
1.7760,10.0000,9.5867,9.5867,9.5927,0.2175,9.6365,9.6365,9.6435,0.2160
1.7770,10.0000,9.5855,9.5855,9.5915,0.2176,9.6351,9.6351,9.6421,0.2160
1.7780,10.0000,9.5843,9.5843,9.5903,0.2176,9.6337,9.6337,9.6407,0.2161
1.7790,10.0000,9.5831,9.5831,9.5891,0.2177,9.6322,9.6322,9.6393,0.2162
1.7800,10.0000,9.5819,9.5819,9.5879,0.2178,9.6308,9.6308,9.6379,0.2163
1.7810,10.0000,9.5807,9.5807,9.5867,0.2179,9.6294,9.6294,9.6365,0.2163
1.7820,10.0000,9.5795,9.5795,9.5855,0.2179,9.6280,9.6280,9.6351,0.2164
1.7830,10.0000,9.5783,9.5783,9.5843,0.2180,9.6266,9.6266,9.6337,0.2165
1.7840,10.0000,9.5771,9.5771,9.5831,0.2181,9.6252,9.6252,9.6322,0.2165
1.7850,10.0000,9.5759,9.5759,9.5819,0.2182,9.6238,9.6238,9.6308,0.2166
1.7860,10.0000,9.5747,9.5747,9.5807,0.2183,9.6224,9.6224,9.6294,0.2167
1.7870,10.0000,9.5735,9.5735,9.5795,0.2183,9.6210,9.6210,9.6280,0.2168
1.7880,10.0000,9.5723,9.5723,9.5783,0.2184,9.6195,9.6195,9.6266,0.2168
1.7890,10.0000,9.5711,9.5711,9.5771,0.2185,9.6181,9.6181,9.6252,0.2169
1.7900,10.0000,9.5699,9.5699,9.5759,0.2186,9.6167,9.6167,9.6238,0.2170
1.7910,10.0000,9.5688,9.5688,9.5747,0.2186,9.6153,9.6153,9.6224,0.2170
1.7920,10.0000,9.5676,9.5676,9.5735,0.2187,9.6139,9.6139,9.6210,0.2171
1.7930,10.0000,9.5664,9.5664,9.5723,0.2188,9.6125,9.6125,9.6195,0.2172
1.7940,10.0000,9.5652,9.5652,9.5711,0.2189,9.6111,9.6111,9.6181,0.2173
1.7950,10.0000,9.5640,9.5640,9.5700,0.2189,9.6097,9.6097,9.6167,0.2173
1.7960,10.0000,9.5628,9.5628,9.5688,0.2190,9.6083,9.6083,9.6153,0.2174
1.7970,10.0000,9.5617,9.5617,9.5676,0.2191,9.6069,9.6069,9.6139,0.2175
1.7980,10.0000,9.5605,9.5605,9.5664,0.2192,9.6055,9.6055,9.6125,0.2175
1.7990,10.0000,9.5593,9.5593,9.5652,0.2192,9.6041,9.6041,9.6111,0.2176
1.8000,10.0000,9.5581,9.5581,9.5640,0.2193,9.6027,9.6027,9.6097,0.2177
1.8010,10.0000,9.5570,9.5570,9.5628,0.2194,9.6013,9.6013,9.6083,0.2178
1.8020,10.0000,9.5558,9.5558,9.5617,0.2195,9.5999,9.5999,9.6069,0.2178
1.8030,10.0000,9.5546,9.5546,9.5605,0.2195,9.5985,9.5985,9.6055,0.2179
1.8040,10.0000,9.5534,9.5534,9.5593,0.2196,9.5971,9.5971,9.6041,0.2180
1.8050,10.0000,9.5523,9.5523,9.5581,0.2197,9.5957,9.5957,9.6027,0.2180
1.8060,10.0000,9.5511,9.5511,9.5570,0.2198,9.5943,9.5943,9.6013,0.2181
1.8070,10.0000,9.5500,9.5500,9.5558,0.2198,9.5929,9.5929,9.5999,0.2182
1.8080,10.0000,9.5488,9.5488,9.5546,0.2199,9.5915,9.5915,9.5985,0.2183
1.8090,10.0000,9.5476,9.5476,9.5535,0.2200,9.5901,9.5901,9.5971,0.2183
1.8100,10.0000,9.5465,9.5465,9.5523,0.2201,9.5888,9.5888,9.5957,0.2184
1.8110,10.0000,9.5453,9.5453,9.5511,0.2201,9.5874,9.5874,9.5943,0.2185
1.8120,10.0000,9.5442,9.5442,9.5500,0.2202,9.5860,9.5860,9.5929,0.2186
1.8130,10.0000,9.5430,9.5430,9.5488,0.2203,9.5846,9.5846,9.5915,0.2186
1.8140,10.0000,9.5419,9.5419,9.5477,0.2204,9.5832,9.5832,9.5902,0.2187
1.8150,10.0000,9.5407,9.5407,9.5465,0.2204,9.5819,9.5819,9.5888,0.2188
1.8160,10.0000,9.5396,9.5396,9.5454,0.2205,9.5805,9.5805,9.5874,0.2188
1.8170,10.0000,9.5385,9.5385,9.5442,0.2206,9.5791,9.5791,9.5860,0.2189
1.8180,10.0000,9.5373,9.5373,9.5431,0.2207,9.5777,9.5777,9.5846,0.2190
1.8190,10.0000,9.5362,9.5362,9.5419,0.2207,9.5764,9.5764,9.5832,0.2191
1.8200,10.0000,9.5351,9.5351,9.5408,0.2208,9.5750,9.5750,9.5819,0.2191
1.8210,10.0000,9.5339,9.5339,9.5396,0.2209,9.5736,9.5736,9.5805,0.2192
1.8220,10.0000,9.5328,7.2933,9.5385,0.2210,9.5723,9.5723,9.5791,0.2193
1.8230,10.0000,9.5318,7.2931,9.0895,0.2434,9.5709,9.5709,9.5777,0.2193
1.8240,10.0000,9.5309,7.2934,8.7302,0.2614,9.5695,9.5695,9.5764,0.2194
1.8250,10.0000,9.5302,7.2944,8.4428,0.2759,9.5682,9.5682,9.5750,0.2195
1.8260,10.0000,9.5297,7.2958,8.2131,0.2874,9.5668,9.5668,9.5736,0.2196
1.8270,10.0000,9.5294,7.2978,8.0297,0.2966,9.5655,9.5655,9.5723,0.2196
1.8280,10.0000,9.5295,7.3003,7.8833,0.3040,9.5641,9.5641,9.5709,0.2197
1.8290,10.0000,9.5298,7.3033,7.7667,0.3100,9.5628,9.5628,9.5696,0.2198
1.8300,10.0000,9.5304,7.3067,7.6740,0.3147,9.5614,9.5614,9.5682,0.2198
1.8310,10.0000,9.5313,7.3107,7.6006,0.3184,9.5601,9.5601,9.5669,0.2199
1.8320,10.0000,9.5325,7.3151,7.5426,0.3214,9.5588,9.5588,9.5655,0.2200
1.8330,10.0000,9.5341,7.3200,7.4971,0.3238,9.5574,9.5574,9.5642,0.2201
1.8340,10.0000,9.5359,7.3254,7.4617,0.3257,9.5561,9.5561,9.5628,0.2201
1.8350,10.0000,9.5381,7.3312,7.4344,0.3271,9.5548,9.5548,9.5615,0.2202
1.8360,10.0000,9.5405,7.3375,7.4138,0.3283,9.5534,7.3088,9.5601,0.2203
1.8370,10.0000,9.5432,7.3443,7.3985,0.3291,9.5522,7.3084,9.1098,0.2384
1.8380,10.0000,9.5463,7.3516,7.3877,0.3298,9.5510,7.3087,8.7496,0.2530
1.8390,10.0000,9.5496,7.3593,7.3805,0.3302,9.5500,7.3094,8.4614,0.2646
1.8400,10.0000,9.5532,7.3674,7.3762,0.3305,9.5492,7.3106,8.2310,0.2740
1.8410,10.0000,9.5571,7.3761,7.3745,0.3307,9.5486,7.3122,8.0469,0.2815
1.8420,10.0000,9.5612,7.3852,7.3748,0.3308,9.5482,7.3143,7.9000,0.2875
1.8430,10.0000,9.5657,7.3947,7.3769,0.3308,9.5481,7.3169,7.7828,0.2923
1.8440,10.0000,9.5703,7.4048,7.3804,0.3307,9.5482,7.3199,7.6896,0.2961
1.8450,10.0000,9.5752,7.4152,7.3853,0.3306,9.5485,7.3233,7.6157,0.2992
1.8460,10.0000,9.5804,7.4262,7.3913,0.3304,9.5491,7.3272,7.5572,0.3016
1.8470,10.0000,9.5858,7.4376,7.3983,0.3301,9.5499,7.3315,7.5112,0.3036
1.8480,10.0000,9.5914,7.4494,7.4061,0.3298,9.5510,7.3362,7.4753,0.3051
1.8490,10.0000,9.5973,7.4617,7.4148,0.3295,9.5523,7.3414,7.4475,0.3064
1.8500,10.0000,9.6034,7.4745,7.4242,0.3291,9.5539,7.3469,7.4262,0.3073
1.8510,10.0000,9.6096,7.4877,7.4342,0.3287,9.5557,7.3529,7.4104,0.3081
1.8520,10.0000,9.6161,7.5014,7.4449,0.3283,9.5577,7.3594,7.3989,0.3086
1.8530,10.0000,9.6228,7.5155,7.4562,0.3278,9.5600,7.3662,7.3910,0.3090
1.8540,10.0000,9.6297,7.5300,7.4681,0.3273,9.5625,7.3735,7.3860,0.3094
1.8550,10.0000,9.6367,7.5450,7.4805,0.3268,9.5652,7.3812,7.3835,0.3096
1.8560,10.0000,9.6439,7.5605,7.4934,0.3263,9.5682,7.3893,7.3830,0.3097
1.8570,10.0000,9.6513,7.5764,7.5068,0.3257,9.5714,7.3978,7.3843,0.3097
1.8580,10.0000,9.6589,7.5927,7.5207,0.3251,9.5747,7.4067,7.3870,0.3097
1.8590,10.0000,9.6666,7.6095,7.5351,0.3245,9.5783,7.4161,7.3909,0.3097
1.8600,10.0000,9.6744,7.6267,7.5500,0.3238,9.5821,7.4259,7.3960,0.3096
1.8610,10.0000,9.6824,7.6443,7.5653,0.3231,9.5861,7.4361,7.4019,0.3094
1.8620,10.0000,9.6906,7.6623,7.5811,0.3224,9.5903,7.4467,7.4088,0.3093
1.8630,10.0000,9.6988,7.6808,7.5973,0.3217,9.5946,7.4577,7.4163,0.3091
1.8640,10.0000,9.7072,7.6996,7.6140,0.3210,9.5991,7.4691,7.4246,0.3088
1.8650,10.0000,9.7157,7.7189,7.6312,0.3202,9.6038,7.4810,7.4335,0.3086
1.8660,10.0000,9.7244,7.7386,7.6487,0.3194,9.6087,7.4932,7.4430,0.3083
1.8670,10.0000,9.7331,7.7587,7.6667,0.3186,9.6137,7.5059,7.4530,0.3080
1.8680,10.0000,9.7419,7.7792,7.6851,0.3178,9.6189,7.5189,7.4636,0.3077
1.8690,10.0000,9.7508,7.8001,7.7039,0.3169,9.6242,7.5324,7.4747,0.3073
1.8700,10.0000,9.7598,7.8214,7.7232,0.3161,9.6297,7.5463,7.4862,0.3069
1.8710,10.0000,9.7689,7.8430,7.7428,0.3152,9.6354,7.5605,7.4982,0.3066
1.8720,10.0000,9.7781,7.8651,7.7628,0.3143,9.6411,7.5752,7.5107,0.3061
1.8730,10.0000,9.7873,7.8875,7.7833,0.3133,9.6470,7.5902,7.5236,0.3057
1.8740,10.0000,9.7966,7.9102,7.8041,0.3124,9.6530,7.6057,7.5369,0.3053
1.8750,10.0000,9.8059,7.9333,7.8253,0.3114,9.6591,7.6215,7.5507,0.3048
1.8760,10.0000,9.8153,7.9568,7.8469,0.3104,9.6654,7.6377,7.5648,0.3044
1.8770,10.0000,9.8248,7.9806,7.8689,0.3094,9.6717,7.6543,7.5794,0.3039
1.8780,10.0000,9.8343,8.0047,7.8913,0.3083,9.6782,7.6713,7.5944,0.3034
1.8790,10.0000,9.8438,8.0292,7.9139,0.3073,9.6848,7.6886,7.6098,0.3028
1.8800,10.0000,9.8534,8.0540,7.9370,0.3062,9.6914,7.7063,7.6255,0.3023
1.8810,10.0000,9.8629,8.0791,7.9604,0.3051,9.6982,7.7244,7.6417,0.3017
1.8820,10.0000,9.8725,8.1045,7.9841,0.3040,9.7050,7.7429,7.6582,0.3011
1.8830,10.0000,9.8822,8.1302,8.0082,0.3029,9.7119,7.7616,7.6752,0.3006
1.8840,10.0000,9.8918,8.1562,8.0326,0.3017,9.7189,7.7808,7.6925,0.3000
1.8850,10.0000,9.9014,8.1824,8.0573,0.3006,9.7260,7.8003,7.7101,0.2993
1.8860,10.0000,9.9110,8.2090,8.0823,0.2994,9.7331,7.8201,7.7282,0.2987
1.8870,10.0000,9.9207,8.2357,8.1077,0.2982,9.7403,7.8403,7.7466,0.2980
1.8880,10.0000,9.9303,8.2627,8.1333,0.2970,9.7476,7.8608,7.7653,0.2974
1.8890,10.0000,9.9399,8.2900,8.1592,0.2958,9.7549,7.8816,7.7844,0.2967
1.8900,10.0000,9.9494,8.3175,8.1853,0.2945,9.7623,7.9028,7.8038,0.2960
1.8910,10.0000,9.9590,8.3452,8.2118,0.2933,9.7697,7.9242,7.8236,0.2953
1.8920,10.0000,9.9685,8.3731,8.2385,0.2920,9.7771,7.9460,7.8438,0.2946
1.8930,10.0000,9.9780,8.4012,8.2654,0.2907,9.7846,7.9681,7.8642,0.2938
1.8940,10.0000,9.9875,8.4295,8.2925,0.2894,9.7922,7.9904,7.8850,0.2931
1.8950,10.0000,9.9969,8.4579,8.3199,0.2881,9.7997,8.0131,7.9061,0.2923
1.8960,10.0000,10.0062,8.4865,8.3475,0.2868,9.8073,8.0360,7.9275,0.2915
1.8970,10.0000,10.0155,8.5153,8.3753,0.2855,9.8149,8.0592,7.9492,0.2907
1.8980,10.0000,10.0248,8.5442,8.4033,0.2842,9.8225,8.0827,7.9712,0.2899
1.8990,10.0000,10.0340,8.5732,8.4315,0.2828,9.8301,8.1064,7.9935,0.2891
1.9000,10.0000,10.0431,8.6023,8.4598,0.2815,9.8378,8.1304,8.0161,0.2883
1.9010,10.0000,10.0521,8.6316,8.4883,0.2801,9.8454,8.1546,8.0389,0.2874
1.9020,10.0000,10.0611,8.6609,8.5170,0.2787,9.8531,8.1791,8.0621,0.2866
1.9030,10.0000,10.0700,8.6903,8.5458,0.2773,9.8607,8.2038,8.0855,0.2857
1.9040,10.0000,10.0789,8.7197,8.5747,0.2759,9.8684,8.2287,8.1091,0.2848
1.9050,10.0000,10.0876,8.7493,8.6037,0.2746,9.8760,8.2538,8.1330,0.2839
1.9060,10.0000,10.0963,8.7788,8.6328,0.2731,9.8836,8.2791,8.1572,0.2830
1.9070,10.0000,10.1048,8.8084,8.6620,0.2717,9.8912,8.3046,8.1816,0.2821
1.9080,10.0000,10.1133,8.8379,8.6913,0.2703,9.8988,8.3302,8.2062,0.2812
1.9090,10.0000,10.1217,8.8675,8.7206,0.2689,9.9064,8.3561,8.2310,0.2803
1.9100,10.0000,10.1299,8.8971,8.7500,0.2675,9.9139,8.3821,8.2560,0.2793
1.9110,10.0000,10.1381,8.9266,8.7794,0.2661,9.9214,8.4082,8.2812,0.2784
1.9120,10.0000,10.1461,8.9561,8.8088,0.2646,9.9289,8.4346,8.3066,0.2774
1.9130,10.0000,10.1541,8.9855,8.8383,0.2632,9.9363,8.4610,8.3322,0.2765
1.9140,10.0000,10.1619,9.0149,8.8677,0.2618,9.9437,8.4876,8.3580,0.2755
1.9150,10.0000,10.1696,9.0441,8.8972,0.2604,9.9510,8.5142,8.3839,0.2745
1.9160,10.0000,10.1772,9.0733,8.9266,0.2589,9.9583,8.5410,8.4099,0.2735
1.9170,10.0000,10.1847,9.1024,8.9559,0.2575,9.9656,8.5679,8.4362,0.2725
1.9180,10.0000,10.1920,9.1314,8.9852,0.2561,9.9728,8.5948,8.4625,0.2715
1.9190,10.0000,10.1992,9.1602,9.0144,0.2547,9.9799,8.6219,8.4890,0.2705
1.9200,10.0000,10.2063,9.1889,9.0436,0.2532,9.9870,8.6489,8.5155,0.2695
1.9210,10.0000,10.2133,9.2174,9.0727,0.2518,9.9941,8.6761,8.5422,0.2685
1.9220,10.0000,10.2201,9.2457,9.1016,0.2504,10.0010,8.7033,8.5690,0.2675
1.9230,10.0000,10.2267,9.2739,9.1304,0.2490,10.0079,8.7305,8.5958,0.2665
1.9240,10.0000,10.2333,9.3019,9.1591,0.2476,10.0148,8.7577,8.6228,0.2654
1.9250,10.0000,10.2396,9.3296,9.1877,0.2462,10.0215,8.7849,8.6498,0.2644
1.9260,10.0000,10.2459,9.3572,9.2161,0.2448,10.0282,8.8121,8.6768,0.2634
1.9270,10.0000,10.2520,9.3845,9.2443,0.2434,10.0348,8.8394,8.7039,0.2623
1.9280,10.0000,10.2579,9.4115,9.2723,0.2421,10.0414,8.8665,8.7310,0.2613
1.9290,10.0000,10.2637,9.4384,9.3002,0.2407,10.0478,8.8937,8.7581,0.2602
1.9300,10.0000,10.2694,9.4649,9.3278,0.2393,10.0542,8.9208,8.7852,0.2592
1.9310,10.0000,10.2749,9.4911,9.3552,0.2380,10.0605,8.9478,8.8123,0.2581
1.9320,10.0000,10.2802,9.5171,9.3824,0.2367,10.0667,8.9748,8.8394,0.2571
1.9330,10.0000,10.2854,9.5428,9.4094,0.2353,10.0728,9.0017,8.8665,0.2561
1.9340,10.0000,10.2904,9.5681,9.4360,0.2340,10.0788,9.0285,8.8935,0.2550
1.9350,10.0000,10.2952,9.5932,9.4625,0.2327,10.0847,9.0552,8.9205,0.2540
1.9360,10.0000,10.2999,9.6179,9.4886,0.2314,10.0905,9.0818,8.9475,0.2529
1.9370,10.0000,10.3045,9.6422,9.5145,0.2302,10.0963,9.1083,8.9743,0.2519
1.9380,10.0000,10.3088,9.6662,9.5400,0.2289,10.1019,9.1346,9.0011,0.2508
1.9390,10.0000,10.3130,9.6899,9.5653,0.2277,10.1074,9.1608,9.0278,0.2498
1.9400,10.0000,10.3171,9.7132,9.5902,0.2264,10.1128,9.1869,9.0544,0.2488
1.9410,10.0000,10.3210,9.7361,9.6148,0.2252,10.1182,9.2127,9.0809,0.2477
1.9420,10.0000,10.3247,9.7586,9.6390,0.2240,10.1234,9.2384,9.1073,0.2467
1.9430,10.0000,10.3282,9.7807,9.6629,0.2228,10.1285,9.2639,9.1335,0.2457
1.9440,10.0000,10.3316,9.8024,9.6865,0.2217,10.1335,9.2892,9.1596,0.2447
1.9450,10.0000,10.3348,9.8237,9.7097,0.2205,10.1384,9.3143,9.1855,0.2437
1.9460,10.0000,10.3378,9.8446,9.7325,0.2194,10.1431,9.3392,9.2113,0.2427
1.9470,10.0000,10.3407,9.8650,9.7549,0.2183,10.1478,9.3639,9.2369,0.2417
1.9480,10.0000,10.3434,9.8851,9.7769,0.2172,10.1523,9.3883,9.2623,0.2407
1.9490,10.0000,10.3459,9.9047,9.7986,0.2161,10.1568,9.4125,9.2875,0.2397
1.9500,10.0000,10.3483,9.9238,9.8198,0.2151,10.1611,9.4365,9.3125,0.2387
1.9510,10.0000,10.3505,9.9425,9.8406,0.2140,10.1653,9.4601,9.3373,0.2377
1.9520,10.0000,10.3525,9.9608,9.8610,0.2130,10.1694,9.4836,9.3619,0.2368
1.9530,10.0000,10.3544,9.9785,9.8809,0.2120,10.1733,9.5067,9.3862,0.2358
1.9540,10.0000,10.3561,9.9959,9.9004,0.2111,10.1772,9.5295,9.4103,0.2349
1.9550,10.0000,10.3576,10.0127,9.9195,0.2101,10.1809,9.5521,9.4341,0.2339
1.9560,10.0000,10.3590,10.0291,9.9382,0.2092,10.1845,9.5743,9.4577,0.2330
1.9570,10.0000,10.3601,10.0450,9.9563,0.2083,10.1880,9.5962,9.4810,0.2321
1.9580,10.0000,10.3612,10.0604,9.9741,0.2074,10.1913,9.6178,9.5041,0.2312
1.9590,10.0000,10.3620,10.0753,9.9913,0.2065,10.1945,9.6391,9.5268,0.2303
1.9600,10.0000,10.3627,10.0898,10.0081,0.2057,10.1976,9.6601,9.5493,0.2294
1.9610,10.0000,10.3632,10.1038,10.0245,0.2049,10.2006,9.6807,9.5714,0.2285
1.9620,10.0000,10.3636,10.1172,10.0403,0.2041,10.2035,9.7009,9.5933,0.2277
1.9630,10.0000,10.3638,10.1302,10.0557,0.2033,10.2062,9.7208,9.6148,0.2268
1.9640,10.0000,10.3639,10.1427,10.0706,0.2026,10.2088,9.7404,9.6360,0.2260
1.9650,10.0000,10.3638,10.1547,10.0850,0.2018,10.2113,9.7595,9.6569,0.2251
1.9660,10.0000,10.3635,10.1662,10.0990,0.2011,10.2136,9.7783,9.6774,0.2243
1.9670,10.0000,10.3631,10.1772,10.1124,0.2005,10.2158,9.7967,9.6976,0.2235
1.9680,10.0000,10.3625,10.1877,10.1254,0.1998,10.2179,9.8148,9.7174,0.2227
1.9690,10.0000,10.3617,10.1977,10.1378,0.1992,10.2199,9.8324,9.7369,0.2220
1.9700,10.0000,10.3608,10.2072,10.1498,0.1986,10.2218,9.8497,9.7560,0.2212
1.9710,10.0000,10.3598,10.2163,10.1613,0.1980,10.2235,9.8665,9.7747,0.2205
1.9720,10.0000,10.3586,10.2248,10.1723,0.1974,10.2251,9.8830,9.7931,0.2197
1.9730,10.0000,10.3573,10.2328,10.1828,0.1969,10.2266,9.8990,9.8111,0.2190
1.9740,10.0000,10.3558,10.2403,10.1928,0.1964,10.2279,9.9147,9.8287,0.2183
1.9750,10.0000,10.3542,10.2474,10.2023,0.1959,10.2291,9.9299,9.8459,0.2176
1.9760,10.0000,10.3524,10.2539,10.2113,0.1955,10.2302,9.9447,9.8627,0.2170
1.9770,10.0000,10.3505,10.2600,10.2198,0.1950,10.2312,9.9591,9.8791,0.2163
1.9780,10.0000,10.3484,10.2656,10.2279,0.1946,10.2321,9.9731,9.8951,0.2157
1.9790,10.0000,10.3462,10.2707,10.2354,0.1942,10.2328,9.9866,9.9107,0.2150
1.9800,10.0000,10.3439,10.2753,10.2425,0.1939,10.2334,9.9997,9.9259,0.2144
1.9810,10.0000,10.3415,10.2794,10.2490,0.1935,10.2339,10.0124,9.9406,0.2138
1.9820,10.0000,10.3389,10.2831,10.2551,0.1932,10.2343,10.0246,9.9550,0.2133
1.9830,10.0000,10.3362,10.2863,10.2607,0.1929,10.2345,10.0364,9.9689,0.2127
1.9840,10.0000,10.3333,10.2890,10.2658,0.1927,10.2347,10.0478,9.9824,0.2122
1.9850,10.0000,10.3304,10.2913,10.2705,0.1924,10.2347,10.0587,9.9955,0.2116
1.9860,10.0000,10.3273,10.2931,10.2746,0.1922,10.2346,10.0692,10.0081,0.2111
1.9870,10.0000,10.3241,10.2945,10.2783,0.1920,10.2344,10.0793,10.0203,0.2106
1.9880,10.0000,10.3208,10.2954,10.2816,0.1918,10.2341,10.0889,10.0321,0.2102
1.9890,10.0000,10.3173,10.2958,10.2843,0.1917,10.2336,10.0981,10.0435,0.2097
1.9900,10.0000,10.3138,10.2958,10.2866,0.1916,10.2331,10.1068,10.0544,0.2093
1.9910,10.0000,10.3102,10.2954,10.2885,0.1915,10.2324,10.1151,10.0649,0.2088
1.9920,10.0000,10.3064,10.2946,10.2899,0.1914,10.2316,10.1229,10.0749,0.2084
1.9930,10.0000,10.3025,10.2933,10.2908,0.1913,10.2308,10.1304,10.0845,0.2080
1.9940,10.0000,10.2986,10.2916,10.2913,0.1913,10.2298,10.1373,10.0937,0.2077
1.9950,10.0000,10.2945,10.2894,10.2913,0.1913,10.2287,10.1439,10.1024,0.2073
1.9960,10.0000,10.2903,10.2869,10.2910,0.1913,10.2275,10.1500,10.1107,0.2070
1.9970,10.0000,10.2861,10.2839,10.2902,0.1913,10.2262,10.1556,10.1186,0.2067
1.9980,10.0000,10.2817,10.2806,10.2889,0.1914,10.2248,10.1609,10.1260,0.2064
1.9990,10.0000,10.2773,10.2768,10.2872,0.1914,10.2233,10.1657,10.1329,0.2061
2.0000,10.0000,10.2728,10.2727,10.2852,0.1915,10.2217,10.1700,10.1395,0.2058
2.0010,10.0000,10.2682,10.2682,10.2827,0.1916,10.2200,10.1740,10.1456,0.2055
2.0020,10.0000,10.2635,10.2635,10.2798,0.1918,10.2182,10.1775,10.1513,0.2053
2.0030,10.0000,10.2588,10.2588,10.2765,0.1919,10.2163,10.1806,10.1565,0.2051
2.0040,10.0000,10.2539,10.2539,10.2730,0.1921,10.2143,10.1832,10.1613,0.2049
2.0050,10.0000,10.2490,10.2490,10.2692,0.1923,10.2123,10.1855,10.1657,0.2047
2.0060,10.0000,10.2441,10.2441,10.2651,0.1925,10.2101,10.1873,10.1697,0.2045
2.0070,10.0000,10.2390,10.2390,10.2609,0.1927,10.2079,10.1887,10.1732,0.2044
2.0080,10.0000,10.2339,10.2339,10.2565,0.1929,10.2055,10.1897,10.1763,0.2043
2.0090,10.0000,10.2287,10.2287,10.2520,0.1931,10.2031,10.1903,10.1790,0.2042
2.0100,10.0000,10.2235,10.2235,10.2474,0.1933,10.2006,10.1905,10.1813,0.2041
2.0110,10.0000,10.2182,10.2182,10.2426,0.1935,10.1981,10.1903,10.1831,0.2040
2.0120,10.0000,10.2129,10.2129,10.2377,0.1938,10.1954,10.1897,10.1846,0.2039
2.0130,10.0000,10.2075,10.2075,10.2328,0.1940,10.1927,10.1887,10.1856,0.2039
2.0140,10.0000,10.2021,10.2021,10.2277,0.1942,10.1899,10.1874,10.1862,0.2038
2.0150,10.0000,10.1966,10.1966,10.2226,0.1945,10.1870,10.1856,10.1865,0.2038
2.0160,10.0000,10.1911,10.1911,10.2174,0.1947,10.1841,10.1834,10.1863,0.2038
2.0170,10.0000,10.1856,10.1856,10.2121,0.1950,10.1811,10.1809,10.1857,0.2038
2.0180,10.0000,10.1800,10.1800,10.2068,0.1953,10.1780,10.1780,10.1848,0.2039
2.0190,10.0000,10.1743,10.1743,10.2015,0.1955,10.1749,10.1749,10.1834,0.2039
2.0200,10.0000,10.1687,10.1687,10.1960,0.1958,10.1717,10.1717,10.1817,0.2040
2.0210,10.0000,10.1630,10.1630,10.1906,0.1961,10.1684,10.1684,10.1797,0.2040
2.0220,10.0000,10.1573,10.1573,10.1850,0.1963,10.1651,10.1651,10.1774,0.2041
2.0230,10.0000,10.1515,10.1515,10.1795,0.1966,10.1617,10.1617,10.1750,0.2042
2.0240,10.0000,10.1457,10.1457,10.1739,0.1969,10.1583,10.1583,10.1723,0.2043
2.0250,10.0000,10.1399,10.1399,10.1683,0.1971,10.1548,10.1548,10.1695,0.2044
2.0260,10.0000,10.1341,10.1341,10.1626,0.1974,10.1513,10.1513,10.1666,0.2045
2.0270,10.0000,10.1283,10.1283,10.1569,0.1977,10.1477,10.1477,10.1635,0.2046
2.0280,10.0000,10.1224,10.1224,10.1512,0.1980,10.1441,10.1441,10.1604,0.2048
2.0290,10.0000,10.1166,10.1166,10.1454,0.1983,10.1404,10.1404,10.1571,0.2049
2.0300,10.0000,10.1107,10.1107,10.1397,0.1985,10.1367,10.1367,10.1538,0.2050
2.0310,10.0000,10.1048,10.1048,10.1339,0.1988,10.1330,10.1330,10.1504,0.2052
2.0320,10.0000,10.0989,10.0989,10.1280,0.1991,10.1292,10.1292,10.1469,0.2053
2.0330,10.0000,10.0930,10.0930,10.1222,0.1994,10.1254,10.1254,10.1434,0.2054
2.0340,10.0000,10.0871,10.0871,10.1164,0.1997,10.1215,10.1215,10.1398,0.2056
2.0350,10.0000,10.0812,10.0812,10.1105,0.2000,10.1176,10.1176,10.1361,0.2057
2.0360,10.0000,10.0752,10.0752,10.1046,0.2003,10.1137,10.1137,10.1324,0.2058
2.0370,10.0000,10.0693,10.0693,10.0988,0.2006,10.1098,10.1098,10.1287,0.2060
2.0380,10.0000,10.0634,10.0634,10.0929,0.2008,10.1058,10.1058,10.1249,0.2061
2.0390,10.0000,10.0575,10.0575,10.0870,0.2011,10.1018,10.1018,10.1211,0.2063
2.0400,10.0000,10.0516,10.0516,10.0811,0.2014,10.0978,10.0978,10.1172,0.2064
2.0410,10.0000,10.0457,10.0457,10.0752,0.2017,10.0937,10.0937,10.1133,0.2066
2.0420,10.0000,10.0398,10.0398,10.0693,0.2020,10.0896,10.0896,10.1094,0.2067
2.0430,10.0000,10.0339,10.0339,10.0634,0.2023,10.0855,10.0855,10.1055,0.2069
2.0440,10.0000,10.0281,10.0281,10.0575,0.2026,10.0814,10.0814,10.1015,0.2071
2.0450,10.0000,10.0222,10.0222,10.0516,0.2029,10.0773,10.0773,10.0975,0.2072
2.0460,10.0000,10.0164,10.0164,10.0457,0.2032,10.0732,10.0732,10.0934,0.2074
2.0470,10.0000,10.0105,10.0105,10.0399,0.2035,10.0690,10.0690,10.0894,0.2075
2.0480,10.0000,10.0047,10.0047,10.0340,0.2038,10.0648,10.0648,10.0853,0.2077
2.0490,10.0000,9.9990,9.9990,10.0281,0.2041,10.0606,10.0606,10.0812,0.2079
2.0500,10.0000,9.9932,9.9932,10.0223,0.2043,10.0565,10.0565,10.0771,0.2080
2.0510,10.0000,9.9874,9.9874,10.0165,0.2046,10.0523,10.0523,10.0730,0.2082
2.0520,10.0000,9.9817,9.9817,10.0107,0.2049,10.0481,10.0481,10.0688,0.2083
2.0530,10.0000,9.9760,9.9760,10.0049,0.2052,10.0438,10.0438,10.0647,0.2085
2.0540,10.0000,9.9703,9.9703,9.9991,0.2055,10.0396,10.0396,10.0605,0.2087
2.0550,10.0000,9.9647,9.9647,9.9933,0.2058,10.0354,10.0354,10.0563,0.2088
2.0560,10.0000,9.9590,9.9590,9.9876,0.2061,10.0312,10.0312,10.0521,0.2090
2.0570,10.0000,9.9535,9.9535,9.9819,0.2064,10.0270,10.0270,10.0479,0.2092
2.0580,10.0000,9.9479,9.9479,9.9762,0.2066,10.0227,10.0227,10.0437,0.2093
2.0590,10.0000,9.9423,9.9423,9.9705,0.2069,10.0185,10.0185,10.0395,0.2095
2.0600,10.0000,9.9368,9.9368,9.9649,0.2072,10.0143,10.0143,10.0353,0.2097
2.0610,10.0000,9.9314,9.9314,9.9593,0.2075,10.0101,10.0101,10.0311,0.2098
2.0620,10.0000,9.9259,9.9259,9.9537,0.2078,10.0059,10.0059,10.0269,0.2100
2.0630,10.0000,9.9205,9.9205,9.9481,0.2081,10.0017,10.0017,10.0227,0.2102
2.0640,10.0000,9.9151,9.9151,9.9426,0.2083,9.9975,9.9975,10.0185,0.2103
2.0650,10.0000,9.9098,9.9098,9.9371,0.2086,9.9933,9.9933,10.0143,0.2105
2.0660,10.0000,9.9045,9.9045,9.9317,0.2089,9.9891,9.9891,10.0101,0.2107
2.0670,10.0000,9.8993,9.8993,9.9262,0.2092,9.9849,9.9849,10.0059,0.2109
2.0680,10.0000,9.8940,9.8940,9.9208,0.2094,9.9808,9.9808,10.0017,0.2110
2.0690,10.0000,9.8889,9.8889,9.9155,0.2097,9.9766,9.9766,9.9975,0.2112
2.0700,10.0000,9.8837,9.8837,9.9102,0.2100,9.9725,9.9725,9.9933,0.2114
2.0710,10.0000,9.8786,9.8786,9.9049,0.2102,9.9684,9.9684,9.9892,0.2115
2.0720,10.0000,9.8736,9.8736,9.8996,0.2105,9.9642,9.9642,9.9850,0.2117
2.0730,10.0000,9.8685,9.8685,9.8944,0.2108,9.9602,9.9602,9.9808,0.2119
2.0740,10.0000,9.8636,9.8636,9.8892,0.2110,9.9561,9.9561,9.9767,0.2120
2.0750,10.0000,9.8586,9.8586,9.8841,0.2113,9.9520,9.9520,9.9726,0.2122
2.0760,10.0000,9.8538,9.8538,9.8790,0.2116,9.9480,9.9480,9.9685,0.2124
2.0770,10.0000,9.8489,9.8489,9.8740,0.2118,9.9440,9.9440,9.9644,0.2125
2.0780,10.0000,9.8441,9.8441,9.8689,0.2121,9.9400,9.9400,9.9603,0.2127
2.0790,10.0000,9.8394,9.8394,9.8640,0.2123,9.9360,9.9360,9.9562,0.2129
2.0800,10.0000,9.8347,9.8347,9.8591,0.2126,9.9320,9.9320,9.9522,0.2130
2.0810,10.0000,9.8300,9.8300,9.8542,0.2128,9.9281,9.9281,9.9481,0.2132
2.0820,10.0000,9.8254,9.8254,9.8493,0.2131,9.9242,9.9242,9.9441,0.2134
2.0830,10.0000,9.8209,9.8209,9.8446,0.2133,9.9203,9.9203,9.9401,0.2135
2.0840,10.0000,9.8164,9.8164,9.8398,0.2136,9.9164,9.9164,9.9362,0.2137
2.0850,10.0000,9.8119,9.8119,9.8351,0.2138,9.9126,9.9126,9.9322,0.2138
2.0860,10.0000,9.8075,9.8075,9.8305,0.2140,9.9088,9.9088,9.9283,0.2140
2.0870,10.0000,9.8031,9.8031,9.8259,0.2143,9.9050,9.9050,9.9244,0.2142
2.0880,10.0000,9.7988,9.7988,9.8213,0.2145,9.9012,9.9012,9.9205,0.2143
2.0890,10.0000,9.7946,9.7946,9.8168,0.2147,9.8975,9.8975,9.9166,0.2145
2.0900,10.0000,9.7904,9.7904,9.8124,0.2150,9.8938,9.8938,9.9128,0.2146
2.0910,10.0000,9.7862,9.7862,9.8080,0.2152,9.8901,9.8901,9.9090,0.2148
2.0920,10.0000,9.7821,9.7821,9.8036,0.2154,9.8864,9.8864,9.9052,0.2149
2.0930,10.0000,9.7781,9.7781,9.7993,0.2156,9.8828,9.8828,9.9015,0.2151
2.0940,10.0000,9.7741,9.7741,9.7951,0.2159,9.8792,9.8792,9.8977,0.2153
2.0950,10.0000,9.7702,9.7702,9.7909,0.2161,9.8757,9.8757,9.8940,0.2154
2.0960,10.0000,9.7663,9.7663,9.7867,0.2163,9.8721,9.8721,9.8904,0.2156
2.0970,10.0000,9.7624,9.7624,9.7826,0.2165,9.8686,9.8686,9.8867,0.2157
2.0980,10.0000,9.7587,9.7587,9.7786,0.2167,9.8652,9.8652,9.8831,0.2159
2.0990,10.0000,9.7549,9.7549,9.7746,0.2169,9.8617,9.8617,9.8795,0.2160
2.1000,10.0000,9.7513,9.7513,9.7707,0.2171,9.8583,9.8583,9.8759,0.2162
2.1010,10.0000,9.7477,9.7477,9.7668,0.2173,9.8549,9.8549,9.8724,0.2163
2.1020,10.0000,9.7441,9.7441,9.7630,0.2175,9.8516,9.8516,9.8689,0.2165
2.1030,10.0000,9.7406,9.7406,9.7592,0.2177,9.8483,9.8483,9.8655,0.2166
2.1040,10.0000,9.7371,9.7371,9.7555,0.2179,9.8450,9.8450,9.8620,0.2167
2.1050,10.0000,9.7337,9.7337,9.7518,0.2181,9.8418,9.8418,9.8586,0.2169
2.1060,10.0000,9.7304,9.7304,9.7482,0.2183,9.8386,9.8386,9.8553,0.2170
2.1070,10.0000,9.7271,9.7271,9.7446,0.2185,9.8354,9.8354,9.8519,0.2172
2.1080,10.0000,9.7239,9.7239,9.7411,0.2187,9.8323,9.8323,9.8486,0.2173
2.1090,10.0000,9.7207,9.7207,9.7377,0.2189,9.8292,9.8292,9.8454,0.2174
2.1100,10.0000,9.7176,9.7176,9.7343,0.2190,9.8262,9.8262,9.8421,0.2176
2.1110,10.0000,9.7146,9.7146,9.7310,0.2192,9.8232,9.8232,9.8390,0.2177
2.1120,10.0000,9.7116,9.7116,9.7277,0.2194,9.8202,9.8202,9.8358,0.2178
2.1130,10.0000,9.7086,9.7086,9.7245,0.2196,9.8172,9.8172,9.8327,0.2180
2.1140,10.0000,9.7057,9.7057,9.7213,0.2197,9.8143,9.8143,9.8296,0.2181
2.1150,10.0000,9.7029,9.7029,9.7182,0.2199,9.8115,9.8115,9.8265,0.2182
2.1160,10.0000,9.7001,9.7001,9.7151,0.2201,9.8086,9.8086,9.8235,0.2184
2.1170,10.0000,9.6974,9.6974,9.7121,0.2202,9.8058,9.8058,9.8205,0.2185
2.1180,10.0000,9.6947,9.6947,9.7092,0.2204,9.8031,9.8031,9.8176,0.2186
2.1190,10.0000,9.6921,9.6921,9.7063,0.2205,9.8004,9.8004,9.8147,0.2187
2.1200,10.0000,9.6895,9.6895,9.7034,0.2207,9.7977,9.7977,9.8118,0.2189
2.1210,10.0000,9.6870,9.6870,9.7007,0.2208,9.7951,9.7951,9.8090,0.2190
2.1220,10.0000,9.6846,9.6846,9.6979,0.2210,9.7925,9.7925,9.8062,0.2191
2.1230,10.0000,9.6822,9.6822,9.6953,0.2211,9.7899,9.7899,9.8035,0.2192
2.1240,10.0000,9.6799,9.6799,9.6926,0.2213,9.7874,9.7874,9.8007,0.2193
2.1250,10.0000,9.6776,9.6776,9.6901,0.2214,9.7849,9.7849,9.7981,0.2195
2.1260,10.0000,9.6754,9.6754,9.6876,0.2216,9.7825,9.7825,9.7954,0.2196
2.1270,10.0000,9.6732,9.6732,9.6851,0.2217,9.7801,9.7801,9.7928,0.2197
2.1280,10.0000,9.6711,9.6711,9.6828,0.2218,9.7777,9.7777,9.7903,0.2198
2.1290,10.0000,9.6690,9.6690,9.6804,0.2220,9.7754,9.7754,9.7878,0.2199
2.1300,10.0000,9.6670,9.6670,9.6781,0.2221,9.7731,9.7731,9.7853,0.2200
2.1310,10.0000,9.6651,9.6651,9.6759,0.2222,9.7709,9.7709,9.7828,0.2201
2.1320,10.0000,9.6632,9.6632,9.6737,0.2223,9.7686,9.7686,9.7804,0.2202
2.1330,10.0000,9.6613,9.6613,9.6716,0.2224,9.7665,9.7665,9.7781,0.2203
2.1340,10.0000,9.6595,9.6595,9.6696,0.2226,9.7644,9.7644,9.7758,0.2204
2.1350,10.0000,9.6578,9.6578,9.6676,0.2227,9.7623,9.7623,9.7735,0.2205
2.1360,10.0000,9.6561,9.6561,9.6656,0.2228,9.7603,9.7603,9.7712,0.2206
2.1370,10.0000,9.6545,9.6545,9.6637,0.2229,9.7583,9.7583,9.7690,0.2207
2.1380,10.0000,9.6529,9.6529,9.6619,0.2230,9.7563,9.7563,9.7669,0.2208
2.1390,10.0000,9.6514,9.6514,9.6601,0.2231,9.7544,9.7544,9.7648,0.2209
2.1400,10.0000,9.6499,9.6499,9.6583,0.2232,9.7525,9.7525,9.7627,0.2210
2.1410,10.0000,9.6485,9.6485,9.6567,0.2233,9.7507,9.7507,9.7607,0.2211
2.1420,10.0000,9.6472,9.6472,9.6550,0.2234,9.7489,9.7489,9.7587,0.2212
2.1430,10.0000,9.6458,9.6458,9.6535,0.2235,9.7471,9.7471,9.7567,0.2213
2.1440,10.0000,9.6446,9.6446,9.6519,0.2236,9.7454,9.7454,9.7548,0.2214
2.1450,10.0000,9.6434,9.6434,9.6505,0.2237,9.7437,9.7437,9.7529,0.2215
2.1460,10.0000,9.6422,9.6422,9.6490,0.2237,9.7421,9.7421,9.7511,0.2215
2.1470,10.0000,9.6411,9.6411,9.6477,0.2238,9.7405,9.7405,9.7493,0.2216
2.1480,10.0000,9.6401,9.6401,9.6464,0.2239,9.7389,9.7389,9.7475,0.2217
2.1490,10.0000,9.6390,9.6390,9.6451,0.2240,9.7374,9.7374,9.7458,0.2218
2.1500,10.0000,9.6381,9.6381,9.6439,0.2241,9.7360,9.7360,9.7441,0.2219
2.1510,10.0000,9.6372,9.6372,9.6427,0.2241,9.7345,9.7345,9.7425,0.2219
2.1520,10.0000,9.6363,9.6363,9.6416,0.2242,9.7331,9.7331,9.7409,0.2220
2.1530,10.0000,9.6355,9.6355,9.6406,0.2243,9.7318,9.7318,9.7393,0.2221
2.1540,10.0000,9.6348,9.6348,9.6396,0.2243,9.7305,9.7305,9.7378,0.2222
2.1550,10.0000,9.6340,9.6340,9.6386,0.2244,9.7292,9.7292,9.7364,0.2222
2.1560,10.0000,9.6334,9.6334,9.6377,0.2244,9.7280,9.7280,9.7349,0.2223
2.1570,10.0000,9.6328,9.6328,9.6368,0.2245,9.7268,9.7268,9.7335,0.2224
2.1580,10.0000,9.6322,9.6322,9.6360,0.2246,9.7256,9.7256,9.7322,0.2224
2.1590,10.0000,9.6317,9.6317,9.6353,0.2246,9.7245,9.7245,9.7309,0.2225
2.1600,10.0000,9.6312,9.6312,9.6345,0.2247,9.7234,9.7234,9.7296,0.2225
2.1610,10.0000,9.6308,9.6308,9.6339,0.2247,9.7224,9.7224,9.7284,0.2226
2.1620,10.0000,9.6304,9.6304,9.6332,0.2248,9.7214,9.7214,9.7272,0.2227
2.1630,10.0000,9.6300,9.6300,9.6327,0.2248,9.7204,9.7204,9.7260,0.2227
2.1640,10.0000,9.6298,9.6298,9.6321,0.2248,9.7195,9.7195,9.7249,0.2228
2.1650,10.0000,9.6295,9.6295,9.6317,0.2249,9.7186,9.7186,9.7238,0.2228
2.1660,10.0000,9.6293,9.6293,9.6312,0.2249,9.7178,9.7178,9.7228,0.2229
2.1670,10.0000,9.6291,9.6291,9.6308,0.2249,9.7170,9.7170,9.7218,0.2229
2.1680,10.0000,9.6290,9.6290,9.6305,0.2250,9.7162,9.7162,9.7208,0.2230
2.1690,10.0000,9.6289,9.6289,9.6302,0.2250,9.7155,9.7155,9.7199,0.2230
2.1700,10.0000,9.6289,9.6289,9.6300,0.2250,9.7148,9.7148,9.7190,0.2231
2.1710,10.0000,9.6289,9.6289,9.6297,0.2251,9.7142,9.7142,9.7182,0.2231
2.1720,10.0000,9.6290,9.6290,9.6296,0.2251,9.7135,9.7135,9.7174,0.2232
2.1730,10.0000,9.6291,9.6291,9.6295,0.2251,9.7130,9.7130,9.7166,0.2232
2.1740,10.0000,9.6292,9.6292,9.6294,0.2251,9.7124,9.7124,9.7159,0.2233
2.1750,10.0000,9.6294,9.6294,9.6294,0.2251,9.7119,9.7119,9.7152,0.2233
2.1760,10.0000,9.6296,9.6296,9.6294,0.2251,9.7115,9.7115,9.7145,0.2233
2.1770,10.0000,9.6299,9.6299,9.6294,0.2252,9.7110,9.7110,9.7139,0.2234
2.1780,10.0000,9.6302,9.6302,9.6295,0.2252,9.7106,9.7106,9.7133,0.2234
2.1790,10.0000,9.6305,9.6305,9.6296,0.2252,9.7103,9.7103,9.7128,0.2234
2.1800,10.0000,9.6309,9.6309,9.6298,0.2252,9.7099,9.7099,9.7123,0.2235
2.1810,10.0000,9.6313,9.6313,9.6300,0.2252,9.7097,9.7097,9.7118,0.2235
2.1820,10.0000,9.6317,9.6317,9.6303,0.2252,9.7094,9.7094,9.7114,0.2235
2.1830,10.0000,9.6322,9.6322,9.6306,0.2252,9.7092,9.7092,9.7110,0.2235
2.1840,10.0000,9.6327,9.6327,9.6309,0.2252,9.7090,9.7090,9.7106,0.2236
2.1850,10.0000,9.6333,9.6333,9.6313,0.2252,9.7089,9.7089,9.7103,0.2236
2.1860,10.0000,9.6339,9.6339,9.6317,0.2252,9.7088,9.7088,9.7100,0.2236
2.1870,10.0000,9.6345,9.6345,9.6321,0.2252,9.7087,9.7087,9.7098,0.2236
2.1880,10.0000,9.6352,9.6352,9.6326,0.2252,9.7086,9.7086,9.7095,0.2237
2.1890,10.0000,9.6359,9.6359,9.6331,0.2251,9.7086,9.7086,9.7094,0.2237
2.1900,10.0000,9.6367,9.6367,9.6337,0.2251,9.7086,9.7086,9.7092,0.2237
2.1910,10.0000,9.6374,9.6374,9.6343,0.2251,9.7087,9.7087,9.7091,0.2237
2.1920,10.0000,9.6382,9.6382,9.6349,0.2251,9.7088,9.7088,9.7090,0.2237
2.1930,10.0000,9.6391,9.6391,9.6356,0.2251,9.7089,9.7089,9.7090,0.2237
2.1940,10.0000,9.6399,9.6399,9.6363,0.2251,9.7091,9.7091,9.7090,0.2238
2.1950,10.0000,9.6409,9.6409,9.6370,0.2250,9.7093,9.7093,9.7090,0.2238
2.1960,10.0000,9.6418,9.6418,9.6378,0.2250,9.7095,9.7095,9.7090,0.2238
2.1970,10.0000,9.6428,9.6428,9.6386,0.2250,9.7097,9.7097,9.7091,0.2238
2.1980,10.0000,9.6438,9.6438,9.6394,0.2250,9.7100,9.7100,9.7092,0.2238
2.1990,10.0000,9.6448,9.6448,9.6403,0.2249,9.7103,9.7103,9.7094,0.2238
2.2000,10.0000,9.6458,9.6458,9.6412,0.2249,9.7107,9.7107,9.7096,0.2238
2.2010,10.0000,9.6469,9.6469,9.6421,0.2249,9.7110,9.7110,9.7098,0.2238
2.2020,10.0000,9.6481,9.6481,9.6431,0.2248,9.7114,9.7114,9.7100,0.2238
2.2030,10.0000,9.6492,9.6492,9.6441,0.2248,9.7119,9.7119,9.7103,0.2238
2.2040,10.0000,9.6504,9.6504,9.6451,0.2248,9.7124,9.7124,9.7106,0.2238
2.2050,10.0000,9.6516,9.6516,9.6462,0.2247,9.7128,9.7128,9.7110,0.2238
2.2060,10.0000,9.6528,9.6528,9.6472,0.2247,9.7134,9.7134,9.7114,0.2238
2.2070,10.0000,9.6541,9.6541,9.6484,0.2246,9.7139,9.7139,9.7118,0.2238
2.2080,10.0000,9.6554,9.6554,9.6495,0.2246,9.7145,9.7145,9.7122,0.2238
2.2090,10.0000,9.6567,9.6567,9.6507,0.2245,9.7151,9.7151,9.7127,0.2238
2.2100,10.0000,9.6580,9.6580,9.6519,0.2245,9.7158,9.7158,9.7132,0.2238
2.2110,10.0000,9.6594,9.6594,9.6531,0.2244,9.7164,9.7164,9.7137,0.2238
2.2120,10.0000,9.6608,9.6608,9.6544,0.2244,9.7171,9.7171,9.7142,0.2237
2.2130,10.0000,9.6622,9.6622,9.6556,0.2243,9.7179,9.7179,9.7148,0.2237
2.2140,10.0000,9.6636,9.6636,9.6569,0.2243,9.7186,9.7186,9.7154,0.2237
2.2150,10.0000,9.6651,9.6651,9.6583,0.2242,9.7194,9.7194,9.7161,0.2237
2.2160,10.0000,9.6666,9.6666,9.6596,0.2242,9.7202,9.7202,9.7167,0.2237
2.2170,10.0000,9.6681,9.6681,9.6610,0.2241,9.7210,9.7210,9.7174,0.2237
2.2180,10.0000,9.6696,9.6696,9.6624,0.2241,9.7219,9.7219,9.7181,0.2237
2.2190,10.0000,9.6711,9.6711,9.6639,0.2240,9.7228,9.7228,9.7189,0.2236
2.2200,10.0000,9.6727,9.6727,9.6653,0.2240,9.7237,9.7237,9.7197,0.2236
2.2210,10.0000,9.6743,9.6743,9.6668,0.2239,9.7246,9.7246,9.7205,0.2236
2.2220,10.0000,9.6759,9.6759,9.6683,0.2238,9.7256,9.7256,9.7213,0.2236
2.2230,10.0000,9.6776,9.6776,9.6698,0.2238,9.7265,9.7265,9.7221,0.2236
2.2240,10.0000,9.6792,9.6792,9.6714,0.2237,9.7275,9.7275,9.7230,0.2235
2.2250,10.0000,9.6809,9.6809,9.6729,0.2236,9.7286,9.7286,9.7239,0.2235
2.2260,10.0000,9.6826,9.6826,9.6745,0.2236,9.7296,9.7296,9.7249,0.2235
2.2270,10.0000,9.6843,9.6843,9.6761,0.2235,9.7307,9.7307,9.7258,0.2234
2.2280,10.0000,9.6860,9.6860,9.6778,0.2234,9.7318,9.7318,9.7268,0.2234
2.2290,10.0000,9.6878,9.6878,9.6794,0.2234,9.7329,9.7329,9.7278,0.2234
2.2300,10.0000,9.6896,9.6896,9.6811,0.2233,9.7341,9.7341,9.7288,0.2234
2.2310,10.0000,9.6913,9.6913,9.6828,0.2232,9.7352,9.7352,9.7299,0.2233
2.2320,10.0000,9.6931,9.6931,9.6845,0.2231,9.7364,9.7364,9.7309,0.2233
2.2330,10.0000,9.6950,9.6950,9.6862,0.2231,9.7376,9.7376,9.7320,0.2233
2.2340,10.0000,9.6968,9.6968,9.6880,0.2230,9.7389,9.7389,9.7332,0.2232
2.2350,10.0000,9.6986,9.6986,9.6897,0.2229,9.7401,9.7401,9.7343,0.2232
2.2360,10.0000,9.7005,9.7005,9.6915,0.2228,9.7414,9.7414,9.7355,0.2232
2.2370,10.0000,9.7024,9.7024,9.6933,0.2228,9.7427,9.7427,9.7367,0.2231
2.2380,10.0000,9.7043,9.7043,9.6951,0.2227,9.7440,9.7440,9.7379,0.2231
2.2390,10.0000,9.7062,9.7062,9.6970,0.2226,9.7454,9.7454,9.7391,0.2230
2.2400,10.0000,9.7081,9.7081,9.6988,0.2225,9.7467,9.7467,9.7404,0.2230
2.2410,10.0000,9.7100,9.7100,9.7007,0.2224,9.7481,9.7481,9.7416,0.2230
2.2420,10.0000,9.7120,9.7120,9.7025,0.2224,9.7495,9.7495,9.7429,0.2229
2.2430,10.0000,9.7139,9.7139,9.7044,0.2223,9.7509,9.7509,9.7442,0.2229
2.2440,10.0000,9.7159,9.7159,9.7063,0.2222,9.7523,9.7523,9.7456,0.2228
2.2450,10.0000,9.7179,9.7179,9.7082,0.2221,9.7538,9.7538,9.7469,0.2228
2.2460,10.0000,9.7199,9.7199,9.7102,0.2220,9.7552,9.7552,9.7483,0.2227
2.2470,10.0000,9.7219,9.7219,9.7121,0.2219,9.7567,9.7567,9.7497,0.2227
2.2480,10.0000,9.7239,9.7239,9.7141,0.2218,9.7582,9.7582,9.7511,0.2226
2.2490,10.0000,9.7259,9.7259,9.7160,0.2218,9.7597,9.7597,9.7525,0.2226
2.2500,10.0000,9.7280,9.7280,9.7180,0.2217,9.7613,9.7613,9.7540,0.2226
2.2510,10.0000,9.7300,9.7300,9.7200,0.2216,9.7628,9.7628,9.7554,0.2225
2.2520,10.0000,9.7321,9.7321,9.7220,0.2215,9.7644,9.7644,9.7569,0.2225
2.2530,10.0000,9.7341,9.7341,9.7240,0.2214,9.7660,9.7660,9.7584,0.2224
2.2540,10.0000,9.7362,9.7362,9.7260,0.2213,9.7676,9.7676,9.7599,0.2224
2.2550,10.0000,9.7383,9.7383,9.7281,0.2212,9.7692,9.7692,9.7614,0.2223
2.2560,10.0000,9.7404,9.7404,9.7301,0.2211,9.7708,9.7708,9.7630,0.2222
2.2570,10.0000,9.7425,9.7425,9.7322,0.2210,9.7725,9.7725,9.7646,0.2222
2.2580,10.0000,9.7446,9.7446,9.7342,0.2209,9.7741,9.7741,9.7661,0.2221
2.2590,10.0000,9.7467,9.7467,9.7363,0.2209,9.7758,9.7758,9.7677,0.2221
2.2600,10.0000,9.7488,9.7488,9.7384,0.2208,9.7775,9.7775,9.7693,0.2220
2.2610,10.0000,9.7509,9.7509,9.7405,0.2207,9.7792,9.7792,9.7710,0.2220
2.2620,10.0000,9.7531,9.7531,9.7426,0.2206,9.7809,9.7809,9.7726,0.2219
2.2630,10.0000,9.7552,9.7552,9.7447,0.2205,9.7826,9.7826,9.7743,0.2219
2.2640,10.0000,9.7573,9.7573,9.7468,0.2204,9.7843,9.7843,9.7759,0.2218
2.2650,10.0000,9.7595,9.7595,9.7489,0.2203,9.7861,9.7861,9.7776,0.2217
2.2660,10.0000,9.7616,9.7616,9.7510,0.2202,9.7879,9.7879,9.7793,0.2217
2.2670,10.0000,9.7638,9.7638,9.7531,0.2201,9.7896,9.7896,9.7810,0.2216
2.2680,10.0000,9.7659,9.7659,9.7553,0.2200,9.7914,9.7914,9.7827,0.2216
2.2690,10.0000,9.7681,9.7681,9.7574,0.2199,9.7932,9.7932,9.7845,0.2215
2.2700,10.0000,9.7703,9.7703,9.7595,0.2198,9.7950,9.7950,9.7862,0.2214
2.2710,10.0000,9.7724,9.7724,9.7617,0.2197,9.7968,9.7968,9.7880,0.2214
2.2720,10.0000,9.7746,9.7746,9.7638,0.2196,9.7987,9.7987,9.7898,0.2213
2.2730,10.0000,9.7768,9.7768,9.7660,0.2195,9.8005,9.8005,9.7915,0.2212
2.2740,10.0000,9.7789,9.7789,9.7681,0.2194,9.8023,9.8023,9.7933,0.2212
2.2750,10.0000,9.7811,9.7811,9.7703,0.2193,9.8042,9.8042,9.7951,0.2211
2.2760,10.0000,9.7833,9.7833,9.7725,0.2192,9.8061,9.8061,9.7969,0.2211
2.2770,10.0000,9.7855,9.7855,9.7746,0.2191,9.8080,9.8080,9.7988,0.2210
2.2780,10.0000,9.7876,9.7876,9.7768,0.2190,9.8098,9.8098,9.8006,0.2209
2.2790,10.0000,9.7898,9.7898,9.7790,0.2189,9.8117,9.8117,9.8025,0.2209
2.2800,10.0000,9.7920,9.7920,9.7811,0.2188,9.8136,9.8136,9.8043,0.2208
2.2810,10.0000,9.7942,9.7942,9.7833,0.2187,9.8155,9.8155,9.8062,0.2207
2.2820,10.0000,9.7964,9.7964,9.7855,0.2186,9.8175,9.8175,9.8080,0.2207
2.2830,10.0000,9.7985,9.7985,9.7877,0.2185,9.8194,9.8194,9.8099,0.2206
2.2840,10.0000,9.8007,9.8007,9.7898,0.2184,9.8213,9.8213,9.8118,0.2205
2.2850,10.0000,9.8029,9.8029,9.7920,0.2183,9.8233,9.8233,9.8137,0.2204
2.2860,10.0000,9.8051,9.8051,9.7942,0.2182,9.8252,9.8252,9.8156,0.2204
2.2870,10.0000,9.8073,9.8073,9.7964,0.2181,9.8272,9.8272,9.8175,0.2203
2.2880,10.0000,9.8094,9.8094,9.7986,0.2180,9.8291,9.8291,9.8195,0.2202
2.2890,10.0000,9.8116,9.8116,9.8007,0.2179,9.8311,9.8311,9.8214,0.2202
2.2900,10.0000,9.8138,9.8138,9.8029,0.2178,9.8331,9.8331,9.8233,0.2201
2.2910,10.0000,9.8160,9.8160,9.8051,0.2177,9.8350,9.8350,9.8253,0.2200
2.2920,10.0000,9.8181,9.8181,9.8073,0.2176,9.8370,9.8370,9.8272,0.2200
2.2930,10.0000,9.8203,9.8203,9.8094,0.2175,9.8390,9.8390,9.8292,0.2199
2.2940,10.0000,9.8224,9.8224,9.8116,0.2174,9.8410,9.8410,9.8311,0.2198
2.2950,10.0000,9.8246,9.8246,9.8138,0.2173,9.8430,9.8430,9.8331,0.2197
2.2960,10.0000,9.8268,9.8268,9.8159,0.2172,9.8450,9.8450,9.8351,0.2197
2.2970,10.0000,9.8289,9.8289,9.8181,0.2171,9.8470,9.8470,9.8371,0.2196
2.2980,10.0000,9.8310,9.8310,9.8203,0.2170,9.8490,9.8490,9.8391,0.2195
2.2990,10.0000,9.8332,9.8332,9.8224,0.2169,9.8510,9.8510,9.8410,0.2194
2.3000,10.0000,9.8353,9.8353,9.8246,0.2168,9.8530,9.8530,9.8430,0.2194
2.3010,10.0000,9.8375,9.8375,9.8267,0.2167,9.8550,9.8550,9.8450,0.2193
2.3020,10.0000,9.8396,9.8396,9.8289,0.2166,9.8571,9.8571,9.8470,0.2192
2.3030,10.0000,9.8417,9.8417,9.8310,0.2165,9.8591,9.8591,9.8490,0.2191
2.3040,10.0000,9.8438,9.8438,9.8332,0.2164,9.8611,9.8611,9.8511,0.2191
2.3050,10.0000,9.8459,9.8459,9.8353,0.2163,9.8631,9.8631,9.8531,0.2190
2.3060,10.0000,9.8481,9.8481,9.8374,0.2162,9.8652,9.8652,9.8551,0.2189
2.3070,10.0000,9.8502,9.8502,9.8395,0.2161,9.8672,9.8672,9.8571,0.2188
2.3080,10.0000,9.8522,9.8522,9.8417,0.2160,9.8692,9.8692,9.8591,0.2188
2.3090,10.0000,9.8543,9.8543,9.8438,0.2159,9.8713,9.8713,9.8611,0.2187
2.3100,10.0000,9.8564,9.8564,9.8459,0.2158,9.8733,9.8733,9.8632,0.2186
2.3110,10.0000,9.8585,9.8585,9.8480,0.2157,9.8754,9.8754,9.8652,0.2185
2.3120,10.0000,9.8606,9.8606,9.8501,0.2156,9.8774,9.8774,9.8672,0.2185
2.3130,10.0000,9.8626,9.8626,9.8522,0.2155,9.8794,9.8794,9.8693,0.2184
2.3140,10.0000,9.8647,9.8647,9.8543,0.2154,9.8815,9.8815,9.8713,0.2183
2.3150,10.0000,9.8667,9.8667,9.8564,0.2153,9.8835,9.8835,9.8733,0.2182
2.3160,10.0000,9.8688,9.8688,9.8584,0.2152,9.8856,9.8856,9.8754,0.2182
2.3170,10.0000,9.8708,9.8708,9.8605,0.2151,9.8876,9.8876,9.8774,0.2181
2.3180,10.0000,9.8728,9.8728,9.8626,0.2150,9.8896,9.8896,9.8794,0.2180
2.3190,10.0000,9.8749,9.8749,9.8646,0.2149,9.8917,9.8917,9.8815,0.2179
2.3200,10.0000,9.8769,9.8769,9.8667,0.2148,9.8937,9.8937,9.8835,0.2178
2.3210,10.0000,9.8789,9.8789,9.8687,0.2147,9.8957,9.8957,9.8856,0.2178
2.3220,10.0000,9.8809,9.8809,9.8707,0.2146,9.8978,9.8978,9.8876,0.2177
2.3230,10.0000,9.8828,9.8828,9.8728,0.2145,9.8998,9.8998,9.8896,0.2176
2.3240,10.0000,9.8848,9.8848,9.8748,0.2144,9.9018,9.9018,9.8917,0.2175
2.3250,10.0000,9.8868,9.8868,9.8768,0.2143,9.9039,9.9039,9.8937,0.2175
2.3260,10.0000,9.8888,9.8888,9.8788,0.2142,9.9059,9.9059,9.8957,0.2174
2.3270,10.0000,9.8907,9.8907,9.8808,0.2141,9.9079,9.9079,9.8978,0.2173
2.3280,10.0000,9.8926,9.8926,9.8828,0.2140,9.9100,9.9100,9.8998,0.2172
2.3290,10.0000,9.8946,9.8946,9.8847,0.2139,9.9120,9.9120,9.9018,0.2171
2.3300,10.0000,9.8965,9.8965,9.8867,0.2138,9.9140,9.9140,9.9039,0.2171
2.3310,10.0000,9.8984,9.8984,9.8887,0.2138,9.9160,9.9160,9.9059,0.2170
2.3320,10.0000,9.9003,9.9003,9.8906,0.2137,9.9180,9.9180,9.9079,0.2169
2.3330,10.0000,9.9022,9.9022,9.8926,0.2136,9.9200,9.9200,9.9099,0.2168
2.3340,10.0000,9.9041,9.9041,9.8945,0.2135,9.9220,9.9220,9.9120,0.2168
2.3350,10.0000,9.9060,9.9060,9.8964,0.2134,9.9240,9.9240,9.9140,0.2167
2.3360,10.0000,9.9078,9.9078,9.8983,0.2133,9.9260,9.9260,9.9160,0.2166
2.3370,10.0000,9.9097,9.9097,9.9002,0.2132,9.9280,9.9280,9.9180,0.2165
2.3380,10.0000,9.9115,9.9115,9.9021,0.2131,9.9300,9.9300,9.9200,0.2164
2.3390,10.0000,9.9134,9.9134,9.9040,0.2130,9.9320,9.9320,9.9220,0.2164
2.3400,10.0000,9.9152,9.9152,9.9059,0.2129,9.9340,9.9340,9.9240,0.2163
2.3410,10.0000,9.9170,9.9170,9.9077,0.2128,9.9360,9.9360,9.9260,0.2162
2.3420,10.0000,9.9188,9.9188,9.9096,0.2127,9.9379,9.9379,9.9280,0.2161
2.3430,10.0000,9.9206,9.9206,9.9114,0.2127,9.9399,9.9399,9.9300,0.2161
2.3440,10.0000,9.9224,9.9224,9.9133,0.2126,9.9419,9.9419,9.9320,0.2160
2.3450,10.0000,9.9241,9.9241,9.9151,0.2125,9.9438,9.9438,9.9339,0.2159
2.3460,10.0000,9.9259,9.9259,9.9169,0.2124,9.9458,9.9458,9.9359,0.2158
2.3470,10.0000,9.9276,9.9276,9.9187,0.2123,9.9477,9.9477,9.9379,0.2158
2.3480,10.0000,9.9294,9.9294,9.9205,0.2122,9.9497,9.9497,9.9399,0.2157
2.3490,10.0000,9.9311,9.9311,9.9223,0.2121,9.9516,9.9516,9.9418,0.2156
2.3500,10.0000,9.9328,9.9328,9.9240,0.2121,9.9535,9.9535,9.9438,0.2155
2.3510,10.0000,9.9345,9.9345,9.9258,0.2120,9.9555,9.9555,9.9457,0.2154
2.3520,10.0000,9.9362,9.9362,9.9275,0.2119,9.9574,9.9574,9.9477,0.2154
2.3530,10.0000,9.9379,9.9379,9.9293,0.2118,9.9593,9.9593,9.9496,0.2153
2.3540,10.0000,9.9396,9.9396,9.9310,0.2117,9.9612,9.9612,9.9515,0.2152
2.3550,10.0000,9.9412,9.9412,9.9327,0.2116,9.9631,9.9631,9.9535,0.2151
2.3560,10.0000,9.9429,9.9429,9.9344,0.2116,9.9650,9.9650,9.9554,0.2151
2.3570,10.0000,9.9445,9.9445,9.9361,0.2115,9.9669,9.9669,9.9573,0.2150
2.3580,10.0000,9.9461,9.9461,9.9378,0.2114,9.9687,9.9687,9.9592,0.2149
2.3590,10.0000,9.9477,9.9477,9.9394,0.2113,9.9706,9.9706,9.9611,0.2148
2.3600,10.0000,9.9493,9.9493,9.9411,0.2112,9.9725,9.9725,9.9630,0.2148
2.3610,10.0000,9.9509,9.9509,9.9427,0.2111,9.9743,9.9743,9.9649,0.2147
2.3620,10.0000,9.9525,9.9525,9.9444,0.2111,9.9762,9.9762,9.9668,0.2146
2.3630,10.0000,9.9540,9.9540,9.9460,0.2110,9.9780,9.9780,9.9687,0.2145
2.3640,10.0000,9.9556,9.9556,9.9476,0.2109,9.9798,9.9798,9.9705,0.2145
2.3650,10.0000,9.9571,9.9571,9.9492,0.2108,9.9817,9.9817,9.9724,0.2144
2.3660,10.0000,9.9586,9.9586,9.9508,0.2108,9.9835,9.9835,9.9742,0.2143
2.3670,10.0000,9.9601,9.9601,9.9523,0.2107,9.9853,9.9853,9.9761,0.2142
2.3680,10.0000,9.9616,9.9616,9.9539,0.2106,9.9871,9.9871,9.9779,0.2142
2.3690,10.0000,9.9631,9.9631,9.9555,0.2105,9.9889,9.9889,9.9798,0.2141
2.3700,10.0000,9.9646,9.9646,9.9570,0.2105,9.9907,9.9907,9.9816,0.2140
2.3710,10.0000,9.9661,9.9661,9.9585,0.2104,9.9924,9.9924,9.9834,0.2140
2.3720,10.0000,9.9675,9.9675,9.9600,0.2103,9.9942,9.9942,9.9852,0.2139
2.3730,10.0000,9.9689,9.9689,9.9615,0.2102,9.9960,9.9960,9.9870,0.2138
2.3740,10.0000,9.9704,9.9704,9.9630,0.2102,9.9977,9.9977,9.9888,0.2137
2.3750,10.0000,9.9718,9.9718,9.9645,0.2101,9.9994,9.9994,9.9906,0.2137
2.3760,10.0000,9.9732,9.9732,9.9659,0.2100,10.0012,10.0012,9.9924,0.2136
2.3770,10.0000,9.9746,9.9746,9.9674,0.2099,10.0029,10.0029,9.9941,0.2135
2.3780,10.0000,9.9759,9.9759,9.9688,0.2099,10.0046,10.0046,9.9959,0.2135
2.3790,10.0000,9.9773,9.9773,9.9702,0.2098,10.0063,10.0063,9.9976,0.2134
2.3800,10.0000,9.9786,9.9786,9.9717,0.2097,10.0080,10.0080,9.9994,0.2133
2.3810,10.0000,9.9800,9.9800,9.9731,0.2097,10.0097,10.0097,10.0011,0.2132
2.3820,10.0000,9.9813,9.9813,9.9744,0.2096,10.0114,10.0114,10.0028,0.2132
2.3830,10.0000,9.9826,9.9826,9.9758,0.2095,10.0130,10.0130,10.0045,0.2131
2.3840,10.0000,9.9839,9.9839,9.9772,0.2095,10.0147,10.0147,10.0062,0.2130
2.3850,10.0000,9.9852,9.9852,9.9785,0.2094,10.0163,10.0163,10.0079,0.2130
2.3860,10.0000,9.9865,9.9865,9.9798,0.2093,10.0180,10.0180,10.0096,0.2129
2.3870,10.0000,9.9877,9.9877,9.9812,0.2093,10.0196,10.0196,10.0113,0.2128
2.3880,10.0000,9.9890,9.9890,9.9825,0.2092,10.0212,10.0212,10.0129,0.2128
2.3890,10.0000,9.9902,9.9902,9.9838,0.2091,10.0228,10.0228,10.0146,0.2127
2.3900,10.0000,9.9914,9.9914,9.9851,0.2091,10.0244,10.0244,10.0162,0.2126
2.3910,10.0000,9.9926,9.9926,9.9863,0.2090,10.0260,10.0260,10.0179,0.2126
2.3920,10.0000,9.9938,9.9938,9.9876,0.2089,10.0276,10.0276,10.0195,0.2125
2.3930,10.0000,9.9950,9.9950,9.9888,0.2089,10.0291,10.0291,10.0211,0.2124
2.3940,10.0000,9.9962,9.9962,9.9901,0.2088,10.0307,10.0307,10.0227,0.2124
2.3950,10.0000,9.9973,9.9973,9.9913,0.2088,10.0322,10.0322,10.0243,0.2123
2.3960,10.0000,9.9985,9.9985,9.9925,0.2087,10.0338,10.0338,10.0259,0.2122
2.3970,10.0000,9.9996,9.9996,9.9937,0.2086,10.0353,10.0353,10.0275,0.2122
2.3980,10.0000,10.0007,10.0007,9.9949,0.2086,10.0368,10.0368,10.0290,0.2121
2.3990,10.0000,10.0018,10.0018,9.9960,0.2085,10.0383,10.0383,10.0306,0.2120
2.4000,10.0000,10.0029,10.0029,9.9972,0.2085,10.0398,10.0398,10.0321,0.2120
2.4010,10.0000,10.0040,10.0040,9.9983,0.2084,10.0413,10.0413,10.0337,0.2119
2.4020,10.0000,10.0050,10.0050,9.9995,0.2084,10.0428,10.0428,10.0352,0.2119
2.4030,10.0000,10.0061,10.0061,10.0006,0.2083,10.0442,10.0442,10.0367,0.2118
2.4040,10.0000,10.0071,10.0071,10.0017,0.2082,10.0457,10.0457,10.0382,0.2117
2.4050,10.0000,10.0082,10.0082,10.0028,0.2082,10.0471,10.0471,10.0397,0.2117
2.4060,10.0000,10.0092,10.0092,10.0038,0.2081,10.0485,10.0485,10.0412,0.2116
2.4070,10.0000,10.0102,10.0102,10.0049,0.2081,10.0499,10.0499,10.0426,0.2116
2.4080,10.0000,10.0112,10.0112,10.0060,0.2080,10.0513,10.0513,10.0441,0.2115
2.4090,10.0000,10.0121,10.0121,10.0070,0.2080,10.0527,10.0527,10.0455,0.2114
2.4100,10.0000,10.0131,10.0131,10.0080,0.2079,10.0541,10.0541,10.0470,0.2114
2.4110,10.0000,10.0141,10.0141,10.0090,0.2079,10.0555,10.0555,10.0484,0.2113
2.4120,10.0000,10.0150,10.0150,10.0100,0.2078,10.0568,10.0568,10.0498,0.2113
2.4130,10.0000,10.0159,10.0159,10.0110,0.2078,10.0582,10.0582,10.0512,0.2112
2.4140,10.0000,10.0168,10.0168,10.0120,0.2077,10.0595,10.0595,10.0526,0.2111
2.4150,10.0000,10.0177,10.0177,10.0130,0.2077,10.0608,10.0608,10.0540,0.2111
2.4160,10.0000,10.0186,10.0186,10.0139,0.2076,10.0621,10.0621,10.0554,0.2110
2.4170,10.0000,10.0195,10.0195,10.0149,0.2076,10.0634,10.0634,10.0567,0.2110
2.4180,10.0000,10.0204,10.0204,10.0158,0.2075,10.0647,10.0647,10.0581,0.2109
2.4190,10.0000,10.0212,10.0212,10.0167,0.2075,10.0660,10.0660,10.0594,0.2109
2.4200,10.0000,10.0220,10.0220,10.0176,0.2074,10.0673,10.0673,10.0607,0.2108
2.4210,10.0000,10.0229,10.0229,10.0185,0.2074,10.0685,10.0685,10.0620,0.2107
2.4220,10.0000,10.0237,10.0237,10.0194,0.2074,10.0697,10.0697,10.0633,0.2107
2.4230,10.0000,10.0245,10.0245,10.0202,0.2073,10.0710,10.0710,10.0646,0.2106
2.4240,10.0000,10.0253,10.0253,10.0211,0.2073,10.0722,10.0722,10.0659,0.2106
2.4250,10.0000,10.0261,10.0261,10.0219,0.2072,10.0734,10.0734,10.0671,0.2105
2.4260,10.0000,10.0268,10.0268,10.0227,0.2072,10.0746,10.0746,10.0684,0.2105
2.4270,10.0000,10.0276,10.0276,10.0236,0.2071,10.0758,10.0758,10.0696,0.2104
2.4280,10.0000,10.0283,10.0283,10.0244,0.2071,10.0769,10.0769,10.0709,0.2104
2.4290,10.0000,10.0290,10.0290,10.0252,0.2071,10.0781,10.0781,10.0721,0.2103
2.4300,10.0000,10.0298,10.0298,10.0259,0.2070,10.0792,10.0792,10.0733,0.2103
2.4310,10.0000,10.0305,10.0305,10.0267,0.2070,10.0804,10.0804,10.0745,0.2102
2.4320,10.0000,10.0312,10.0312,10.0275,0.2069,10.0815,10.0815,10.0756,0.2102
2.4330,10.0000,10.0318,10.0318,10.0282,0.2069,10.0826,10.0826,10.0768,0.2101
2.4340,10.0000,10.0325,10.0325,10.0289,0.2069,10.0837,10.0837,10.0780,0.2101
2.4350,10.0000,10.0332,10.0332,10.0296,0.2068,10.0848,10.0848,10.0791,0.2100
2.4360,10.0000,10.0338,10.0338,10.0303,0.2068,10.0858,10.0858,10.0802,0.2100
2.4370,10.0000,10.0344,10.0344,10.0310,0.2068,10.0869,10.0869,10.0814,0.2099
2.4380,10.0000,10.0351,10.0351,10.0317,0.2067,10.0879,10.0879,10.0825,0.2099
2.4390,10.0000,10.0357,10.0357,10.0324,0.2067,10.0890,10.0890,10.0836,0.2098
2.4400,10.0000,10.0363,10.0363,10.0330,0.2066,10.0900,10.0900,10.0847,0.2098
2.4410,10.0000,10.0368,10.0368,10.0337,0.2066,10.0910,10.0910,10.0857,0.2097
2.4420,10.0000,10.0374,10.0374,10.0343,0.2066,10.0920,10.0920,10.0868,0.2097
2.4430,10.0000,10.0380,10.0380,10.0349,0.2066,10.0930,10.0930,10.0878,0.2096
2.4440,10.0000,10.0385,10.0385,10.0355,0.2065,10.0940,10.0940,10.0889,0.2096
2.4450,10.0000,10.0391,10.0391,10.0361,0.2065,10.0949,10.0949,10.0899,0.2095
2.4460,10.0000,10.0396,10.0396,10.0367,0.2065,10.0959,10.0959,10.0909,0.2095
2.4470,10.0000,10.0401,10.0401,10.0373,0.2064,10.0968,10.0968,10.0919,0.2095
2.4480,10.0000,10.0406,10.0406,10.0379,0.2064,10.0977,10.0977,10.0929,0.2094
2.4490,10.0000,10.0411,10.0411,10.0384,0.2064,10.0987,10.0987,10.0939,0.2094
2.4500,10.0000,10.0416,10.0416,10.0390,0.2063,10.0996,10.0996,10.0948,0.2093
2.4510,10.0000,10.0421,10.0421,10.0395,0.2063,10.1004,10.1004,10.0958,0.2093
2.4520,10.0000,10.0425,10.0425,10.0400,0.2063,10.1013,10.1013,10.0967,0.2092
2.4530,10.0000,10.0430,10.0430,10.0405,0.2063,10.1022,10.1022,10.0976,0.2092
2.4540,10.0000,10.0434,10.0434,10.0410,0.2062,10.1030,10.1030,10.0985,0.2092
2.4550,10.0000,10.0438,10.0438,10.0415,0.2062,10.1039,10.1039,10.0994,0.2091
2.4560,10.0000,10.0443,10.0443,10.0420,0.2062,10.1047,10.1047,10.1003,0.2091
2.4570,10.0000,10.0447,10.0447,10.0424,0.2062,10.1055,10.1055,10.1012,0.2090
2.4580,10.0000,10.0451,10.0451,10.0429,0.2061,10.1063,10.1063,10.1021,0.2090
2.4590,10.0000,10.0454,10.0454,10.0433,0.2061,10.1071,10.1071,10.1029,0.2090
2.4600,10.0000,10.0458,10.0458,10.0437,0.2061,10.1079,10.1079,10.1038,0.2089
2.4610,10.0000,10.0462,10.0462,10.0441,0.2061,10.1086,10.1086,10.1046,0.2089
2.4620,10.0000,10.0465,10.0465,10.0446,0.2060,10.1094,10.1094,10.1054,0.2089
2.4630,10.0000,10.0469,10.0469,10.0449,0.2060,10.1101,10.1101,10.1062,0.2088
2.4640,10.0000,10.0472,10.0472,10.0453,0.2060,10.1109,10.1109,10.1070,0.2088
2.4650,10.0000,10.0475,10.0475,10.0457,0.2060,10.1116,10.1116,10.1078,0.2088
2.4660,10.0000,10.0478,10.0478,10.0461,0.2060,10.1123,10.1123,10.1085,0.2087
2.4670,10.0000,10.0481,10.0481,10.0464,0.2059,10.1130,10.1130,10.1093,0.2087
2.4680,10.0000,10.0484,10.0484,10.0468,0.2059,10.1137,10.1137,10.1100,0.2086
2.4690,10.0000,10.0487,10.0487,10.0471,0.2059,10.1143,10.1143,10.1107,0.2086
2.4700,10.0000,10.0489,10.0489,10.0474,0.2059,10.1150,10.1150,10.1115,0.2086
2.4710,10.0000,10.0492,10.0492,10.0477,0.2059,10.1156,10.1156,10.1122,0.2085
2.4720,10.0000,10.0494,10.0494,10.0480,0.2058,10.1163,10.1163,10.1129,0.2085
2.4730,10.0000,10.0497,10.0497,10.0483,0.2058,10.1169,10.1169,10.1135,0.2085
2.4740,10.0000,10.0499,10.0499,10.0486,0.2058,10.1175,10.1175,10.1142,0.2085
2.4750,10.0000,10.0501,10.0501,10.0488,0.2058,10.1181,10.1181,10.1149,0.2084
2.4760,10.0000,10.0503,10.0503,10.0491,0.2058,10.1187,10.1187,10.1155,0.2084
2.4770,10.0000,10.0505,10.0505,10.0493,0.2058,10.1192,10.1192,10.1161,0.2084
2.4780,10.0000,10.0507,10.0507,10.0496,0.2058,10.1198,10.1198,10.1168,0.2083
2.4790,10.0000,10.0509,10.0509,10.0498,0.2057,10.1203,10.1203,10.1174,0.2083
2.4800,10.0000,10.0510,10.0510,10.0500,0.2057,10.1209,10.1209,10.1180,0.2083
2.4810,10.0000,10.0512,10.0512,10.0502,0.2057,10.1214,10.1214,10.1185,0.2082
2.4820,10.0000,10.0514,10.0514,10.0504,0.2057,10.1219,10.1219,10.1191,0.2082
2.4830,10.0000,10.0515,10.0515,10.0506,0.2057,10.1224,10.1224,10.1197,0.2082
2.4840,10.0000,10.0516,10.0516,10.0508,0.2057,10.1229,10.1229,10.1202,0.2082
2.4850,10.0000,10.0517,10.0517,10.0510,0.2057,10.1234,10.1234,10.1207,0.2081
2.4860,10.0000,10.0518,10.0518,10.0511,0.2057,10.1238,10.1238,10.1213,0.2081
2.4870,10.0000,10.0519,10.0519,10.0513,0.2057,10.1243,10.1243,10.1218,0.2081
2.4880,10.0000,10.0520,10.0520,10.0514,0.2057,10.1247,10.1247,10.1223,0.2081
2.4890,10.0000,10.0521,10.0521,10.0515,0.2056,10.1251,10.1251,10.1228,0.2080
2.4900,10.0000,10.0522,10.0522,10.0516,0.2056,10.1255,10.1255,10.1232,0.2080
2.4910,10.0000,10.0522,10.0522,10.0517,0.2056,10.1260,10.1260,10.1237,0.2080
2.4920,10.0000,10.0523,10.0523,10.0518,0.2056,10.1263,10.1263,10.1242,0.2080
2.4930,10.0000,10.0523,10.0523,10.0519,0.2056,10.1267,10.1267,10.1246,0.2079
2.4940,10.0000,10.0523,10.0523,10.0520,0.2056,10.1271,10.1271,10.1250,0.2079
2.4950,10.0000,10.0524,10.0524,10.0521,0.2056,10.1274,10.1274,10.1254,0.2079
2.4960,10.0000,10.0524,10.0524,10.0521,0.2056,10.1278,10.1278,10.1258,0.2079
2.4970,10.0000,10.0524,10.0524,10.0522,0.2056,10.1281,10.1281,10.1262,0.2079
2.4980,10.0000,10.0524,10.0524,10.0522,0.2056,10.1284,10.1284,10.1266,0.2078
2.4990,10.0000,10.0524,10.0524,10.0523,0.2056,10.1288,10.1288,10.1270,0.2078
2.5000,10.0000,10.0523,10.0523,10.0523,0.2056,10.1291,10.1291,10.1273,0.2078
2.5010,10.0000,10.0523,10.0523,10.0523,0.2056,10.1293,10.1293,10.1277,0.2078
2.5020,10.0000,10.0523,10.0523,10.0523,0.2056,10.1296,10.1296,10.1280,0.2078
2.5030,10.0000,10.0522,10.0522,10.0523,0.2056,10.1299,10.1299,10.1283,0.2077
2.5040,10.0000,10.0522,10.0522,10.0523,0.2056,10.1301,10.1301,10.1286,0.2077
2.5050,10.0000,10.0521,10.0521,10.0523,0.2056,10.1304,10.1304,10.1289,0.2077
2.5060,10.0000,10.0520,10.0520,10.0522,0.2056,10.1306,10.1306,10.1292,0.2077
2.5070,10.0000,10.0519,10.0519,10.0522,0.2056,10.1308,10.1308,10.1295,0.2077
2.5080,10.0000,10.0518,10.0518,10.0521,0.2056,10.1310,10.1310,10.1298,0.2077
2.5090,10.0000,10.0517,10.0517,10.0521,0.2056,10.1312,10.1312,10.1300,0.2076
2.5100,10.0000,10.0516,10.0516,10.0520,0.2056,10.1314,10.1314,10.1303,0.2076
2.5110,10.0000,10.0515,10.0515,10.0519,0.2056,10.1316,10.1316,10.1305,0.2076
2.5120,10.0000,10.0514,10.0514,10.0519,0.2056,10.1317,10.1317,10.1307,0.2076
2.5130,10.0000,10.0513,10.0513,10.0518,0.2056,10.1319,10.1319,10.1309,0.2076
2.5140,10.0000,10.0511,10.0511,10.0517,0.2056,10.1320,10.1320,10.1311,0.2076
2.5150,10.0000,10.0510,10.0510,10.0515,0.2056,10.1322,10.1322,10.1313,0.2076
2.5160,10.0000,10.0508,10.0508,10.0514,0.2056,10.1323,10.1323,10.1315,0.2076
2.5170,10.0000,10.0506,10.0506,10.0513,0.2056,10.1324,10.1324,10.1316,0.2075
2.5180,10.0000,10.0505,10.0505,10.0512,0.2056,10.1325,10.1325,10.1318,0.2075
2.5190,10.0000,10.0503,10.0503,10.0510,0.2056,10.1325,10.1325,10.1319,0.2075
2.5200,10.0000,10.0501,10.0501,10.0509,0.2056,10.1326,10.1326,10.1320,0.2075
2.5210,10.0000,10.0499,10.0499,10.0507,0.2056,10.1327,10.1327,10.1322,0.2075
2.5220,10.0000,10.0497,10.0497,10.0505,0.2056,10.1327,10.1327,10.1323,0.2075
2.5230,10.0000,10.0494,10.0494,10.0504,0.2056,10.1328,10.1328,10.1324,0.2075
2.5240,10.0000,10.0492,10.0492,10.0502,0.2056,10.1328,10.1328,10.1324,0.2075
2.5250,10.0000,10.0490,10.0490,10.0500,0.2056,10.1328,10.1328,10.1325,0.2075
2.5260,10.0000,10.0487,10.0487,10.0498,0.2057,10.1328,10.1328,10.1326,0.2075
2.5270,10.0000,10.0485,10.0485,10.0496,0.2057,10.1328,10.1328,10.1326,0.2074
2.5280,10.0000,10.0482,10.0482,10.0494,0.2057,10.1328,10.1328,10.1327,0.2074
2.5290,10.0000,10.0480,10.0480,10.0491,0.2057,10.1328,10.1328,10.1327,0.2074
2.5300,10.0000,10.0477,10.0477,10.0489,0.2057,10.1327,10.1327,10.1327,0.2074
2.5310,10.0000,10.0474,10.0474,10.0487,0.2057,10.1327,10.1327,10.1327,0.2074
2.5320,10.0000,10.0471,10.0471,10.0484,0.2057,10.1326,10.1326,10.1327,0.2074
2.5330,10.0000,10.0468,10.0468,10.0482,0.2057,10.1326,10.1326,10.1327,0.2074
2.5340,10.0000,10.0465,10.0465,10.0479,0.2057,10.1325,10.1325,10.1327,0.2074
2.5350,10.0000,10.0462,10.0462,10.0476,0.2057,10.1324,10.1324,10.1326,0.2074
2.5360,10.0000,10.0459,10.0459,10.0474,0.2058,10.1323,10.1323,10.1326,0.2074
2.5370,10.0000,10.0456,10.0456,10.0471,0.2058,10.1322,10.1322,10.1325,0.2074
2.5380,10.0000,10.0453,10.0453,10.0468,0.2058,10.1321,10.1321,10.1325,0.2074
2.5390,10.0000,10.0449,10.0449,10.0465,0.2058,10.1320,10.1320,10.1324,0.2074
2.5400,10.0000,10.0446,10.0446,10.0462,0.2058,10.1318,10.1318,10.1323,0.2074
2.5410,10.0000,10.0442,10.0442,10.0458,0.2058,10.1317,10.1317,10.1322,0.2074
2.5420,10.0000,10.0439,10.0439,10.0455,0.2058,10.1315,10.1315,10.1321,0.2074
2.5430,10.0000,10.0435,10.0435,10.0452,0.2059,10.1313,10.1313,10.1320,0.2074
2.5440,10.0000,10.0431,10.0431,10.0448,0.2059,10.1312,10.1312,10.1319,0.2074
2.5450,10.0000,10.0427,10.0427,10.0445,0.2059,10.1310,10.1310,10.1317,0.2074
2.5460,10.0000,10.0423,10.0423,10.0441,0.2059,10.1308,10.1308,10.1316,0.2074
2.5470,10.0000,10.0419,10.0419,10.0438,0.2059,10.1305,10.1305,10.1314,0.2074
2.5480,10.0000,10.0415,10.0415,10.0434,0.2059,10.1303,10.1303,10.1312,0.2074
2.5490,10.0000,10.0411,10.0411,10.0430,0.2060,10.1301,10.1301,10.1310,0.2074
2.5500,10.0000,10.0407,10.0407,10.0427,0.2060,10.1299,10.1299,10.1309,0.2074
2.5510,10.0000,10.0403,10.0403,10.0423,0.2060,10.1296,10.1296,10.1307,0.2074
2.5520,10.0000,10.0399,10.0399,10.0419,0.2060,10.1293,10.1293,10.1304,0.2074
2.5530,10.0000,10.0394,10.0394,10.0415,0.2060,10.1291,10.1291,10.1302,0.2074
2.5540,10.0000,10.0390,10.0390,10.0411,0.2060,10.1288,10.1288,10.1300,0.2074
2.5550,10.0000,10.0385,10.0385,10.0406,0.2061,10.1285,10.1285,10.1298,0.2074
2.5560,10.0000,10.0381,10.0381,10.0402,0.2061,10.1282,10.1282,10.1295,0.2074
2.5570,10.0000,10.0376,10.0376,10.0398,0.2061,10.1279,10.1279,10.1292,0.2074
2.5580,10.0000,10.0371,10.0371,10.0393,0.2061,10.1276,10.1276,10.1290,0.2074
2.5590,10.0000,10.0366,10.0366,10.0389,0.2061,10.1272,10.1272,10.1287,0.2074
2.5600,10.0000,10.0362,10.0362,10.0385,0.2062,10.1269,10.1269,10.1284,0.2074
2.5610,10.0000,10.0357,10.0357,10.0380,0.2062,10.1266,10.1266,10.1281,0.2075
2.5620,10.0000,10.0352,10.0352,10.0375,0.2062,10.1262,10.1262,10.1278,0.2075
2.5630,10.0000,10.0347,10.0347,10.0371,0.2062,10.1258,10.1258,10.1275,0.2075
2.5640,10.0000,10.0342,10.0342,10.0366,0.2063,10.1255,10.1255,10.1271,0.2075
2.5650,10.0000,10.0336,10.0336,10.0361,0.2063,10.1251,10.1251,10.1268,0.2075
2.5660,10.0000,10.0331,10.0331,10.0356,0.2063,10.1247,10.1247,10.1265,0.2075
2.5670,10.0000,10.0326,10.0326,10.0351,0.2063,10.1243,10.1243,10.1261,0.2075
2.5680,10.0000,10.0320,10.0320,10.0346,0.2063,10.1239,10.1239,10.1257,0.2075
2.5690,10.0000,10.0315,10.0315,10.0341,0.2064,10.1234,10.1234,10.1254,0.2075
2.5700,10.0000,10.0309,10.0309,10.0336,0.2064,10.1230,10.1230,10.1250,0.2075
2.5710,10.0000,10.0304,10.0304,10.0330,0.2064,10.1226,10.1226,10.1246,0.2075
2.5720,10.0000,10.0298,10.0298,10.0325,0.2064,10.1221,10.1221,10.1242,0.2076
2.5730,10.0000,10.0293,10.0293,10.0320,0.2065,10.1216,10.1216,10.1238,0.2076
2.5740,10.0000,10.0287,10.0287,10.0314,0.2065,10.1212,10.1212,10.1233,0.2076
2.5750,10.0000,10.0281,10.0281,10.0309,0.2065,10.1207,10.1207,10.1229,0.2076
2.5760,10.0000,10.0275,10.0275,10.0303,0.2065,10.1202,10.1202,10.1225,0.2076
2.5770,10.0000,10.0269,10.0269,10.0298,0.2066,10.1197,10.1197,10.1220,0.2076
2.5780,10.0000,10.0263,10.0263,10.0292,0.2066,10.1192,10.1192,10.1216,0.2076
2.5790,10.0000,10.0257,10.0257,10.0286,0.2066,10.1187,10.1187,10.1211,0.2076
2.5800,10.0000,10.0251,10.0251,10.0280,0.2067,10.1182,10.1182,10.1206,0.2077
2.5810,10.0000,10.0245,10.0245,10.0274,0.2067,10.1176,10.1176,10.1201,0.2077
2.5820,10.0000,10.0239,10.0239,10.0269,0.2067,10.1171,10.1171,10.1196,0.2077
2.5830,10.0000,10.0232,10.0232,10.0263,0.2067,10.1166,10.1166,10.1191,0.2077
2.5840,10.0000,10.0226,10.0226,10.0256,0.2068,10.1160,10.1160,10.1186,0.2077
2.5850,10.0000,10.0219,10.0219,10.0250,0.2068,10.1154,10.1154,10.1181,0.2077
2.5860,10.0000,10.0213,10.0213,10.0244,0.2068,10.1149,10.1149,10.1176,0.2078
2.5870,10.0000,10.0206,10.0206,10.0238,0.2069,10.1143,10.1143,10.1170,0.2078
2.5880,10.0000,10.0200,10.0200,10.0232,0.2069,10.1137,10.1137,10.1165,0.2078
2.5890,10.0000,10.0193,10.0193,10.0225,0.2069,10.1131,10.1131,10.1159,0.2078
2.5900,10.0000,10.0186,10.0186,10.0219,0.2070,10.1125,10.1125,10.1153,0.2078
2.5910,10.0000,10.0180,10.0180,10.0212,0.2070,10.1119,10.1119,10.1148,0.2078
2.5920,10.0000,10.0173,10.0173,10.0206,0.2070,10.1112,10.1112,10.1142,0.2079
2.5930,10.0000,10.0166,10.0166,10.0199,0.2071,10.1106,10.1106,10.1136,0.2079
2.5940,10.0000,10.0159,10.0159,10.0193,0.2071,10.1100,10.1100,10.1130,0.2079
2.5950,10.0000,10.0152,10.0152,10.0186,0.2071,10.1093,10.1093,10.1124,0.2079
2.5960,10.0000,10.0145,10.0145,10.0179,0.2072,10.1086,10.1086,10.1118,0.2079
2.5970,10.0000,10.0138,10.0138,10.0172,0.2072,10.1080,10.1080,10.1111,0.2080
2.5980,10.0000,10.0131,10.0131,10.0165,0.2072,10.1073,10.1073,10.1105,0.2080
2.5990,10.0000,10.0124,10.0124,10.0159,0.2073,10.1066,10.1066,10.1099,0.2080
2.6000,10.0000,10.0116,10.0116,10.0152,0.2073,10.1059,10.1059,10.1092,0.2080
2.6010,10.0000,10.0109,10.0109,10.0144,0.2073,10.1052,10.1052,10.1086,0.2081
2.6020,10.0000,10.0102,10.0102,10.0137,0.2074,10.1045,10.1045,10.1079,0.2081
2.6030,10.0000,10.0094,10.0094,10.0130,0.2074,10.1038,10.1038,10.1072,0.2081
2.6040,10.0000,10.0087,10.0087,10.0123,0.2074,10.1031,10.1031,10.1065,0.2081
2.6050,10.0000,10.0079,10.0079,10.0116,0.2075,10.1024,10.1024,10.1059,0.2081
2.6060,10.0000,10.0071,10.0071,10.0108,0.2075,10.1016,10.1016,10.1052,0.2082
2.6070,10.0000,10.0064,10.0064,10.0101,0.2075,10.1009,10.1009,10.1044,0.2082
2.6080,10.0000,10.0056,10.0056,10.0094,0.2076,10.1001,10.1001,10.1037,0.2082
2.6090,10.0000,10.0048,10.0048,10.0086,0.2076,10.0994,10.0994,10.1030,0.2082
2.6100,10.0000,10.0041,10.0041,10.0079,0.2076,10.0986,10.0986,10.1023,0.2083
2.6110,10.0000,10.0033,10.0033,10.0071,0.2077,10.0978,10.0978,10.1015,0.2083
2.6120,10.0000,10.0025,10.0025,10.0063,0.2077,10.0970,10.0970,10.1008,0.2083
2.6130,10.0000,10.0017,10.0017,10.0056,0.2078,10.0962,10.0962,10.1000,0.2083
2.6140,10.0000,10.0009,10.0009,10.0048,0.2078,10.0954,10.0954,10.0993,0.2084
2.6150,10.0000,10.0001,10.0001,10.0040,0.2078,10.0946,10.0946,10.0985,0.2084
2.6160,10.0000,9.9993,9.9993,10.0032,0.2079,10.0938,10.0938,10.0977,0.2084
2.6170,10.0000,9.9984,9.9984,10.0024,0.2079,10.0930,10.0930,10.0969,0.2085
2.6180,10.0000,9.9976,9.9976,10.0016,0.2080,10.0921,10.0921,10.0962,0.2085
2.6190,10.0000,9.9968,9.9968,10.0008,0.2080,10.0913,10.0913,10.0954,0.2085
2.6200,10.0000,9.9960,9.9960,10.0000,0.2080,10.0905,10.0905,10.0945,0.2085
2.6210,10.0000,9.9951,9.9951,9.9992,0.2081,10.0896,10.0896,10.0937,0.2086
2.6220,10.0000,9.9943,9.9943,9.9984,0.2081,10.0888,10.0888,10.0929,0.2086
2.6230,10.0000,9.9934,9.9934,9.9976,0.2082,10.0879,10.0879,10.0921,0.2086
2.6240,10.0000,9.9926,9.9926,9.9967,0.2082,10.0870,10.0870,10.0912,0.2087
2.6250,10.0000,9.9917,9.9917,9.9959,0.2082,10.0861,10.0861,10.0904,0.2087
2.6260,10.0000,9.9908,9.9908,9.9951,0.2083,10.0852,10.0852,10.0895,0.2087
2.6270,10.0000,9.9900,9.9900,9.9942,0.2083,10.0843,10.0843,10.0887,0.2088
2.6280,10.0000,9.9891,9.9891,9.9934,0.2084,10.0834,10.0834,10.0878,0.2088
2.6290,10.0000,9.9882,9.9882,9.9925,0.2084,10.0825,10.0825,10.0869,0.2088
2.6300,10.0000,9.9873,9.9873,9.9917,0.2085,10.0816,10.0816,10.0861,0.2088
2.6310,10.0000,9.9865,9.9865,9.9908,0.2085,10.0807,10.0807,10.0852,0.2089
2.6320,10.0000,9.9856,9.9856,9.9899,0.2085,10.0798,10.0798,10.0843,0.2089
2.6330,10.0000,9.9847,9.9847,9.9891,0.2086,10.0788,10.0788,10.0834,0.2089
2.6340,10.0000,9.9838,9.9838,9.9882,0.2086,10.0779,10.0779,10.0825,0.2090
2.6350,10.0000,9.9829,9.9829,9.9873,0.2087,10.0769,10.0769,10.0815,0.2090
2.6360,10.0000,9.9819,9.9819,9.9864,0.2087,10.0760,10.0760,10.0806,0.2090
2.6370,10.0000,9.9810,9.9810,9.9855,0.2088,10.0750,10.0750,10.0797,0.2091
2.6380,10.0000,9.9801,9.9801,9.9846,0.2088,10.0740,10.0740,10.0788,0.2091
2.6390,10.0000,9.9792,9.9792,9.9837,0.2089,10.0731,10.0731,10.0778,0.2092
2.6400,10.0000,9.9783,9.9783,9.9828,0.2089,10.0721,10.0721,10.0769,0.2092
2.6410,10.0000,9.9773,9.9773,9.9819,0.2089,10.0711,10.0711,10.0759,0.2092
2.6420,10.0000,9.9764,9.9764,9.9810,0.2090,10.0701,10.0701,10.0749,0.2093
2.6430,10.0000,9.9754,9.9754,9.9801,0.2090,10.0691,10.0691,10.0740,0.2093
2.6440,10.0000,9.9745,9.9745,9.9791,0.2091,10.0681,10.0681,10.0730,0.2093
2.6450,10.0000,9.9735,9.9735,9.9782,0.2091,10.0670,10.0670,10.0720,0.2094
2.6460,10.0000,9.9726,9.9726,9.9773,0.2092,10.0660,10.0660,10.0710,0.2094
2.6470,10.0000,9.9716,9.9716,9.9763,0.2092,10.0650,10.0650,10.0700,0.2094
2.6480,10.0000,9.9707,9.9707,9.9754,0.2093,10.0639,10.0639,10.0690,0.2095
2.6490,10.0000,9.9697,9.9697,9.9744,0.2093,10.0629,10.0629,10.0680,0.2095
2.6500,10.0000,9.9687,9.9687,9.9735,0.2094,10.0619,10.0619,10.0670,0.2096
2.6510,10.0000,9.9677,9.9677,9.9725,0.2094,10.0608,10.0608,10.0660,0.2096
2.6520,10.0000,9.9667,9.9667,9.9716,0.2095,10.0597,10.0597,10.0649,0.2096
2.6530,10.0000,9.9658,9.9658,9.9706,0.2095,10.0587,10.0587,10.0639,0.2097
2.6540,10.0000,9.9648,9.9648,9.9696,0.2096,10.0576,10.0576,10.0628,0.2097
2.6550,10.0000,9.9638,9.9638,9.9687,0.2096,10.0565,10.0565,10.0618,0.2098
2.6560,10.0000,9.9628,9.9628,9.9677,0.2097,10.0554,10.0554,10.0607,0.2098
2.6570,10.0000,9.9618,9.9618,9.9667,0.2097,10.0543,10.0543,10.0597,0.2098
2.6580,10.0000,9.9607,9.9607,9.9657,0.2098,10.0532,10.0532,10.0586,0.2099
2.6590,10.0000,9.9597,9.9597,9.9647,0.2098,10.0521,10.0521,10.0575,0.2099
2.6600,10.0000,9.9587,9.9587,9.9637,0.2099,10.0510,10.0510,10.0564,0.2100
2.6610,10.0000,9.9577,9.9577,9.9627,0.2099,10.0499,10.0499,10.0554,0.2100
2.6620,10.0000,9.9567,9.9567,9.9617,0.2100,10.0488,10.0488,10.0543,0.2100
2.6630,10.0000,9.9556,9.9556,9.9607,0.2100,10.0476,10.0476,10.0532,0.2101
2.6640,10.0000,9.9546,9.9546,9.9597,0.2101,10.0465,10.0465,10.0521,0.2101
2.6650,10.0000,9.9536,9.9536,9.9587,0.2101,10.0454,10.0454,10.0510,0.2102
2.6660,10.0000,9.9525,9.9525,9.9577,0.2102,10.0442,10.0442,10.0498,0.2102
2.6670,10.0000,9.9515,9.9515,9.9566,0.2102,10.0431,10.0431,10.0487,0.2103
2.6680,10.0000,9.9504,9.9504,9.9556,0.2103,10.0419,10.0419,10.0476,0.2103
2.6690,10.0000,9.9494,9.9494,9.9546,0.2103,10.0407,10.0407,10.0464,0.2103
2.6700,10.0000,9.9483,9.9483,9.9535,0.2104,10.0396,10.0396,10.0453,0.2104
2.6710,10.0000,9.9472,9.9472,9.9525,0.2105,10.0384,10.0384,10.0442,0.2104
2.6720,10.0000,9.9462,9.9462,9.9514,0.2105,10.0372,10.0372,10.0430,0.2105
2.6730,10.0000,9.9451,9.9451,9.9504,0.2106,10.0360,10.0360,10.0419,0.2105
2.6740,10.0000,9.9440,9.9440,9.9493,0.2106,10.0348,10.0348,10.0407,0.2106
2.6750,10.0000,9.9429,9.9429,9.9483,0.2107,10.0336,10.0336,10.0395,0.2106
2.6760,10.0000,9.9419,9.9419,9.9472,0.2107,10.0324,10.0324,10.0383,0.2107
2.6770,10.0000,9.9408,9.9408,9.9461,0.2108,10.0312,10.0312,10.0372,0.2107
2.6780,10.0000,9.9397,9.9397,9.9451,0.2108,10.0300,10.0300,10.0360,0.2107
2.6790,10.0000,9.9386,9.9386,9.9440,0.2109,10.0288,10.0288,10.0348,0.2108
2.6800,10.0000,9.9375,9.9375,9.9429,0.2110,10.0276,10.0276,10.0336,0.2108
2.6810,10.0000,9.9364,9.9364,9.9418,0.2110,10.0264,10.0264,10.0324,0.2109
2.6820,10.0000,9.9353,9.9353,9.9407,0.2111,10.0251,10.0251,10.0312,0.2109
2.6830,10.0000,9.9342,9.9342,9.9397,0.2111,10.0239,10.0239,10.0300,0.2110
2.6840,10.0000,9.9331,9.9331,9.9386,0.2112,10.0226,10.0226,10.0288,0.2110
2.6850,10.0000,9.9319,9.9319,9.9375,0.2112,10.0214,10.0214,10.0275,0.2111
2.6860,10.0000,9.9308,9.9308,9.9364,0.2113,10.0201,10.0201,10.0263,0.2111
2.6870,10.0000,9.9297,9.9297,9.9353,0.2114,10.0189,10.0189,10.0251,0.2112
2.6880,10.0000,9.9286,9.9286,9.9341,0.2114,10.0176,10.0176,10.0238,0.2112
2.6890,10.0000,9.9274,9.9274,9.9330,0.2115,10.0163,10.0163,10.0226,0.2113
2.6900,10.0000,9.9263,9.9263,9.9319,0.2115,10.0151,10.0151,10.0213,0.2113
2.6910,10.0000,9.9252,9.9252,9.9308,0.2116,10.0138,10.0138,10.0201,0.2114
2.6920,10.0000,9.9240,9.9240,9.9297,0.2116,10.0125,10.0125,10.0188,0.2114
2.6930,10.0000,9.9229,9.9229,9.9285,0.2117,10.0112,10.0112,10.0176,0.2115
2.6940,10.0000,9.9217,9.9217,9.9274,0.2118,10.0099,10.0099,10.0163,0.2115
2.6950,10.0000,9.9206,9.9206,9.9263,0.2118,10.0086,10.0086,10.0150,0.2116
2.6960,10.0000,9.9194,9.9194,9.9251,0.2119,10.0073,10.0073,10.0137,0.2116
2.6970,10.0000,9.9183,9.9183,9.9240,0.2119,10.0060,10.0060,10.0125,0.2117
2.6980,10.0000,9.9171,9.9171,9.9229,0.2120,10.0047,10.0047,10.0112,0.2117
2.6990,10.0000,9.9159,9.9159,9.9217,0.2121,10.0034,10.0034,10.0099,0.2118
2.7000,10.0000,9.9148,9.9148,9.9206,0.2121,10.0021,10.0021,10.0086,0.2118
2.7010,10.0000,9.9136,9.9136,9.9194,0.2122,10.0007,10.0007,10.0073,0.2119
2.7020,10.0000,9.9124,9.9124,9.9182,0.2122,9.9994,9.9994,10.0060,0.2119
2.7030,10.0000,9.9112,9.9112,9.9171,0.2123,9.9981,9.9981,10.0046,0.2120
2.7040,10.0000,9.9101,9.9101,9.9159,0.2124,9.9967,9.9967,10.0033,0.2120
2.7050,10.0000,9.9089,9.9089,9.9147,0.2124,9.9954,9.9954,10.0020,0.2121
2.7060,10.0000,9.9077,9.9077,9.9136,0.2125,9.9940,9.9940,10.0007,0.2121
2.7070,10.0000,9.9065,9.9065,9.9124,0.2126,9.9927,9.9927,9.9994,0.2122
2.7080,10.0000,9.9053,9.9053,9.9112,0.2126,9.9913,9.9913,9.9980,0.2123
2.7090,10.0000,9.9041,9.9041,9.9100,0.2127,9.9900,9.9900,9.9967,0.2123
2.7100,10.0000,9.9029,9.9029,9.9089,0.2127,9.9886,9.9886,9.9953,0.2124
2.7110,10.0000,9.9017,9.9017,9.9077,0.2128,9.9872,9.9872,9.9940,0.2124
2.7120,10.0000,9.9005,9.9005,9.9065,0.2129,9.9858,9.9858,9.9926,0.2125
2.7130,10.0000,9.8993,9.8993,9.9053,0.2129,9.9845,9.9845,9.9913,0.2125
2.7140,10.0000,9.8981,9.8981,9.9041,0.2130,9.9831,9.9831,9.9899,0.2126
2.7150,10.0000,9.8969,9.8969,9.9029,0.2131,9.9817,9.9817,9.9885,0.2126
2.7160,10.0000,9.8956,9.8956,9.9017,0.2131,9.9803,9.9803,9.9872,0.2127
2.7170,10.0000,9.8944,9.8944,9.9005,0.2132,9.9789,9.9789,9.9858,0.2127
2.7180,10.0000,9.8932,9.8932,9.8993,0.2132,9.9775,9.9775,9.9844,0.2128
2.7190,10.0000,9.8920,9.8920,9.8980,0.2133,9.9761,9.9761,9.9830,0.2129
2.7200,10.0000,9.8907,9.8907,9.8968,0.2134,9.9747,9.9747,9.9817,0.2129
2.7210,10.0000,9.8895,9.8895,9.8956,0.2134,9.9733,9.9733,9.9803,0.2130
2.7220,10.0000,9.8883,9.8883,9.8944,0.2135,9.9719,9.9719,9.9789,0.2130
2.7230,10.0000,9.8870,9.8870,9.8932,0.2136,9.9705,9.9705,9.9775,0.2131
2.7240,10.0000,9.8858,9.8858,9.8919,0.2136,9.9690,9.9690,9.9761,0.2131
2.7250,10.0000,9.8846,9.8846,9.8907,0.2137,9.9676,9.9676,9.9747,0.2132
2.7260,10.0000,9.8833,9.8833,9.8895,0.2138,9.9662,9.9662,9.9733,0.2133
2.7270,10.0000,9.8821,9.8821,9.8882,0.2138,9.9647,9.9647,9.9718,0.2133
2.7280,10.0000,9.8808,9.8808,9.8870,0.2139,9.9633,9.9633,9.9704,0.2134
2.7290,10.0000,9.8796,9.8796,9.8858,0.2140,9.9619,9.9619,9.9690,0.2134
2.7300,10.0000,9.8783,9.8783,9.8845,0.2140,9.9604,9.9604,9.9676,0.2135
2.7310,10.0000,9.8770,9.8770,9.8833,0.2141,9.9590,9.9590,9.9661,0.2136
2.7320,10.0000,9.8758,9.8758,9.8820,0.2142,9.9575,9.9575,9.9647,0.2136
2.7330,10.0000,9.8745,9.8745,9.8808,0.2142,9.9561,9.9561,9.9633,0.2137
2.7340,10.0000,9.8732,9.8732,9.8795,0.2143,9.9546,9.9546,9.9618,0.2137
2.7350,10.0000,9.8720,9.8720,9.8783,0.2144,9.9532,9.9532,9.9604,0.2138
2.7360,10.0000,9.8707,9.8707,9.8770,0.2144,9.9517,9.9517,9.9589,0.2138
2.7370,10.0000,9.8694,9.8694,9.8758,0.2145,9.9502,9.9502,9.9575,0.2139
2.7380,10.0000,9.8682,9.8682,9.8745,0.2146,9.9488,9.9488,9.9560,0.2140
2.7390,10.0000,9.8669,9.8669,9.8732,0.2146,9.9473,9.9473,9.9546,0.2140
2.7400,10.0000,9.8656,9.8656,9.8720,0.2147,9.9458,9.9458,9.9531,0.2141
2.7410,10.0000,9.8643,9.8643,9.8707,0.2148,9.9443,9.9443,9.9517,0.2142
2.7420,10.0000,9.8630,9.8630,9.8694,0.2148,9.9428,9.9428,9.9502,0.2142
2.7430,10.0000,9.8617,9.8617,9.8681,0.2149,9.9414,9.9414,9.9487,0.2143
2.7440,10.0000,9.8605,9.8605,9.8669,0.2150,9.9399,9.9399,9.9473,0.2143
2.7450,10.0000,9.8592,9.8592,9.8656,0.2151,9.9384,9.9384,9.9458,0.2144
2.7460,10.0000,9.8579,9.8579,9.8643,0.2151,9.9369,9.9369,9.9443,0.2145
2.7470,10.0000,9.8566,9.8566,9.8630,0.2152,9.9354,9.9354,9.9428,0.2145
2.7480,10.0000,9.8553,9.8553,9.8617,0.2153,9.9339,9.9339,9.9413,0.2146
2.7490,10.0000,9.8540,9.8540,9.8604,0.2153,9.9324,9.9324,9.9398,0.2146
2.7500,10.0000,9.8527,9.8527,9.8591,0.2154,9.9309,9.9309,9.9383,0.2147
2.7510,10.0000,9.8514,9.8514,9.8579,0.2155,9.9294,9.9294,9.9369,0.2148
2.7520,10.0000,9.8501,9.8501,9.8566,0.2155,9.9279,9.9279,9.9354,0.2148
2.7530,10.0000,9.8488,9.8488,9.8553,0.2156,9.9263,9.9263,9.9339,0.2149
2.7540,10.0000,9.8475,9.8475,9.8540,0.2157,9.9248,9.9248,9.9324,0.2150
2.7550,10.0000,9.8462,9.8462,9.8527,0.2158,9.9233,9.9233,9.9308,0.2150
2.7560,10.0000,9.8448,9.8448,9.8514,0.2158,9.9218,9.9218,9.9293,0.2151
2.7570,10.0000,9.8435,9.8435,9.8501,0.2159,9.9203,9.9203,9.9278,0.2151
2.7580,10.0000,9.8422,9.8422,9.8488,0.2160,9.9187,9.9187,9.9263,0.2152
2.7590,10.0000,9.8409,9.8409,9.8475,0.2160,9.9172,9.9172,9.9248,0.2153
2.7600,10.0000,9.8396,9.8396,9.8461,0.2161,9.9157,9.9157,9.9233,0.2153
2.7610,10.0000,9.8383,9.8383,9.8448,0.2162,9.9141,9.9141,9.9218,0.2154
2.7620,10.0000,9.8369,9.8369,9.8435,0.2163,9.9126,9.9126,9.9202,0.2155
2.7630,10.0000,9.8356,9.8356,9.8422,0.2163,9.9111,9.9111,9.9187,0.2155
2.7640,10.0000,9.8343,9.8343,9.8409,0.2164,9.9095,9.9095,9.9172,0.2156
2.7650,10.0000,9.8330,9.8330,9.8396,0.2165,9.9080,9.9080,9.9156,0.2157
2.7660,10.0000,9.8317,9.8317,9.8383,0.2165,9.9064,9.9064,9.9141,0.2157
2.7670,10.0000,9.8303,9.8303,9.8369,0.2166,9.9049,9.9049,9.9126,0.2158
2.7680,10.0000,9.8290,9.8290,9.8356,0.2167,9.9033,9.9033,9.9110,0.2159
2.7690,10.0000,9.8277,9.8277,9.8343,0.2168,9.9018,9.9018,9.9095,0.2159
2.7700,10.0000,9.8263,9.8263,9.8330,0.2168,9.9002,9.9002,9.9080,0.2160
2.7710,10.0000,9.8250,9.8250,9.8316,0.2169,9.8987,9.8987,9.9064,0.2161
2.7720,10.0000,9.8237,9.8237,9.8303,0.2170,9.8971,9.8971,9.9049,0.2161
2.7730,10.0000,9.8223,9.8223,9.8290,0.2170,9.8956,9.8956,9.9033,0.2162
2.7740,10.0000,9.8210,9.8210,9.8277,0.2171,9.8940,9.8940,9.9018,0.2163
2.7750,10.0000,9.8197,9.8197,9.8263,0.2172,9.8924,9.8924,9.9002,0.2163
2.7760,10.0000,9.8183,9.8183,9.8250,0.2173,9.8909,9.8909,9.8986,0.2164
2.7770,10.0000,9.8170,9.8170,9.8237,0.2173,9.8893,9.8893,9.8971,0.2165
2.7780,10.0000,9.8156,9.8156,9.8223,0.2174,9.8877,9.8877,9.8955,0.2165
2.7790,10.0000,9.8143,9.8143,9.8210,0.2175,9.8862,9.8862,9.8940,0.2166
2.7800,10.0000,9.8130,9.8130,9.8196,0.2176,9.8846,9.8846,9.8924,0.2167
2.7810,10.0000,9.8116,9.8116,9.8183,0.2176,9.8830,9.8830,9.8908,0.2167
2.7820,10.0000,9.8103,9.8103,9.8170,0.2177,9.8814,9.8814,9.8893,0.2168
2.7830,10.0000,9.8089,9.8089,9.8156,0.2178,9.8799,9.8799,9.8877,0.2169
2.7840,10.0000,9.8076,9.8076,9.8143,0.2179,9.8783,9.8783,9.8861,0.2169
2.7850,10.0000,9.8062,9.8062,9.8129,0.2179,9.8767,9.8767,9.8846,0.2170
2.7860,10.0000,9.8049,9.8049,9.8116,0.2180,9.8751,9.8751,9.8830,0.2171
2.7870,10.0000,9.8035,9.8035,9.8103,0.2181,9.8736,9.8736,9.8814,0.2171
2.7880,10.0000,9.8022,9.8022,9.8089,0.2182,9.8720,9.8720,9.8799,0.2172
2.7890,10.0000,9.8008,9.8008,9.8076,0.2182,9.8704,9.8704,9.8783,0.2173
2.7900,10.0000,9.7995,9.7995,9.8062,0.2183,9.8688,9.8688,9.8767,0.2173
2.7910,10.0000,9.7982,9.7982,9.8049,0.2184,9.8672,9.8672,9.8751,0.2174
2.7920,10.0000,9.7968,9.7968,9.8035,0.2185,9.8656,9.8656,9.8735,0.2175
2.7930,10.0000,9.7955,9.7955,9.8022,0.2185,9.8640,9.8640,9.8720,0.2175
2.7940,10.0000,9.7941,9.7941,9.8008,0.2186,9.8625,9.8625,9.8704,0.2176
2.7950,10.0000,9.7928,9.7928,9.7995,0.2187,9.8609,9.8609,9.8688,0.2177
2.7960,10.0000,9.7914,9.7914,9.7981,0.2188,9.8593,9.8593,9.8672,0.2177
2.7970,10.0000,9.7900,9.7900,9.7968,0.2188,9.8577,9.8577,9.8656,0.2178
2.7980,10.0000,9.7887,9.7887,9.7954,0.2189,9.8561,9.8561,9.8640,0.2179
2.7990,10.0000,9.7873,9.7873,9.7941,0.2190,9.8545,9.8545,9.8624,0.2180
2.8000,10.0000,9.7860,9.7860,9.7927,0.2191,9.8529,9.8529,9.8609,0.2180
2.8010,10.0000,9.7846,9.7846,9.7914,0.2191,9.8513,9.8513,9.8593,0.2181
2.8020,10.0000,9.7833,9.7833,9.7900,0.2192,9.8497,9.8497,9.8577,0.2182
2.8030,10.0000,9.7819,9.7819,9.7887,0.2193,9.8481,9.8481,9.8561,0.2182
2.8040,10.0000,9.7806,9.7806,9.7873,0.2194,9.8465,9.8465,9.8545,0.2183
2.8050,10.0000,9.7792,9.7792,9.7860,0.2194,9.8449,9.8449,9.8529,0.2184
2.8060,10.0000,9.7779,9.7779,9.7846,0.2195,9.8433,9.8433,9.8513,0.2184
2.8070,10.0000,9.7765,9.7765,9.7833,0.2196,9.8417,9.8417,9.8497,0.2185
2.8080,10.0000,9.7752,9.7752,9.7819,0.2197,9.8401,9.8401,9.8481,0.2186
2.8090,10.0000,9.7738,9.7738,9.7806,0.2197,9.8385,9.8385,9.8465,0.2187
2.8100,10.0000,9.7725,9.7725,9.7792,0.2198,9.8369,9.8369,9.8449,0.2187
2.8110,10.0000,9.7711,9.7711,9.7779,0.2199,9.8354,9.8354,9.8433,0.2188
2.8120,10.0000,9.7698,9.7698,9.7765,0.2200,9.8338,9.8338,9.8417,0.2189
2.8130,10.0000,9.7684,9.7684,9.7752,0.2200,9.8322,9.8322,9.8401,0.2189
2.8140,10.0000,9.7671,9.7671,9.7738,0.2201,9.8306,9.8306,9.8385,0.2190
2.8150,10.0000,9.7657,9.7657,9.7725,0.2202,9.8290,9.8290,9.8369,0.2191
2.8160,10.0000,9.7644,9.7644,9.7711,0.2203,9.8274,9.8274,9.8353,0.2191
2.8170,10.0000,9.7630,9.7630,9.7698,0.2203,9.8258,9.8258,9.8338,0.2192
2.8180,10.0000,9.7617,9.7617,9.7684,0.2204,9.8242,9.8242,9.8322,0.2193
2.8190,10.0000,9.7604,9.7604,9.7671,0.2205,9.8226,9.8226,9.8306,0.2194
2.8200,10.0000,9.7590,9.7590,9.7657,0.2206,9.8210,9.8210,9.8290,0.2194
2.8210,10.0000,9.7577,9.7577,9.7644,0.2207,9.8194,9.8194,9.8274,0.2195
2.8220,10.0000,9.7563,9.7563,9.7631,0.2207,9.8178,9.8178,9.8258,0.2196
2.8230,10.0000,9.7550,9.7550,9.7617,0.2208,9.8162,9.8162,9.8242,0.2196
2.8240,10.0000,9.7536,9.7536,9.7604,0.2209,9.8146,9.8146,9.8226,0.2197
2.8250,10.0000,9.7523,9.7523,9.7590,0.2210,9.8130,9.8130,9.8210,0.2198
2.8260,10.0000,9.7510,9.7510,9.7577,0.2210,9.8114,9.8114,9.8194,0.2199
2.8270,10.0000,9.7496,9.7496,9.7563,0.2211,9.8098,9.8098,9.8178,0.2199
2.8280,10.0000,9.7483,9.7483,9.7550,0.2212,9.8082,9.8082,9.8162,0.2200
2.8290,10.0000,9.7470,9.7470,9.7537,0.2213,9.8066,9.8066,9.8146,0.2201
2.8300,10.0000,9.7456,9.7456,9.7523,0.2213,9.8050,9.8050,9.8130,0.2201
2.8310,10.0000,9.7443,9.7443,9.7510,0.2214,9.8034,9.8034,9.8114,0.2202
2.8320,10.0000,9.7430,9.7430,9.7496,0.2215,9.8018,9.8018,9.8098,0.2203
2.8330,10.0000,9.7416,9.7416,9.7483,0.2216,9.8003,9.8003,9.8082,0.2204
2.8340,10.0000,9.7403,9.7403,9.7470,0.2216,9.7987,9.7987,9.8066,0.2204
2.8350,10.0000,9.7390,9.7390,9.7456,0.2217,9.7971,9.7971,9.8050,0.2205
2.8360,10.0000,9.7376,9.7376,9.7443,0.2218,9.7955,9.7955,9.8034,0.2206
2.8370,10.0000,9.7363,9.7363,9.7430,0.2219,9.7939,9.7939,9.8019,0.2206
2.8380,10.0000,9.7350,9.7350,9.7416,0.2219,9.7923,9.7923,9.8003,0.2207
2.8390,10.0000,9.7337,9.7337,9.7403,0.2220,9.7907,9.7907,9.7987,0.2208
2.8400,10.0000,9.7324,9.7324,9.7390,0.2221,9.7892,9.7892,9.7971,0.2209
2.8410,10.0000,9.7310,9.7310,9.7377,0.2222,9.7876,9.7876,9.7955,0.2209
2.8420,10.0000,9.7297,9.7297,9.7363,0.2223,9.7860,9.7860,9.7939,0.2210
2.8430,10.0000,9.7284,9.7284,9.7350,0.2223,9.7844,9.7844,9.7923,0.2211
2.8440,10.0000,9.7271,9.7271,9.7337,0.2224,9.7828,9.7828,9.7907,0.2211
2.8450,10.0000,9.7258,9.7258,9.7324,0.2225,9.7813,9.7813,9.7892,0.2212
2.8460,10.0000,9.7245,9.7245,9.7311,0.2226,9.7797,9.7797,9.7876,0.2213
2.8470,10.0000,9.7232,9.7232,9.7297,0.2226,9.7781,9.7781,9.7860,0.2214
2.8480,10.0000,9.7219,9.7219,9.7284,0.2227,9.7766,9.7766,9.7844,0.2214
2.8490,10.0000,9.7206,9.7206,9.7271,0.2228,9.7750,9.7750,9.7829,0.2215
2.8500,10.0000,9.7193,9.7193,9.7258,0.2229,9.7734,9.7734,9.7813,0.2216
2.8510,10.0000,9.7180,9.7180,9.7245,0.2229,9.7719,9.7719,9.7797,0.2216
2.8520,10.0000,9.7167,9.7167,9.7232,0.2230,9.7703,9.7703,9.7781,0.2217
2.8530,10.0000,9.7154,9.7154,9.7219,0.2231,9.7687,9.7687,9.7766,0.2218
2.8540,10.0000,9.7141,9.7141,9.7206,0.2232,9.7672,9.7672,9.7750,0.2219
2.8550,10.0000,9.7128,9.7128,9.7193,0.2232,9.7656,9.7656,9.7734,0.2219
2.8560,10.0000,9.7115,9.7115,9.7180,0.2233,9.7641,9.7641,9.7719,0.2220
2.8570,10.0000,9.7102,9.7102,9.7167,0.2234,9.7625,9.7625,9.7703,0.2221
2.8580,10.0000,9.7089,9.7089,9.7154,0.2235,9.7610,9.7610,9.7687,0.2222
2.8590,10.0000,9.7077,9.7077,9.7141,0.2235,9.7594,9.7594,9.7672,0.2222
2.8600,10.0000,9.7064,9.7064,9.7128,0.2236,9.7579,9.7579,9.7656,0.2223
2.8610,10.0000,9.7051,9.7051,9.7115,0.2237,9.7563,9.7563,9.7641,0.2224
2.8620,10.0000,9.7038,9.7038,9.7102,0.2238,9.7548,9.7548,9.7625,0.2224
2.8630,10.0000,9.7026,9.7026,9.7090,0.2238,9.7532,9.7532,9.7610,0.2225
2.8640,10.0000,9.7013,9.7013,9.7077,0.2239,9.7517,9.7517,9.7594,0.2226
2.8650,10.0000,9.7000,9.7000,9.7064,0.2240,9.7502,9.7502,9.7579,0.2227
2.8660,10.0000,9.6988,7.4232,9.7051,0.2241,9.7486,9.7486,9.7563,0.2227
2.8670,10.0000,9.6976,7.4229,9.2488,0.2469,9.7471,9.7471,9.7548,0.2228
2.8680,10.0000,9.6966,7.4232,8.8836,0.2652,9.7456,9.7456,9.7533,0.2229
2.8690,10.0000,9.6957,7.4241,8.5915,0.2798,9.7441,9.7441,9.7517,0.2229
2.8700,10.0000,9.6951,7.4256,8.3580,0.2916,9.7425,9.7425,9.7502,0.2230
2.8710,10.0000,9.6948,7.4276,8.1715,0.3010,9.7410,9.7410,9.7487,0.2231
2.8720,10.0000,9.6947,7.4301,8.0227,0.3085,9.7395,9.7395,9.7471,0.2232
2.8730,10.0000,9.6949,7.4331,7.9042,0.3145,9.7380,9.7380,9.7456,0.2232
2.8740,10.0000,9.6954,7.4366,7.8100,0.3193,9.7365,9.7365,9.7441,0.2233
2.8750,10.0000,9.6962,7.4406,7.7353,0.3231,9.7350,9.7350,9.7426,0.2234
2.8760,10.0000,9.6974,7.4452,7.6764,0.3261,9.7335,7.4495,9.7410,0.2234
2.8770,10.0000,9.6988,7.4502,7.6301,0.3285,9.7320,7.4490,9.2827,0.2419
2.8780,10.0000,9.7006,7.4556,7.5941,0.3304,9.7307,7.4491,8.9160,0.2567
2.8790,10.0000,9.7026,7.4616,7.5664,0.3319,9.7296,7.4497,8.6226,0.2686
2.8800,10.0000,9.7050,7.4681,7.5455,0.3330,9.7286,7.4508,8.3880,0.2781
2.8810,10.0000,9.7077,7.4750,7.5300,0.3339,9.7278,7.4524,8.2006,0.2857
2.8820,10.0000,9.7107,7.4824,7.5190,0.3345,9.7273,7.4544,8.0509,0.2918
2.8830,10.0000,9.7139,7.4903,7.5117,0.3350,9.7270,7.4569,7.9316,0.2967
2.8840,10.0000,9.7175,7.4987,7.5074,0.3353,9.7269,7.4599,7.8367,0.3006
2.8850,10.0000,9.7213,7.5075,7.5057,0.3355,9.7271,7.4633,7.7613,0.3037
2.8860,10.0000,9.7254,7.5169,7.5060,0.3356,9.7275,7.4672,7.7017,0.3062
2.8870,10.0000,9.7298,7.5267,7.5082,0.3356,9.7282,7.4715,7.6548,0.3082
2.8880,10.0000,9.7344,7.5369,7.5119,0.3355,9.7292,7.4762,7.6181,0.3098
2.8890,10.0000,9.7393,7.5477,7.5169,0.3353,9.7304,7.4814,7.5898,0.3110
2.8900,10.0000,9.7445,7.5589,7.5231,0.3351,9.7318,7.4870,7.5681,0.3120
2.8910,10.0000,9.7499,7.5706,7.5302,0.3348,9.7335,7.4931,7.5519,0.3127
2.8920,10.0000,9.7555,7.5828,7.5383,0.3345,9.7355,7.4996,7.5401,0.3133
2.8930,10.0000,9.7613,7.5954,7.5472,0.3342,9.7376,7.5066,7.5320,0.3137
2.8940,10.0000,9.7674,7.6086,7.5569,0.3338,9.7400,7.5139,7.5269,0.3140
2.8950,10.0000,9.7736,7.6221,7.5672,0.3334,9.7427,7.5218,7.5243,0.3142
2.8960,10.0000,9.7801,7.6362,7.5782,0.3329,9.7456,7.5300,7.5238,0.3143
2.8970,10.0000,9.7868,7.6507,7.5898,0.3324,9.7486,7.5387,7.5251,0.3144
2.8980,10.0000,9.7937,7.6657,7.6020,0.3319,9.7519,7.5478,7.5278,0.3144
2.8990,10.0000,9.8007,7.6811,7.6147,0.3314,9.7554,7.5573,7.5318,0.3143
2.9000,10.0000,9.8079,7.6970,7.6280,0.3308,9.7591,7.5673,7.5369,0.3142
2.9010,10.0000,9.8153,7.7133,7.6418,0.3302,9.7631,7.5777,7.5430,0.3141
2.9020,10.0000,9.8229,7.7301,7.6561,0.3296,9.7672,7.5886,7.5499,0.3139
2.9030,10.0000,9.8306,7.7473,7.6709,0.3289,9.7714,7.5998,7.5577,0.3137
2.9040,10.0000,9.8385,7.7650,7.6862,0.3282,9.7759,7.6115,7.5661,0.3134
2.9050,10.0000,9.8465,7.7831,7.7019,0.3275,9.7805,7.6237,7.5752,0.3131
2.9060,10.0000,9.8547,7.8017,7.7182,0.3268,9.7854,7.6362,7.5849,0.3128
2.9070,10.0000,9.8630,7.8207,7.7349,0.3261,9.7903,7.6492,7.5951,0.3125
2.9080,10.0000,9.8714,7.8401,7.7520,0.3253,9.7955,7.6625,7.6059,0.3122
2.9090,10.0000,9.8799,7.8600,7.7697,0.3245,9.8007,7.6763,7.6173,0.3118
2.9100,10.0000,9.8885,7.8802,7.7877,0.3237,9.8062,7.6905,7.6291,0.3114
2.9110,10.0000,9.8973,7.9009,7.8062,0.3228,9.8118,7.7052,7.6414,0.3110
2.9120,10.0000,9.9061,7.9220,7.8252,0.3220,9.8175,7.7202,7.6541,0.3106
2.9130,10.0000,9.9151,7.9435,7.8445,0.3211,9.8233,7.7357,7.6673,0.3102
2.9140,10.0000,9.9241,7.9654,7.8643,0.3202,9.8293,7.7515,7.6810,0.3097
2.9150,10.0000,9.9332,7.9877,7.8845,0.3193,9.8354,7.7678,7.6951,0.3092
2.9160,10.0000,9.9424,8.0104,7.9052,0.3183,9.8416,7.7844,7.7096,0.3087
2.9170,10.0000,9.9517,8.0334,7.9262,0.3173,9.8479,7.8014,7.7246,0.3082
2.9180,10.0000,9.9610,8.0568,7.9477,0.3163,9.8544,7.8189,7.7400,0.3077
2.9190,10.0000,9.9704,8.0806,7.9695,0.3153,9.8609,7.8367,7.7557,0.3072
2.9200,10.0000,9.9798,8.1048,7.9917,0.3143,9.8676,7.8549,7.7719,0.3066
2.9210,10.0000,9.9893,8.1293,8.0143,0.3132,9.8743,7.8735,7.7885,0.3060
2.9220,10.0000,9.9988,8.1541,8.0373,0.3122,9.8811,7.8924,7.8055,0.3054
2.9230,10.0000,10.0083,8.1793,8.0607,0.3111,9.8880,7.9117,7.8229,0.3048
2.9240,10.0000,10.0179,8.2048,8.0844,0.3100,9.8950,7.9314,7.8407,0.3042
2.9250,10.0000,10.0275,8.2306,8.1085,0.3088,9.9020,7.9515,7.8588,0.3035
2.9260,10.0000,10.0371,8.2567,8.1329,0.3077,9.9091,7.9718,7.8773,0.3029
2.9270,10.0000,10.0468,8.2832,8.1577,0.3065,9.9163,7.9926,7.8962,0.3022
2.9280,10.0000,10.0564,8.3099,8.1828,0.3053,9.9236,8.0137,7.9155,0.3015
2.9290,10.0000,10.0661,8.3369,8.2082,0.3041,9.9309,8.0351,7.9351,0.3008
2.9300,10.0000,10.0757,8.3641,8.2339,0.3029,9.9382,8.0568,7.9551,0.3000
2.9310,10.0000,10.0854,8.3917,8.2600,0.3017,9.9456,8.0789,7.9755,0.2993
2.9320,10.0000,10.0950,8.4194,8.2863,0.3004,9.9530,8.1013,7.9962,0.2986
2.9330,10.0000,10.1046,8.4475,8.3129,0.2992,9.9605,8.1240,8.0172,0.2978
2.9340,10.0000,10.1142,8.4757,8.3398,0.2979,9.9680,8.1470,8.0385,0.2970
2.9350,10.0000,10.1238,8.5042,8.3670,0.2966,9.9756,8.1703,8.0602,0.2962
2.9360,10.0000,10.1333,8.5328,8.3944,0.2953,9.9831,8.1939,8.0822,0.2954
2.9370,10.0000,10.1428,8.5617,8.4221,0.2940,9.9907,8.2177,8.1046,0.2946
2.9380,10.0000,10.1522,8.5907,8.4500,0.2926,9.9983,8.2418,8.1272,0.2937
2.9390,10.0000,10.1616,8.6199,8.4782,0.2913,10.0059,8.2662,8.1501,0.2929
2.9400,10.0000,10.1710,8.6493,8.5065,0.2899,10.0135,8.2909,8.1733,0.2920
2.9410,10.0000,10.1803,8.6788,8.5351,0.2885,10.0212,8.3158,8.1969,0.2911
2.9420,10.0000,10.1896,8.7084,8.5638,0.2872,10.0288,8.3409,8.2206,0.2903
2.9430,10.0000,10.1987,8.7382,8.5927,0.2858,10.0364,8.3663,8.2447,0.2894
2.9440,10.0000,10.2078,8.7680,8.6218,0.2844,10.0440,8.3919,8.2690,0.2884
2.9450,10.0000,10.2169,8.7980,8.6511,0.2830,10.0516,8.4177,8.2936,0.2875
2.9460,10.0000,10.2259,8.8280,8.6804,0.2815,10.0592,8.4437,8.3184,0.2866
2.9470,10.0000,10.2347,8.8581,8.7100,0.2801,10.0668,8.4699,8.3435,0.2856
2.9480,10.0000,10.2435,8.8883,8.7396,0.2787,10.0744,8.4963,8.3688,0.2847
2.9490,10.0000,10.2523,8.9185,8.7693,0.2772,10.0819,8.5228,8.3943,0.2837
2.9500,10.0000,10.2609,8.9487,8.7992,0.2758,10.0894,8.5495,8.4200,0.2828
2.9510,10.0000,10.2694,8.9790,8.8291,0.2744,10.0969,8.5764,8.4459,0.2818
2.9520,10.0000,10.2778,9.0092,8.8591,0.2729,10.1043,8.6034,8.4720,0.2808
2.9530,10.0000,10.2862,9.0394,8.8891,0.2714,10.1117,8.6305,8.4983,0.2798
2.9540,10.0000,10.2944,9.0696,8.9192,0.2700,10.1190,8.6578,8.5247,0.2788
2.9550,10.0000,10.3025,9.0998,8.9493,0.2685,10.1264,8.6852,8.5513,0.2778
2.9560,10.0000,10.3105,9.1299,8.9794,0.2670,10.1336,8.7126,8.5781,0.2767
2.9570,10.0000,10.3184,9.1599,9.0095,0.2656,10.1408,8.7402,8.6050,0.2757
2.9580,10.0000,10.3262,9.1899,9.0396,0.2641,10.1480,8.7678,8.6320,0.2747
2.9590,10.0000,10.3338,9.2197,9.0696,0.2626,10.1551,8.7955,8.6592,0.2736
2.9600,10.0000,10.3413,9.2495,9.0996,0.2612,10.1621,8.8233,8.6865,0.2726
2.9610,10.0000,10.3487,9.2791,9.1296,0.2597,10.1691,8.8511,8.7138,0.2715
2.9620,10.0000,10.3560,9.3086,9.1595,0.2583,10.1760,8.8789,8.7413,0.2705
2.9630,10.0000,10.3631,9.3379,9.1893,0.2568,10.1829,8.9068,8.7688,0.2694
2.9640,10.0000,10.3701,9.3671,9.2190,0.2553,10.1896,8.9347,8.7964,0.2684
2.9650,10.0000,10.3770,9.3961,9.2486,0.2539,10.1963,8.9625,8.8241,0.2673
2.9660,10.0000,10.3837,9.4249,9.2781,0.2524,10.2030,8.9904,8.8518,0.2662
2.9670,10.0000,10.3903,9.4535,9.3075,0.2510,10.2095,9.0182,8.8795,0.2652
2.9680,10.0000,10.3967,9.4818,9.3367,0.2496,10.2160,9.0460,8.9072,0.2641
2.9690,10.0000,10.4030,9.5100,9.3657,0.2481,10.2223,9.0737,8.9350,0.2630
2.9700,10.0000,10.4091,9.5379,9.3946,0.2467,10.2286,9.1014,8.9627,0.2619
2.9710,10.0000,10.4151,9.5655,9.4232,0.2453,10.2348,9.1290,8.9905,0.2608
2.9720,10.0000,10.4209,9.5929,9.4517,0.2439,10.2410,9.1566,9.0182,0.2598
2.9730,10.0000,10.4266,9.6200,9.4799,0.2425,10.2470,9.1840,9.0459,0.2587
2.9740,10.0000,10.4321,9.6469,9.5080,0.2411,10.2529,9.2113,9.0735,0.2576
2.9750,10.0000,10.4375,9.6734,9.5357,0.2398,10.2587,9.2386,9.1011,0.2565
2.9760,10.0000,10.4427,9.6996,9.5633,0.2384,10.2645,9.2657,9.1286,0.2555
2.9770,10.0000,10.4478,9.7255,9.5905,0.2371,10.2701,9.2926,9.1560,0.2544
2.9780,10.0000,10.4526,9.7510,9.6175,0.2357,10.2756,9.3194,9.1833,0.2533
2.9790,10.0000,10.4573,9.7762,9.6442,0.2344,10.2811,9.3461,9.2105,0.2523
2.9800,10.0000,10.4619,9.8010,9.6706,0.2331,10.2864,9.3725,9.2376,0.2512
2.9810,10.0000,10.4663,9.8255,9.6967,0.2318,10.2916,9.3988,9.2646,0.2502
2.9820,10.0000,10.4705,9.8496,9.7225,0.2305,10.2967,9.4249,9.2915,0.2491
2.9830,10.0000,10.4746,9.8733,9.7479,0.2293,10.3017,9.4508,9.3181,0.2481
2.9840,10.0000,10.4784,9.8966,9.7730,0.2280,10.3066,9.4765,9.3447,0.2470
2.9850,10.0000,10.4822,9.9196,9.7977,0.2268,10.3113,9.5019,9.3710,0.2460
2.9860,10.0000,10.4857,9.9421,9.8221,0.2256,10.3160,9.5272,9.3972,0.2449
2.9870,10.0000,10.4891,9.9641,9.8461,0.2244,10.3205,9.5521,9.4232,0.2439
2.9880,10.0000,10.4923,9.9858,9.8697,0.2232,10.3249,9.5769,9.4490,0.2429
2.9890,10.0000,10.4953,10.0070,9.8929,0.2221,10.3292,9.6013,9.4746,0.2419
2.9900,10.0000,10.4982,10.0278,9.9157,0.2209,10.3334,9.6255,9.4999,0.2409
2.9910,10.0000,10.5008,10.0481,9.9381,0.2198,10.3375,9.6494,9.5250,0.2399
2.9920,10.0000,10.5034,10.0680,9.9601,0.2187,10.3414,9.6730,9.5499,0.2389
2.9930,10.0000,10.5057,10.0874,9.9817,0.2176,10.3452,9.6963,9.5745,0.2380
2.9940,10.0000,10.5079,10.1064,10.0029,0.2166,10.3489,9.7193,9.5989,0.2370
2.9950,10.0000,10.5099,10.1248,10.0236,0.2156,10.3525,9.7420,9.6230,0.2360
2.9960,10.0000,10.5117,10.1428,10.0438,0.2145,10.3559,9.7644,9.6468,0.2351
2.9970,10.0000,10.5134,10.1603,10.0636,0.2135,10.3592,9.7864,9.6703,0.2342
2.9980,10.0000,10.5148,10.1773,10.0830,0.2126,10.3624,9.8081,9.6935,0.2332
2.9990,10.0000,10.5162,10.1939,10.1018,0.2116,10.3655,9.8294,9.7164,0.2323
3.0000,10.0000,10.5173,10.2099,10.1202,0.2107,10.3684,9.8504,9.7390,0.2314
3.0010,10.0000,10.5183,10.2254,10.1382,0.2098,10.3712,9.8710,9.7613,0.2305
3.0020,10.0000,10.5191,10.2405,10.1556,0.2089,10.3739,9.8912,9.7832,0.2297
3.0030,10.0000,10.5197,10.2550,10.1726,0.2081,10.3765,9.9111,9.8048,0.2288
3.0040,10.0000,10.5202,10.2690,10.1891,0.2072,10.3789,9.9305,9.8261,0.2280
3.0050,10.0000,10.5205,10.2825,10.2050,0.2064,10.3812,9.9496,9.8470,0.2271
3.0060,10.0000,10.5207,10.2955,10.2205,0.2057,10.3834,9.9683,9.8675,0.2263
3.0070,10.0000,10.5207,10.3080,10.2355,0.2049,10.3854,9.9866,9.8877,0.2255
3.0080,10.0000,10.5205,10.3199,10.2500,0.2042,10.3873,10.0045,9.9075,0.2247
3.0090,10.0000,10.5201,10.3314,10.2640,0.2035,10.3891,10.0220,9.9269,0.2239
3.0100,10.0000,10.5196,10.3423,10.2775,0.2028,10.3908,10.0390,9.9459,0.2232
3.0110,10.0000,10.5190,10.3527,10.2904,0.2021,10.3923,10.0557,9.9645,0.2224
3.0120,10.0000,10.5182,10.3626,10.3029,0.2015,10.3937,10.0719,9.9827,0.2217
3.0130,10.0000,10.5172,10.3720,10.3148,0.2009,10.3950,10.0877,10.0006,0.2210
3.0140,10.0000,10.5161,10.3809,10.3263,0.2003,10.3961,10.1030,10.0180,0.2203
3.0150,10.0000,10.5148,10.3892,10.3372,0.1997,10.3972,10.1179,10.0350,0.2196
3.0160,10.0000,10.5134,10.3971,10.3476,0.1992,10.3981,10.1324,10.0516,0.2189
3.0170,10.0000,10.5118,10.4044,10.3575,0.1987,10.3988,10.1464,10.0677,0.2182
3.0180,10.0000,10.5101,10.4112,10.3669,0.1982,10.3995,10.1600,10.0835,0.2176
3.0190,10.0000,10.5082,10.4175,10.3757,0.1977,10.4000,10.1732,10.0988,0.2170
3.0200,10.0000,10.5062,10.4233,10.3841,0.1973,10.4004,10.1858,10.1137,0.2164
3.0210,10.0000,10.5041,10.4287,10.3920,0.1969,10.4007,10.1981,10.1281,0.2158
3.0220,10.0000,10.5018,10.4335,10.3993,0.1965,10.4009,10.2099,10.1421,0.2152
3.0230,10.0000,10.4994,10.4378,10.4061,0.1962,10.4009,10.2212,10.1556,0.2147
3.0240,10.0000,10.4968,10.4416,10.4125,0.1958,10.4008,10.2321,10.1688,0.2142
3.0250,10.0000,10.4941,10.4449,10.4183,0.1955,10.4006,10.2425,10.1814,0.2136
3.0260,10.0000,10.4913,10.4478,10.4236,0.1952,10.4003,10.2524,10.1936,0.2131
3.0270,10.0000,10.4884,10.4501,10.4284,0.1950,10.3999,10.2619,10.2054,0.2127
3.0280,10.0000,10.4853,10.4520,10.4328,0.1948,10.3993,10.2710,10.2167,0.2122
3.0290,10.0000,10.4821,10.4534,10.4366,0.1945,10.3987,10.2795,10.2275,0.2117
3.0300,10.0000,10.4788,10.4543,10.4400,0.1944,10.3979,10.2877,10.2379,0.2113
3.0310,10.0000,10.4754,10.4548,10.4428,0.1942,10.3970,10.2953,10.2479,0.2109
3.0320,10.0000,10.4718,10.4548,10.4452,0.1941,10.3960,10.3025,10.2574,0.2105
3.0330,10.0000,10.4682,10.4543,10.4471,0.1939,10.3949,10.3093,10.2664,0.2101
3.0340,10.0000,10.4644,10.4534,10.4486,0.1939,10.3937,10.3156,10.2750,0.2098
3.0350,10.0000,10.4605,10.4521,10.4495,0.1938,10.3924,10.3214,10.2831,0.2094
3.0360,10.0000,10.4565,10.4503,10.4501,0.1938,10.3910,10.3268,10.2908,0.2091
3.0370,10.0000,10.4524,10.4481,10.4501,0.1937,10.3895,10.3317,10.2980,0.2088
3.0380,10.0000,10.4483,10.4454,10.4497,0.1937,10.3878,10.3362,10.3047,0.2085
3.0390,10.0000,10.4440,10.4423,10.4488,0.1938,10.3861,10.3403,10.3110,0.2083
3.0400,10.0000,10.4396,10.4388,10.4475,0.1938,10.3843,10.3439,10.3169,0.2080
3.0410,10.0000,10.4351,10.4349,10.4458,0.1939,10.3824,10.3470,10.3223,0.2078
3.0420,10.0000,10.4306,10.4306,10.4436,0.1940,10.3804,10.3497,10.3272,0.2076
3.0430,10.0000,10.4260,10.4260,10.4410,0.1941,10.3783,10.3520,10.3317,0.2074
3.0440,10.0000,10.4212,10.4212,10.4380,0.1942,10.3761,10.3538,10.3358,0.2072
3.0450,10.0000,10.4164,10.4164,10.4346,0.1944,10.3738,10.3552,10.3394,0.2071
3.0460,10.0000,10.4115,10.4115,10.4310,0.1945,10.3714,10.3562,10.3426,0.2069
3.0470,10.0000,10.4066,10.4066,10.4271,0.1947,10.3689,10.3568,10.3453,0.2068
3.0480,10.0000,10.4016,10.4016,10.4230,0.1949,10.3664,10.3569,10.3476,0.2067
3.0490,10.0000,10.3965,10.3965,10.4187,0.1951,10.3638,10.3566,10.3495,0.2066
3.0500,10.0000,10.3913,10.3913,10.4143,0.1953,10.3611,10.3559,10.3509,0.2065
3.0510,10.0000,10.3861,10.3861,10.4097,0.1955,10.3583,10.3548,10.3519,0.2065
3.0520,10.0000,10.3808,10.3808,10.4050,0.1957,10.3554,10.3533,10.3525,0.2064
3.0530,10.0000,10.3755,10.3755,10.4001,0.1960,10.3525,10.3514,10.3526,0.2064
3.0540,10.0000,10.3701,10.3701,10.3952,0.1962,10.3495,10.3491,10.3524,0.2064
3.0550,10.0000,10.3646,10.3646,10.3902,0.1964,10.3464,10.3463,10.3517,0.2064
3.0560,10.0000,10.3591,10.3591,10.3851,0.1967,10.3433,10.3433,10.3506,0.2065
3.0570,10.0000,10.3536,10.3536,10.3799,0.1969,10.3401,10.3401,10.3492,0.2065
3.0580,10.0000,10.3480,10.3480,10.3746,0.1972,10.3368,10.3368,10.3473,0.2066
3.0590,10.0000,10.3424,10.3424,10.3693,0.1974,10.3334,10.3334,10.3452,0.2066
3.0600,10.0000,10.3367,10.3367,10.3639,0.1977,10.3300,10.3300,10.3429,0.2067
3.0610,10.0000,10.3310,10.3310,10.3585,0.1979,10.3266,10.3266,10.3403,0.2068
3.0620,10.0000,10.3252,10.3252,10.3530,0.1982,10.3231,10.3231,10.3376,0.2069
3.0630,10.0000,10.3194,10.3194,10.3474,0.1985,10.3195,10.3195,10.3347,0.2070
3.0640,10.0000,10.3136,10.3136,10.3418,0.1987,10.3159,10.3159,10.3316,0.2071
3.0650,10.0000,10.3078,10.3078,10.3362,0.1990,10.3122,10.3122,10.3285,0.2072
3.0660,10.0000,10.3019,10.3019,10.3305,0.1993,10.3085,10.3085,10.3252,0.2073
3.0670,10.0000,10.2960,10.2960,10.3248,0.1995,10.3048,10.3048,10.3219,0.2075
3.0680,10.0000,10.2901,10.2901,10.3190,0.1998,10.3010,10.3010,10.3185,0.2076
3.0690,10.0000,10.2842,10.2842,10.3133,0.2001,10.2971,10.2971,10.3150,0.2077
3.0700,10.0000,10.2783,10.2783,10.3074,0.2004,10.2932,10.2932,10.3114,0.2078
3.0710,10.0000,10.2723,10.2723,10.3016,0.2006,10.2893,10.2893,10.3078,0.2080
3.0720,10.0000,10.2663,10.2663,10.2957,0.2009,10.2854,10.2854,10.3041,0.2081
3.0730,10.0000,10.2603,10.2603,10.2899,0.2012,10.2814,10.2814,10.3003,0.2083
3.0740,10.0000,10.2543,10.2543,10.2839,0.2015,10.2774,10.2774,10.2965,0.2084
3.0750,10.0000,10.2483,10.2483,10.2780,0.2018,10.2733,10.2733,10.2927,0.2085
3.0760,10.0000,10.2423,10.2423,10.2721,0.2021,10.2692,10.2692,10.2888,0.2087
3.0770,10.0000,10.2363,10.2363,10.2661,0.2024,10.2651,10.2651,10.2849,0.2088
3.0780,10.0000,10.2303,10.2303,10.2602,0.2026,10.2610,10.2610,10.2809,0.2090
3.0790,10.0000,10.2242,10.2242,10.2542,0.2029,10.2568,10.2568,10.2769,0.2091
3.0800,10.0000,10.2182,10.2182,10.2482,0.2032,10.2526,10.2526,10.2729,0.2093
3.0810,10.0000,10.2122,10.2122,10.2422,0.2035,10.2484,10.2484,10.2689,0.2094
3.0820,10.0000,10.2062,10.2062,10.2362,0.2038,10.2442,10.2442,10.2648,0.2096
3.0830,10.0000,10.2002,10.2002,10.2302,0.2041,10.2399,10.2399,10.2606,0.2097
3.0840,10.0000,10.1942,10.1942,10.2242,0.2044,10.2357,10.2357,10.2565,0.2099
3.0850,10.0000,10.1882,10.1882,10.2182,0.2047,10.2314,10.2314,10.2523,0.2101
3.0860,10.0000,10.1822,10.1822,10.2122,0.2050,10.2271,10.2271,10.2482,0.2102
3.0870,10.0000,10.1762,10.1762,10.2062,0.2053,10.2228,10.2228,10.2439,0.2104
3.0880,10.0000,10.1703,10.1703,10.2002,0.2056,10.2185,10.2185,10.2397,0.2105
3.0890,10.0000,10.1643,10.1643,10.1942,0.2058,10.2142,10.2142,10.2355,0.2107
3.0900,10.0000,10.1584,10.1584,10.1882,0.2061,10.2098,10.2098,10.2312,0.2109
3.0910,10.0000,10.1525,10.1525,10.1823,0.2064,10.2055,10.2055,10.2269,0.2110
3.0920,10.0000,10.1466,10.1466,10.1763,0.2067,10.2012,10.2012,10.2227,0.2112
3.0930,10.0000,10.1407,10.1407,10.1704,0.2070,10.1968,10.1968,10.2184,0.2114
3.0940,10.0000,10.1349,10.1349,10.1644,0.2073,10.1925,10.1925,10.2141,0.2115
3.0950,10.0000,10.1291,10.1291,10.1585,0.2076,10.1881,10.1881,10.2097,0.2117
3.0960,10.0000,10.1233,10.1233,10.1526,0.2079,10.1838,10.1838,10.2054,0.2119
3.0970,10.0000,10.1175,10.1175,10.1468,0.2082,10.1794,10.1794,10.2011,0.2120
3.0980,10.0000,10.1118,10.1118,10.1409,0.2084,10.1751,10.1751,10.1968,0.2122
3.0990,10.0000,10.1060,10.1060,10.1351,0.2087,10.1707,10.1707,10.1924,0.2123
3.1000,10.0000,10.1003,10.1003,10.1293,0.2090,10.1664,10.1664,10.1881,0.2125
3.1010,10.0000,10.0947,10.0947,10.1235,0.2093,10.1621,10.1621,10.1838,0.2127
3.1020,10.0000,10.0891,10.0891,10.1177,0.2096,10.1577,10.1577,10.1794,0.2129
3.1030,10.0000,10.0835,10.0835,10.1120,0.2099,10.1534,10.1534,10.1751,0.2130
3.1040,10.0000,10.0779,10.0779,10.1063,0.2102,10.1491,10.1491,10.1707,0.2132
3.1050,10.0000,10.0724,10.0724,10.1006,0.2104,10.1448,10.1448,10.1664,0.2134
3.1060,10.0000,10.0669,10.0669,10.0950,0.2107,10.1405,10.1405,10.1621,0.2135
3.1070,10.0000,10.0614,10.0614,10.0893,0.2110,10.1362,10.1362,10.1578,0.2137
3.1080,10.0000,10.0560,10.0560,10.0838,0.2113,10.1320,10.1320,10.1535,0.2139
3.1090,10.0000,10.0506,10.0506,10.0782,0.2115,10.1277,10.1277,10.1492,0.2140
3.1100,10.0000,10.0453,10.0453,10.0727,0.2118,10.1235,10.1235,10.1449,0.2142
3.1110,10.0000,10.0400,10.0400,10.0672,0.2121,10.1193,10.1193,10.1406,0.2144
3.1120,10.0000,10.0347,10.0347,10.0617,0.2124,10.1151,10.1151,10.1363,0.2145
3.1130,10.0000,10.0295,10.0295,10.0563,0.2126,10.1109,10.1109,10.1321,0.2147
3.1140,10.0000,10.0243,10.0243,10.0510,0.2129,10.1067,10.1067,10.1278,0.2149
3.1150,10.0000,10.0191,10.0191,10.0456,0.2132,10.1025,10.1025,10.1236,0.2150
3.1160,10.0000,10.0140,10.0140,10.0403,0.2134,10.0984,10.0984,10.1194,0.2152
3.1170,10.0000,10.0090,10.0090,10.0351,0.2137,10.0943,10.0943,10.1152,0.2154
3.1180,10.0000,10.0040,10.0040,10.0299,0.2139,10.0902,10.0902,10.1110,0.2155
3.1190,10.0000,9.9990,9.9990,10.0247,0.2142,10.0861,10.0861,10.1069,0.2157
3.1200,10.0000,9.9941,9.9941,10.0195,0.2144,10.0821,10.0821,10.1027,0.2158
3.1210,10.0000,9.9892,9.9892,10.0145,0.2147,10.0781,10.0781,10.0986,0.2160
3.1220,10.0000,9.9844,9.9844,10.0094,0.2150,10.0741,10.0741,10.0945,0.2162
3.1230,10.0000,9.9796,9.9796,10.0044,0.2152,10.0701,10.0701,10.0904,0.2163
3.1240,10.0000,9.9749,9.9749,9.9995,0.2155,10.0661,10.0661,10.0863,0.2165
3.1250,10.0000,9.9702,9.9702,9.9945,0.2157,10.0622,10.0622,10.0823,0.2166
3.1260,10.0000,9.9656,9.9656,9.9897,0.2159,10.0583,10.0583,10.0783,0.2168
3.1270,10.0000,9.9610,9.9610,9.9849,0.2162,10.0544,10.0544,10.0743,0.2170
3.1280,10.0000,9.9565,9.9565,9.9801,0.2164,10.0506,10.0506,10.0703,0.2171
3.1290,10.0000,9.9520,9.9520,9.9754,0.2167,10.0468,10.0468,10.0664,0.2173
3.1300,10.0000,9.9476,9.9476,9.9707,0.2169,10.0430,10.0430,10.0625,0.2174
3.1310,10.0000,9.9432,9.9432,9.9661,0.2171,10.0392,10.0392,10.0586,0.2176
3.1320,10.0000,9.9389,9.9389,9.9615,0.2174,10.0355,10.0355,10.0547,0.2177
3.1330,10.0000,9.9346,9.9346,9.9570,0.2176,10.0318,10.0318,10.0509,0.2179
3.1340,10.0000,9.9304,9.9304,9.9525,0.2178,10.0282,10.0282,10.0471,0.2180
3.1350,10.0000,9.9262,9.9262,9.9481,0.2180,10.0245,10.0245,10.0433,0.2182
3.1360,10.0000,9.9221,9.9221,9.9437,0.2183,10.0209,10.0209,10.0395,0.2183
3.1370,10.0000,9.9181,9.9181,9.9394,0.2185,10.0174,10.0174,10.0358,0.2185
3.1380,10.0000,9.9141,9.9141,9.9351,0.2187,10.0138,10.0138,10.0321,0.2186
3.1390,10.0000,9.9101,9.9101,9.9309,0.2189,10.0103,10.0103,10.0285,0.2188
3.1400,10.0000,9.9062,9.9062,9.9267,0.2191,10.0069,10.0069,10.0248,0.2189
3.1410,10.0000,9.9024,9.9024,9.9226,0.2193,10.0034,10.0034,10.0212,0.2191
3.1420,10.0000,9.8986,9.8986,9.9186,0.2195,10.0000,10.0000,10.0177,0.2192
3.1430,10.0000,9.8949,9.8949,9.9146,0.2197,9.9967,9.9967,10.0141,0.2194
3.1440,10.0000,9.8912,9.8912,9.9106,0.2199,9.9933,9.9933,10.0107,0.2195
3.1450,10.0000,9.8876,9.8876,9.9067,0.2201,9.9900,9.9900,10.0072,0.2196
3.1460,10.0000,9.8840,9.8840,9.9029,0.2203,9.9868,9.9868,10.0038,0.2198
3.1470,10.0000,9.8805,9.8805,9.8991,0.2205,9.9836,9.9836,10.0004,0.2199
3.1480,10.0000,9.8770,9.8770,9.8954,0.2207,9.9804,9.9804,9.9970,0.2200
3.1490,10.0000,9.8736,9.8736,9.8917,0.2209,9.9772,9.9772,9.9937,0.2202
3.1500,10.0000,9.8703,9.8703,9.8881,0.2211,9.9741,9.9741,9.9904,0.2203
3.1510,10.0000,9.8670,9.8670,9.8845,0.2213,9.9711,9.9711,9.9871,0.2204
3.1520,10.0000,9.8638,9.8638,9.8810,0.2214,9.9680,9.9680,9.9839,0.2206
3.1530,10.0000,9.8606,9.8606,9.8776,0.2216,9.9650,9.9650,9.9807,0.2207
3.1540,10.0000,9.8575,9.8575,9.8742,0.2218,9.9621,9.9621,9.9776,0.2208
3.1550,10.0000,9.8544,9.8544,9.8709,0.2220,9.9592,9.9592,9.9745,0.2210
3.1560,10.0000,9.8514,9.8514,9.8676,0.2221,9.9563,9.9563,9.9714,0.2211
3.1570,10.0000,9.8485,9.8485,9.8643,0.2223,9.9534,9.9534,9.9684,0.2212
3.1580,10.0000,9.8456,9.8456,9.8612,0.2225,9.9506,9.9506,9.9654,0.2213
3.1590,10.0000,9.8428,9.8428,9.8581,0.2226,9.9479,9.9479,9.9625,0.2214
3.1600,10.0000,9.8400,9.8400,9.8550,0.2228,9.9452,9.9452,9.9595,0.2216
3.1610,10.0000,9.8373,9.8373,9.8520,0.2229,9.9425,9.9425,9.9567,0.2217
3.1620,10.0000,9.8346,9.8346,9.8491,0.2231,9.9398,9.9398,9.9538,0.2218
3.1630,10.0000,9.8320,9.8320,9.8462,0.2232,9.9372,9.9372,9.9510,0.2219
3.1640,10.0000,9.8295,9.8295,9.8433,0.2234,9.9347,9.9347,9.9483,0.2220
3.1650,10.0000,9.8270,9.8270,9.8406,0.2235,9.9322,9.9322,9.9456,0.2221
3.1660,10.0000,9.8245,9.8245,9.8378,0.2237,9.9297,9.9297,9.9429,0.2222
3.1670,10.0000,9.8222,9.8222,9.8352,0.2238,9.9272,9.9272,9.9402,0.2224
3.1680,10.0000,9.8198,9.8198,9.8326,0.2240,9.9248,9.9248,9.9376,0.2225
3.1690,10.0000,9.8176,9.8176,9.8300,0.2241,9.9225,9.9225,9.9351,0.2226
3.1700,10.0000,9.8153,9.8153,9.8275,0.2242,9.9202,9.9202,9.9326,0.2227
3.1710,10.0000,9.8132,9.8132,9.8251,0.2243,9.9179,9.9179,9.9301,0.2228
3.1720,10.0000,9.8111,9.8111,9.8227,0.2245,9.9156,9.9156,9.9276,0.2229
3.1730,10.0000,9.8090,9.8090,9.8204,0.2246,9.9134,9.9134,9.9252,0.2230
3.1740,10.0000,9.8070,9.8070,9.8181,0.2247,9.9113,9.9113,9.9229,0.2231
3.1750,10.0000,9.8051,9.8051,9.8159,0.2248,9.9092,9.9092,9.9206,0.2232
3.1760,10.0000,9.8032,9.8032,9.8137,0.2249,9.9071,9.9071,9.9183,0.2233
3.1770,10.0000,9.8014,9.8014,9.8116,0.2251,9.9051,9.9051,9.9160,0.2234
3.1780,10.0000,9.7996,9.7996,9.8096,0.2252,9.9031,9.9031,9.9139,0.2234
3.1790,10.0000,9.7979,9.7979,9.8076,0.2253,9.9011,9.9011,9.9117,0.2235
3.1800,10.0000,9.7962,9.7962,9.8057,0.2254,9.8992,9.8992,9.9096,0.2236
3.1810,10.0000,9.7946,9.7946,9.8038,0.2255,9.8974,9.8974,9.9075,0.2237
3.1820,10.0000,9.7931,9.7931,9.8019,0.2256,9.8955,9.8955,9.9055,0.2238
3.1830,10.0000,9.7916,9.7916,9.8002,0.2257,9.8938,9.8938,9.9035,0.2239
3.1840,10.0000,9.7901,9.7901,9.7984,0.2258,9.8920,9.8920,9.9015,0.2240
3.1850,10.0000,9.7887,9.7887,9.7968,0.2259,9.8903,9.8903,9.8996,0.2240
3.1860,10.0000,9.7874,9.7874,9.7952,0.2260,9.8886,9.8886,9.8978,0.2241
3.1870,10.0000,9.7861,9.7861,9.7936,0.2260,9.8870,9.8870,9.8960,0.2242
3.1880,10.0000,9.7848,9.7848,9.7921,0.2261,9.8854,9.8854,9.8942,0.2243
3.1890,10.0000,9.7836,9.7836,9.7906,0.2262,9.8839,9.8839,9.8924,0.2244
3.1900,10.0000,9.7825,9.7825,9.7892,0.2263,9.8824,9.8824,9.8907,0.2244
3.1910,10.0000,9.7814,9.7814,9.7879,0.2264,9.8810,9.8810,9.8891,0.2245
3.1920,10.0000,9.7803,9.7803,9.7866,0.2264,9.8795,9.8795,9.8874,0.2246
3.1930,10.0000,9.7793,9.7793,9.7853,0.2265,9.8782,9.8782,9.8859,0.2246
3.1940,10.0000,9.7784,9.7784,9.7841,0.2266,9.8768,9.8768,9.8843,0.2247
3.1950,10.0000,9.7775,9.7775,9.7830,0.2266,9.8755,9.8755,9.8828,0.2248
3.1960,10.0000,9.7767,9.7767,9.7819,0.2267,9.8743,9.8743,9.8814,0.2248
3.1970,10.0000,9.7759,9.7759,9.7809,0.2268,9.8731,9.8731,9.8799,0.2249
3.1980,10.0000,9.7751,9.7751,9.7799,0.2268,9.8719,9.8719,9.8786,0.2249
3.1990,10.0000,9.7744,9.7744,9.7789,0.2269,9.8707,9.8707,9.8772,0.2250
3.2000,10.0000,9.7738,9.7738,9.7780,0.2269,9.8696,9.8696,9.8759,0.2251
3.2010,10.0000,9.7732,9.7732,9.7772,0.2270,9.8686,9.8686,9.8747,0.2251
3.2020,10.0000,9.7726,9.7726,9.7764,0.2270,9.8676,9.8676,9.8735,0.2252
3.2030,10.0000,9.7721,9.7721,9.7756,0.2271,9.8666,9.8666,9.8723,0.2252
3.2040,10.0000,9.7717,9.7717,9.7749,0.2271,9.8657,9.8657,9.8711,0.2253
3.2050,10.0000,9.7713,9.7713,9.7743,0.2272,9.8648,9.8648,9.8700,0.2253
3.2060,10.0000,9.7709,9.7709,9.7737,0.2272,9.8639,9.8639,9.8690,0.2254
3.2070,10.0000,9.7706,9.7706,9.7731,0.2272,9.8631,9.8631,9.8680,0.2254
3.2080,10.0000,9.7703,9.7703,9.7726,0.2273,9.8623,9.8623,9.8670,0.2255
3.2090,10.0000,9.7701,9.7701,9.7721,0.2273,9.8615,9.8615,9.8660,0.2255
3.2100,10.0000,9.7699,9.7699,9.7717,0.2273,9.8608,9.8608,9.8651,0.2255
3.2110,10.0000,9.7697,9.7697,9.7714,0.2274,9.8602,9.8602,9.8643,0.2256
3.2120,10.0000,9.7696,9.7696,9.7710,0.2274,9.8595,9.8595,9.8635,0.2256
3.2130,10.0000,9.7696,9.7696,9.7707,0.2274,9.8589,9.8589,9.8627,0.2257
3.2140,10.0000,9.7695,9.7695,9.7705,0.2274,9.8584,9.8584,9.8619,0.2257
3.2150,10.0000,9.7696,9.7696,9.7703,0.2274,9.8578,9.8578,9.8612,0.2257
3.2160,10.0000,9.7696,9.7696,9.7702,0.2275,9.8574,9.8574,9.8605,0.2258
3.2170,10.0000,9.7697,9.7697,9.7701,0.2275,9.8569,9.8569,9.8599,0.2258
3.2180,10.0000,9.7699,9.7699,9.7700,0.2275,9.8565,9.8565,9.8593,0.2258
3.2190,10.0000,9.7701,9.7701,9.7700,0.2275,9.8561,9.8561,9.8587,0.2259
3.2200,10.0000,9.7703,9.7703,9.7700,0.2275,9.8558,9.8558,9.8582,0.2259
3.2210,10.0000,9.7706,9.7706,9.7701,0.2275,9.8555,9.8555,9.8577,0.2259
3.2220,10.0000,9.7709,9.7709,9.7702,0.2275,9.8552,9.8552,9.8573,0.2259
3.2230,10.0000,9.7712,9.7712,9.7703,0.2275,9.8550,9.8550,9.8569,0.2260
3.2240,10.0000,9.7716,9.7716,9.7705,0.2275,9.8548,9.8548,9.8565,0.2260
3.2250,10.0000,9.7721,9.7721,9.7707,0.2275,9.8546,9.8546,9.8562,0.2260
3.2260,10.0000,9.7725,9.7725,9.7710,0.2275,9.8545,9.8545,9.8558,0.2260
3.2270,10.0000,9.7730,9.7730,9.7713,0.2275,9.8544,9.8544,9.8556,0.2260
3.2280,10.0000,9.7736,9.7736,9.7716,0.2275,9.8543,9.8543,9.8553,0.2260
3.2290,10.0000,9.7741,9.7741,9.7720,0.2275,9.8543,9.8543,9.8551,0.2261
3.2300,10.0000,9.7747,9.7747,9.7724,0.2275,9.8543,9.8543,9.8550,0.2261
3.2310,10.0000,9.7754,9.7754,9.7729,0.2274,9.8544,9.8544,9.8548,0.2261
3.2320,10.0000,9.7761,9.7761,9.7734,0.2274,9.8544,9.8544,9.8547,0.2261
3.2330,10.0000,9.7768,9.7768,9.7739,0.2274,9.8545,9.8545,9.8547,0.2261
3.2340,10.0000,9.7775,9.7775,9.7745,0.2274,9.8547,9.8547,9.8547,0.2261
3.2350,10.0000,9.7783,9.7783,9.7751,0.2274,9.8549,9.8549,9.8547,0.2261
3.2360,10.0000,9.7791,9.7791,9.7757,0.2273,9.8551,9.8551,9.8547,0.2261
3.2370,10.0000,9.7800,9.7800,9.7764,0.2273,9.8553,9.8553,9.8548,0.2261
3.2380,10.0000,9.7808,9.7808,9.7771,0.2273,9.8556,9.8556,9.8549,0.2261
3.2390,10.0000,9.7818,9.7818,9.7779,0.2273,9.8559,9.8559,9.8550,0.2261
3.2400,10.0000,9.7827,9.7827,9.7787,0.2272,9.8562,9.8562,9.8552,0.2261
3.2410,10.0000,9.7837,9.7837,9.7795,0.2272,9.8565,9.8565,9.8554,0.2261
3.2420,10.0000,9.7847,9.7847,9.7803,0.2272,9.8569,9.8569,9.8556,0.2261
3.2430,10.0000,9.7857,9.7857,9.7812,0.2271,9.8574,9.8574,9.8559,0.2261
3.2440,10.0000,9.7868,9.7868,9.7821,0.2271,9.8578,9.8578,9.8562,0.2261
3.2450,10.0000,9.7879,9.7879,9.7830,0.2271,9.8583,9.8583,9.8565,0.2261
3.2460,10.0000,9.7890,9.7890,9.7840,0.2270,9.8588,9.8588,9.8569,0.2261
3.2470,10.0000,9.7902,9.7902,9.7850,0.2270,9.8593,9.8593,9.8572,0.2261
3.2480,10.0000,9.7913,9.7913,9.7860,0.2269,9.8599,9.8599,9.8577,0.2261
3.2490,10.0000,9.7925,9.7925,9.7871,0.2269,9.8605,9.8605,9.8581,0.2261
3.2500,10.0000,9.7938,9.7938,9.7882,0.2268,9.8611,9.8611,9.8586,0.2260
3.2510,10.0000,9.7950,9.7950,9.7893,0.2268,9.8618,9.8618,9.8591,0.2260
3.2520,10.0000,9.7963,9.7963,9.7904,0.2267,9.8624,9.8624,9.8596,0.2260
3.2530,10.0000,9.7976,9.7976,9.7916,0.2267,9.8631,9.8631,9.8602,0.2260
3.2540,10.0000,9.7990,9.7990,9.7928,0.2266,9.8639,9.8639,9.8608,0.2260
3.2550,10.0000,9.8003,9.8003,9.7941,0.2266,9.8646,9.8646,9.8614,0.2260
3.2560,10.0000,9.8017,9.8017,9.7953,0.2265,9.8654,9.8654,9.8620,0.2259
3.2570,10.0000,9.8031,9.8031,9.7966,0.2265,9.8662,9.8662,9.8627,0.2259
3.2580,10.0000,9.8046,9.8046,9.7979,0.2264,9.8671,9.8671,9.8634,0.2259
3.2590,10.0000,9.8060,9.8060,9.7992,0.2264,9.8679,9.8679,9.8642,0.2259
3.2600,10.0000,9.8075,9.8075,9.8006,0.2263,9.8688,9.8688,9.8649,0.2258
3.2610,10.0000,9.8090,9.8090,9.8020,0.2262,9.8697,9.8697,9.8657,0.2258
3.2620,10.0000,9.8105,9.8105,9.8034,0.2262,9.8707,9.8707,9.8665,0.2258
3.2630,10.0000,9.8121,9.8121,9.8048,0.2261,9.8716,9.8716,9.8673,0.2258
3.2640,10.0000,9.8137,9.8137,9.8063,0.2261,9.8726,9.8726,9.8682,0.2257
3.2650,10.0000,9.8153,9.8153,9.8078,0.2260,9.8736,9.8736,9.8691,0.2257
3.2660,10.0000,9.8169,9.8169,9.8093,0.2259,9.8747,9.8747,9.8700,0.2257
3.2670,10.0000,9.8185,9.8185,9.8108,0.2258,9.8757,9.8757,9.8709,0.2256
3.2680,10.0000,9.8201,9.8201,9.8123,0.2258,9.8768,9.8768,9.8719,0.2256
3.2690,10.0000,9.8218,9.8218,9.8139,0.2257,9.8779,9.8779,9.8729,0.2256
3.2700,10.0000,9.8235,9.8235,9.8155,0.2256,9.8790,9.8790,9.8739,0.2255
3.2710,10.0000,9.8252,9.8252,9.8171,0.2256,9.8802,9.8802,9.8749,0.2255
3.2720,10.0000,9.8269,9.8269,9.8187,0.2255,9.8813,9.8813,9.8760,0.2255
3.2730,10.0000,9.8287,9.8287,9.8203,0.2254,9.8825,9.8825,9.8770,0.2254
3.2740,10.0000,9.8304,9.8304,9.8220,0.2253,9.8837,9.8837,9.8781,0.2254
3.2750,10.0000,9.8322,9.8322,9.8237,0.2253,9.8850,9.8850,9.8793,0.2253
3.2760,10.0000,9.8340,9.8340,9.8254,0.2252,9.8862,9.8862,9.8804,0.2253
3.2770,10.0000,9.8358,9.8358,9.8271,0.2251,9.8875,9.8875,9.8816,0.2253
3.2780,10.0000,9.8376,9.8376,9.8288,0.2250,9.8888,9.8888,9.8828,0.2252
3.2790,10.0000,9.8394,9.8394,9.8306,0.2249,9.8901,9.8901,9.8840,0.2252
3.2800,10.0000,9.8413,9.8413,9.8324,0.2249,9.8914,9.8914,9.8852,0.2251
3.2810,10.0000,9.8431,9.8431,9.8341,0.2248,9.8928,9.8928,9.8864,0.2251
3.2820,10.0000,9.8450,9.8450,9.8359,0.2247,9.8941,9.8941,9.8877,0.2250
3.2830,10.0000,9.8469,9.8469,9.8378,0.2246,9.8955,9.8955,9.8890,0.2250
3.2840,10.0000,9.8488,9.8488,9.8396,0.2245,9.8969,9.8969,9.8903,0.2249
3.2850,10.0000,9.8507,9.8507,9.8414,0.2244,9.8983,9.8983,9.8916,0.2249
3.2860,10.0000,9.8527,9.8527,9.8433,0.2243,9.8998,9.8998,9.8930,0.2248
3.2870,10.0000,9.8546,9.8546,9.8452,0.2243,9.9012,9.9012,9.8943,0.2248
3.2880,10.0000,9.8565,9.8565,9.8471,0.2242,9.9027,9.9027,9.8957,0.2247
3.2890,10.0000,9.8585,9.8585,9.8490,0.2241,9.9042,9.9042,9.8971,0.2247
3.2900,10.0000,9.8605,9.8605,9.8509,0.2240,9.9057,9.9057,9.8985,0.2246
3.2910,10.0000,9.8625,9.8625,9.8528,0.2239,9.9072,9.9072,9.9000,0.2246
3.2920,10.0000,9.8645,9.8645,9.8547,0.2238,9.9088,9.9088,9.9014,0.2245
3.2930,10.0000,9.8665,9.8665,9.8567,0.2237,9.9103,9.9103,9.9029,0.2245
3.2940,10.0000,9.8685,9.8685,9.8586,0.2236,9.9119,9.9119,9.9044,0.2244
3.2950,10.0000,9.8705,9.8705,9.8606,0.2235,9.9135,9.9135,9.9059,0.2244
3.2960,10.0000,9.8725,9.8725,9.8626,0.2234,9.9151,9.9151,9.9074,0.2243
3.2970,10.0000,9.8746,9.8746,9.8646,0.2233,9.9167,9.9167,9.9089,0.2242
3.2980,10.0000,9.8766,9.8766,9.8666,0.2233,9.9183,9.9183,9.9105,0.2242
3.2990,10.0000,9.8787,9.8787,9.8686,0.2232,9.9199,9.9199,9.9120,0.2241
3.3000,10.0000,9.8807,9.8807,9.8706,0.2231,9.9216,9.9216,9.9136,0.2241
3.3010,10.0000,9.8828,9.8828,9.8726,0.2230,9.9232,9.9232,9.9152,0.2240
3.3020,10.0000,9.8849,9.8849,9.8746,0.2229,9.9249,9.9249,9.9168,0.2239
3.3030,10.0000,9.8869,9.8869,9.8767,0.2228,9.9266,9.9266,9.9184,0.2239
3.3040,10.0000,9.8890,9.8890,9.8787,0.2227,9.9283,9.9283,9.9201,0.2238
3.3050,10.0000,9.8911,9.8911,9.8808,0.2226,9.9300,9.9300,9.9217,0.2237
3.3060,10.0000,9.8932,9.8932,9.8829,0.2225,9.9317,9.9317,9.9234,0.2237
3.3070,10.0000,9.8953,9.8953,9.8849,0.2224,9.9335,9.9335,9.9250,0.2236
3.3080,10.0000,9.8974,9.8974,9.8870,0.2223,9.9352,9.9352,9.9267,0.2236
3.3090,10.0000,9.8995,9.8995,9.8891,0.2222,9.9370,9.9370,9.9284,0.2235
3.3100,10.0000,9.9016,9.9016,9.8912,0.2221,9.9387,9.9387,9.9301,0.2234
3.3110,10.0000,9.9037,9.9037,9.8933,0.2220,9.9405,9.9405,9.9319,0.2234
3.3120,10.0000,9.9059,9.9059,9.8954,0.2219,9.9423,9.9423,9.9336,0.2233
3.3130,10.0000,9.9080,9.9080,9.8975,0.2218,9.9441,9.9441,9.9353,0.2232
3.3140,10.0000,9.9101,9.9101,9.8996,0.2217,9.9459,9.9459,9.9371,0.2232
3.3150,10.0000,9.9122,9.9122,9.9017,0.2216,9.9477,9.9477,9.9389,0.2231
3.3160,10.0000,9.9144,9.9144,9.9038,0.2215,9.9496,9.9496,9.9406,0.2230
3.3170,10.0000,9.9165,9.9165,9.9059,0.2214,9.9514,9.9514,9.9424,0.2229
3.3180,10.0000,9.9186,9.9186,9.9080,0.2213,9.9532,9.9532,9.9442,0.2229
3.3190,10.0000,9.9208,9.9208,9.9101,0.2212,9.9551,9.9551,9.9460,0.2228
3.3200,10.0000,9.9229,9.9229,9.9123,0.2211,9.9569,9.9569,9.9478,0.2227
3.3210,10.0000,9.9250,9.9250,9.9144,0.2210,9.9588,9.9588,9.9496,0.2227
3.3220,10.0000,9.9272,9.9272,9.9165,0.2209,9.9607,9.9607,9.9515,0.2226
3.3230,10.0000,9.9293,9.9293,9.9186,0.2208,9.9625,9.9625,9.9533,0.2225
3.3240,10.0000,9.9314,9.9314,9.9208,0.2206,9.9644,9.9644,9.9552,0.2224
3.3250,10.0000,9.9336,9.9336,9.9229,0.2205,9.9663,9.9663,9.9570,0.2224
3.3260,10.0000,9.9357,9.9357,9.9250,0.2204,9.9682,9.9682,9.9589,0.2223
3.3270,10.0000,9.9378,9.9378,9.9272,0.2203,9.9701,9.9701,9.9607,0.2222
3.3280,10.0000,9.9400,9.9400,9.9293,0.2202,9.9720,9.9720,9.9626,0.2222
3.3290,10.0000,9.9421,9.9421,9.9314,0.2201,9.9739,9.9739,9.9645,0.2221
3.3300,10.0000,9.9442,9.9442,9.9336,0.2200,9.9759,9.9759,9.9664,0.2220
3.3310,10.0000,9.9463,9.9463,9.9357,0.2199,9.9778,9.9778,9.9683,0.2219
3.3320,10.0000,9.9485,9.9485,9.9378,0.2198,9.9797,9.9797,9.9702,0.2219
3.3330,10.0000,9.9506,9.9506,9.9400,0.2197,9.9817,9.9817,9.9721,0.2218
3.3340,10.0000,9.9527,9.9527,9.9421,0.2196,9.9836,9.9836,9.9740,0.2217
3.3350,10.0000,9.9548,9.9548,9.9442,0.2195,9.9855,9.9855,9.9759,0.2216
3.3360,10.0000,9.9569,9.9569,9.9463,0.2194,9.9875,9.9875,9.9778,0.2215
3.3370,10.0000,9.9590,9.9590,9.9484,0.2193,9.9894,9.9894,9.9798,0.2215
3.3380,10.0000,9.9611,9.9611,9.9506,0.2192,9.9914,9.9914,9.9817,0.2214
3.3390,10.0000,9.9632,9.9632,9.9527,0.2191,9.9933,9.9933,9.9836,0.2213
3.3400,10.0000,9.9653,9.9653,9.9548,0.2190,9.9953,9.9953,9.9856,0.2212
3.3410,10.0000,9.9674,9.9674,9.9569,0.2189,9.9972,9.9972,9.9875,0.2212
3.3420,10.0000,9.9695,9.9695,9.9590,0.2188,9.9992,9.9992,9.9895,0.2211
3.3430,10.0000,9.9716,9.9716,9.9611,0.2187,10.0012,10.0012,9.9914,0.2210
3.3440,10.0000,9.9737,9.9737,9.9632,0.2186,10.0031,10.0031,9.9934,0.2209
3.3450,10.0000,9.9757,9.9757,9.9653,0.2185,10.0051,10.0051,9.9953,0.2209
3.3460,10.0000,9.9778,9.9778,9.9674,0.2184,10.0071,10.0071,9.9973,0.2208
3.3470,10.0000,9.9799,9.9799,9.9695,0.2183,10.0090,10.0090,9.9992,0.2207
3.3480,10.0000,9.9819,9.9819,9.9716,0.2182,10.0110,10.0110,10.0012,0.2206
3.3490,10.0000,9.9840,9.9840,9.9736,0.2181,10.0130,10.0130,10.0032,0.2205
3.3500,10.0000,9.9860,9.9860,9.9757,0.2180,10.0150,10.0150,10.0051,0.2205
3.3510,10.0000,9.9880,9.9880,9.9778,0.2179,10.0169,10.0169,10.0071,0.2204
3.3520,10.0000,9.9901,9.9901,9.9798,0.2178,10.0189,10.0189,10.0091,0.2203
3.3530,10.0000,9.9921,9.9921,9.9819,0.2176,10.0209,10.0209,10.0110,0.2202
3.3540,10.0000,9.9941,9.9941,9.9839,0.2175,10.0229,10.0229,10.0130,0.2201
3.3550,10.0000,9.9961,9.9961,9.9860,0.2174,10.0248,10.0248,10.0150,0.2201
3.3560,10.0000,9.9981,9.9981,9.9880,0.2173,10.0268,10.0268,10.0169,0.2200
3.3570,10.0000,10.0001,10.0001,9.9900,0.2172,10.0288,10.0288,10.0189,0.2199
3.3580,10.0000,10.0021,10.0021,9.9920,0.2171,10.0307,10.0307,10.0209,0.2198
3.3590,10.0000,10.0041,10.0041,9.9940,0.2170,10.0327,10.0327,10.0229,0.2197
3.3600,10.0000,10.0060,10.0060,9.9961,0.2169,10.0347,10.0347,10.0248,0.2197
3.3610,10.0000,10.0080,10.0080,9.9981,0.2168,10.0366,10.0366,10.0268,0.2196
3.3620,10.0000,10.0100,10.0100,10.0000,0.2167,10.0386,10.0386,10.0288,0.2195
3.3630,10.0000,10.0119,10.0119,10.0020,0.2166,10.0406,10.0406,10.0307,0.2194
3.3640,10.0000,10.0138,10.0138,10.0040,0.2165,10.0425,10.0425,10.0327,0.2193
3.3650,10.0000,10.0158,10.0158,10.0060,0.2164,10.0445,10.0445,10.0347,0.2193
3.3660,10.0000,10.0177,10.0177,10.0079,0.2163,10.0464,10.0464,10.0366,0.2192
3.3670,10.0000,10.0196,10.0196,10.0099,0.2163,10.0484,10.0484,10.0386,0.2191
3.3680,10.0000,10.0215,10.0215,10.0118,0.2162,10.0503,10.0503,10.0405,0.2190
3.3690,10.0000,10.0234,10.0234,10.0138,0.2161,10.0523,10.0523,10.0425,0.2189
3.3700,10.0000,10.0253,10.0253,10.0157,0.2160,10.0542,10.0542,10.0445,0.2189
3.3710,10.0000,10.0271,10.0271,10.0176,0.2159,10.0561,10.0561,10.0464,0.2188
3.3720,10.0000,10.0290,10.0290,10.0195,0.2158,10.0581,10.0581,10.0484,0.2187
3.3730,10.0000,10.0308,10.0308,10.0214,0.2157,10.0600,10.0600,10.0503,0.2186
3.3740,10.0000,10.0327,10.0327,10.0233,0.2156,10.0619,10.0619,10.0522,0.2185
3.3750,10.0000,10.0345,10.0345,10.0252,0.2155,10.0639,10.0639,10.0542,0.2185
3.3760,10.0000,10.0363,10.0363,10.0270,0.2154,10.0658,10.0658,10.0561,0.2184
3.3770,10.0000,10.0381,10.0381,10.0289,0.2153,10.0677,10.0677,10.0580,0.2183
3.3780,10.0000,10.0399,10.0399,10.0307,0.2152,10.0696,10.0696,10.0600,0.2182
3.3790,10.0000,10.0417,10.0417,10.0326,0.2151,10.0715,10.0715,10.0619,0.2181
3.3800,10.0000,10.0435,10.0435,10.0344,0.2150,10.0734,10.0734,10.0638,0.2181
3.3810,10.0000,10.0453,10.0453,10.0362,0.2149,10.0753,10.0753,10.0657,0.2180
3.3820,10.0000,10.0470,10.0470,10.0380,0.2148,10.0772,10.0772,10.0676,0.2179
3.3830,10.0000,10.0488,10.0488,10.0398,0.2147,10.0790,10.0790,10.0695,0.2178
3.3840,10.0000,10.0505,10.0505,10.0416,0.2146,10.0809,10.0809,10.0714,0.2177
3.3850,10.0000,10.0522,10.0522,10.0434,0.2146,10.0828,10.0828,10.0733,0.2177
3.3860,10.0000,10.0540,10.0540,10.0452,0.2145,10.0847,10.0847,10.0752,0.2176
3.3870,10.0000,10.0557,10.0557,10.0469,0.2144,10.0865,10.0865,10.0771,0.2175
3.3880,10.0000,10.0574,10.0574,10.0487,0.2143,10.0884,10.0884,10.0790,0.2174
3.3890,10.0000,10.0590,10.0590,10.0504,0.2142,10.0902,10.0902,10.0809,0.2173
3.3900,10.0000,10.0607,10.0607,10.0521,0.2141,10.0920,10.0920,10.0827,0.2173
3.3910,10.0000,10.0624,10.0624,10.0538,0.2140,10.0939,10.0939,10.0846,0.2172
3.3920,10.0000,10.0640,10.0640,10.0555,0.2139,10.0957,10.0957,10.0865,0.2171
3.3930,10.0000,10.0656,10.0656,10.0572,0.2138,10.0975,10.0975,10.0883,0.2170
3.3940,10.0000,10.0672,10.0672,10.0589,0.2138,10.0993,10.0993,10.0901,0.2169
3.3950,10.0000,10.0689,10.0689,10.0606,0.2137,10.1011,10.1011,10.0920,0.2169
3.3960,10.0000,10.0704,10.0704,10.0622,0.2136,10.1029,10.1029,10.0938,0.2168
3.3970,10.0000,10.0720,10.0720,10.0639,0.2135,10.1047,10.1047,10.0956,0.2167
3.3980,10.0000,10.0736,10.0736,10.0655,0.2134,10.1065,10.1065,10.0974,0.2166
3.3990,10.0000,10.0752,10.0752,10.0671,0.2133,10.1083,10.1083,10.0993,0.2166
3.4000,10.0000,10.0767,10.0767,10.0687,0.2133,10.1100,10.1100,10.1011,0.2165
3.4010,10.0000,10.0782,10.0782,10.0703,0.2132,10.1118,10.1118,10.1029,0.2164
3.4020,10.0000,10.0798,10.0798,10.0719,0.2131,10.1135,10.1135,10.1046,0.2163
3.4030,10.0000,10.0813,10.0813,10.0735,0.2130,10.1153,10.1153,10.1064,0.2163
3.4040,10.0000,10.0828,10.0828,10.0750,0.2129,10.1170,10.1170,10.1082,0.2162
3.4050,10.0000,10.0842,10.0842,10.0766,0.2129,10.1187,10.1187,10.1100,0.2161
3.4060,10.0000,10.0857,10.0857,10.0781,0.2128,10.1204,10.1204,10.1117,0.2160
3.4070,10.0000,10.0872,10.0872,10.0796,0.2127,10.1222,10.1222,10.1135,0.2160
3.4080,10.0000,10.0886,10.0886,10.0811,0.2126,10.1239,10.1239,10.1152,0.2159
3.4090,10.0000,10.0901,10.0901,10.0826,0.2125,10.1255,10.1255,10.1169,0.2158
3.4100,10.0000,10.0915,10.0915,10.0841,0.2125,10.1272,10.1272,10.1187,0.2157
3.4110,10.0000,10.0929,10.0929,10.0856,0.2124,10.1289,10.1289,10.1204,0.2157
3.4120,10.0000,10.0943,10.0943,10.0871,0.2123,10.1306,10.1306,10.1221,0.2156
3.4130,10.0000,10.0957,10.0957,10.0885,0.2122,10.1322,10.1322,10.1238,0.2155
3.4140,10.0000,10.0970,10.0970,10.0899,0.2122,10.1338,10.1338,10.1255,0.2154
3.4150,10.0000,10.0984,10.0984,10.0914,0.2121,10.1355,10.1355,10.1271,0.2154
3.4160,10.0000,10.0997,10.0997,10.0928,0.2120,10.1371,10.1371,10.1288,0.2153
3.4170,10.0000,10.1011,10.1011,10.0942,0.2119,10.1387,10.1387,10.1305,0.2152
3.4180,10.0000,10.1024,10.1024,10.0955,0.2119,10.1403,10.1403,10.1321,0.2152
3.4190,10.0000,10.1037,10.1037,10.0969,0.2118,10.1419,10.1419,10.1338,0.2151
3.4200,10.0000,10.1050,10.1050,10.0983,0.2117,10.1435,10.1435,10.1354,0.2150
3.4210,10.0000,10.1062,10.1062,10.0996,0.2116,10.1451,10.1451,10.1370,0.2149
3.4220,10.0000,10.1075,10.1075,10.1009,0.2116,10.1466,10.1466,10.1386,0.2149
3.4230,10.0000,10.1088,10.1088,10.1022,0.2115,10.1482,10.1482,10.1402,0.2148
3.4240,10.0000,10.1100,10.1100,10.1035,0.2114,10.1497,10.1497,10.1418,0.2147
3.4250,10.0000,10.1112,10.1112,10.1048,0.2114,10.1513,10.1513,10.1434,0.2147
3.4260,10.0000,10.1124,10.1124,10.1061,0.2113,10.1528,10.1528,10.1450,0.2146
3.4270,10.0000,10.1136,10.1136,10.1074,0.2112,10.1543,10.1543,10.1465,0.2145
3.4280,10.0000,10.1148,10.1148,10.1086,0.2112,10.1558,10.1558,10.1481,0.2145
3.4290,10.0000,10.1160,10.1160,10.1099,0.2111,10.1573,10.1573,10.1496,0.2144
3.4300,10.0000,10.1172,10.1172,10.1111,0.2110,10.1588,10.1588,10.1512,0.2143
3.4310,10.0000,10.1183,10.1183,10.1123,0.2110,10.1602,10.1602,10.1527,0.2143
3.4320,10.0000,10.1194,10.1194,10.1135,0.2109,10.1617,10.1617,10.1542,0.2142
3.4330,10.0000,10.1206,10.1206,10.1147,0.2108,10.1632,10.1632,10.1557,0.2141
3.4340,10.0000,10.1217,10.1217,10.1159,0.2108,10.1646,10.1646,10.1572,0.2141
3.4350,10.0000,10.1227,10.1227,10.1170,0.2107,10.1660,10.1660,10.1587,0.2140
3.4360,10.0000,10.1238,10.1238,10.1182,0.2107,10.1674,10.1674,10.1601,0.2139
3.4370,10.0000,10.1249,10.1249,10.1193,0.2106,10.1688,10.1688,10.1616,0.2139
3.4380,10.0000,10.1259,10.1259,10.1204,0.2105,10.1702,10.1702,10.1630,0.2138
3.4390,10.0000,10.1270,10.1270,10.1215,0.2105,10.1716,10.1716,10.1645,0.2137
3.4400,10.0000,10.1280,10.1280,10.1226,0.2104,10.1730,10.1730,10.1659,0.2137
3.4410,10.0000,10.1290,10.1290,10.1237,0.2104,10.1743,10.1743,10.1673,0.2136
3.4420,10.0000,10.1300,10.1300,10.1248,0.2103,10.1757,10.1757,10.1687,0.2135
3.4430,10.0000,10.1310,10.1310,10.1258,0.2102,10.1770,10.1770,10.1701,0.2135
3.4440,10.0000,10.1320,10.1320,10.1269,0.2102,10.1783,10.1783,10.1715,0.2134
3.4450,10.0000,10.1329,10.1329,10.1279,0.2101,10.1796,10.1796,10.1729,0.2134
3.4460,10.0000,10.1339,10.1339,10.1289,0.2101,10.1809,10.1809,10.1742,0.2133
3.4470,10.0000,10.1348,10.1348,10.1299,0.2100,10.1822,10.1822,10.1756,0.2132
3.4480,10.0000,10.1358,10.1358,10.1309,0.2100,10.1835,10.1835,10.1769,0.2132
3.4490,10.0000,10.1367,10.1367,10.1319,0.2099,10.1848,10.1848,10.1782,0.2131
3.4500,10.0000,10.1376,10.1376,10.1328,0.2099,10.1860,10.1860,10.1795,0.2130
3.4510,10.0000,10.1384,10.1384,10.1338,0.2098,10.1873,10.1873,10.1808,0.2130
3.4520,10.0000,10.1393,10.1393,10.1347,0.2098,10.1885,10.1885,10.1821,0.2129
3.4530,10.0000,10.1402,10.1402,10.1356,0.2097,10.1897,10.1897,10.1834,0.2129
3.4540,10.0000,10.1410,10.1410,10.1365,0.2096,10.1909,10.1909,10.1847,0.2128
3.4550,10.0000,10.1418,10.1418,10.1374,0.2096,10.1921,10.1921,10.1859,0.2128
3.4560,10.0000,10.1427,10.1427,10.1383,0.2096,10.1933,10.1933,10.1871,0.2127
3.4570,10.0000,10.1435,10.1435,10.1392,0.2095,10.1945,10.1945,10.1884,0.2126
3.4580,10.0000,10.1442,10.1442,10.1400,0.2095,10.1956,10.1956,10.1896,0.2126
3.4590,10.0000,10.1450,10.1450,10.1409,0.2094,10.1968,10.1968,10.1908,0.2125
3.4600,10.0000,10.1458,10.1458,10.1417,0.2094,10.1979,10.1979,10.1920,0.2125
3.4610,10.0000,10.1465,10.1465,10.1425,0.2093,10.1990,10.1990,10.1932,0.2124
3.4620,10.0000,10.1473,10.1473,10.1433,0.2093,10.2001,10.2001,10.1943,0.2124
3.4630,10.0000,10.1480,10.1480,10.1441,0.2092,10.2012,10.2012,10.1955,0.2123
3.4640,10.0000,10.1487,10.1487,10.1449,0.2092,10.2023,10.2023,10.1966,0.2123
3.4650,10.0000,10.1494,10.1494,10.1457,0.2091,10.2034,10.2034,10.1978,0.2122
3.4660,10.0000,10.1501,10.1501,10.1464,0.2091,10.2044,10.2044,10.1989,0.2122
3.4670,10.0000,10.1508,10.1508,10.1472,0.2090,10.2055,10.2055,10.2000,0.2121
3.4680,10.0000,10.1515,10.1515,10.1479,0.2090,10.2065,10.2065,10.2011,0.2120
3.4690,10.0000,10.1521,10.1521,10.1486,0.2090,10.2075,10.2075,10.2022,0.2120
3.4700,10.0000,10.1528,10.1528,10.1493,0.2089,10.2085,10.2085,10.2032,0.2119
3.4710,10.0000,10.1534,10.1534,10.1500,0.2089,10.2095,10.2095,10.2043,0.2119
3.4720,10.0000,10.1540,10.1540,10.1507,0.2088,10.2105,10.2105,10.2053,0.2118
3.4730,10.0000,10.1546,10.1546,10.1513,0.2088,10.2115,10.2115,10.2064,0.2118
3.4740,10.0000,10.1552,10.1552,10.1520,0.2088,10.2124,10.2124,10.2074,0.2117
3.4750,10.0000,10.1558,10.1558,10.1526,0.2087,10.2134,10.2134,10.2084,0.2117
3.4760,10.0000,10.1563,10.1563,10.1533,0.2087,10.2143,10.2143,10.2094,0.2116
3.4770,10.0000,10.1569,10.1569,10.1539,0.2087,10.2152,10.2152,10.2104,0.2116
3.4780,10.0000,10.1574,10.1574,10.1545,0.2086,10.2161,10.2161,10.2114,0.2116
3.4790,10.0000,10.1580,10.1580,10.1551,0.2086,10.2170,10.2170,10.2123,0.2115
3.4800,10.0000,10.1585,10.1585,10.1556,0.2085,10.2179,10.2179,10.2133,0.2115
3.4810,10.0000,10.1590,10.1590,10.1562,0.2085,10.2188,10.2188,10.2142,0.2114
3.4820,10.0000,10.1595,10.1595,10.1568,0.2085,10.2197,10.2197,10.2151,0.2114
3.4830,10.0000,10.1600,10.1600,10.1573,0.2084,10.2205,10.2205,10.2160,0.2113
3.4840,10.0000,10.1604,10.1604,10.1578,0.2084,10.2213,10.2213,10.2169,0.2113
3.4850,10.0000,10.1609,10.1609,10.1584,0.2084,10.2222,10.2222,10.2178,0.2112
3.4860,10.0000,10.1613,10.1613,10.1589,0.2084,10.2230,10.2230,10.2187,0.2112
3.4870,10.0000,10.1618,10.1618,10.1594,0.2083,10.2238,10.2238,10.2195,0.2111
3.4880,10.0000,10.1622,10.1622,10.1598,0.2083,10.2245,10.2245,10.2204,0.2111
3.4890,10.0000,10.1626,10.1626,10.1603,0.2083,10.2253,10.2253,10.2212,0.2111
3.4900,10.0000,10.1630,10.1630,10.1608,0.2082,10.2261,10.2261,10.2220,0.2110
3.4910,10.0000,10.1634,10.1634,10.1612,0.2082,10.2268,10.2268,10.2228,0.2110
3.4920,10.0000,10.1638,10.1638,10.1616,0.2082,10.2275,10.2275,10.2236,0.2109
3.4930,10.0000,10.1641,10.1641,10.1621,0.2081,10.2283,10.2283,10.2244,0.2109
3.4940,10.0000,10.1645,10.1645,10.1625,0.2081,10.2290,10.2290,10.2252,0.2109
3.4950,10.0000,10.1648,10.1648,10.1629,0.2081,10.2297,10.2297,10.2259,0.2108
3.4960,10.0000,10.1651,10.1651,10.1633,0.2081,10.2303,10.2303,10.2267,0.2108
3.4970,10.0000,10.1655,10.1655,10.1636,0.2080,10.2310,10.2310,10.2274,0.2107
3.4980,10.0000,10.1658,10.1658,10.1640,0.2080,10.2317,10.2317,10.2281,0.2107
3.4990,10.0000,10.1661,10.1661,10.1644,0.2080,10.2323,10.2323,10.2288,0.2107
3.5000,10.0000,10.1664,10.1664,10.1647,0.2080,10.2329,10.2329,10.2295,0.2106
3.5010,10.0000,10.1666,10.1666,10.1650,0.2079,10.2336,10.2336,10.2302,0.2106
3.5020,10.0000,10.1669,10.1669,10.1654,0.2079,10.2342,10.2342,10.2309,0.2106
3.5030,10.0000,10.1671,10.1671,10.1657,0.2079,10.2348,10.2348,10.2315,0.2105
3.5040,10.0000,10.1674,10.1674,10.1660,0.2079,10.2353,10.2353,10.2322,0.2105
3.5050,10.0000,10.1676,10.1676,10.1662,0.2079,10.2359,10.2359,10.2328,0.2105
3.5060,10.0000,10.1678,10.1678,10.1665,0.2078,10.2365,10.2365,10.2334,0.2104
3.5070,10.0000,10.1680,10.1680,10.1668,0.2078,10.2370,10.2370,10.2340,0.2104
3.5080,10.0000,10.1682,10.1682,10.1670,0.2078,10.2375,10.2375,10.2346,0.2104
3.5090,10.0000,10.1684,10.1684,10.1673,0.2078,10.2381,10.2381,10.2352,0.2103
3.5100,10.0000,10.1686,10.1686,10.1675,0.2078,10.2386,10.2386,10.2358,0.2103
3.5110,10.0000,10.1688,10.1688,10.1677,0.2078,10.2390,10.2390,10.2363,0.2103
3.5120,10.0000,10.1689,10.1689,10.1679,0.2077,10.2395,10.2395,10.2369,0.2102
3.5130,10.0000,10.1691,10.1691,10.1681,0.2077,10.2400,10.2400,10.2374,0.2102
3.5140,10.0000,10.1692,10.1692,10.1683,0.2077,10.2405,10.2405,10.2379,0.2102
3.5150,10.0000,10.1693,10.1693,10.1685,0.2077,10.2409,10.2409,10.2384,0.2101
3.5160,10.0000,10.1694,10.1694,10.1687,0.2077,10.2413,10.2413,10.2389,0.2101
3.5170,10.0000,10.1695,10.1695,10.1688,0.2077,10.2418,10.2418,10.2394,0.2101
3.5180,10.0000,10.1696,10.1696,10.1690,0.2076,10.2422,10.2422,10.2399,0.2100
3.5190,10.0000,10.1697,10.1697,10.1691,0.2076,10.2426,10.2426,10.2403,0.2100
3.5200,10.0000,10.1698,10.1698,10.1692,0.2076,10.2429,10.2429,10.2408,0.2100
3.5210,10.0000,10.1698,10.1698,10.1693,0.2076,10.2433,10.2433,10.2412,0.2100
3.5220,10.0000,10.1699,10.1699,10.1694,0.2076,10.2437,10.2437,10.2416,0.2099
3.5230,10.0000,10.1699,10.1699,10.1695,0.2076,10.2440,10.2440,10.2420,0.2099
3.5240,10.0000,10.1700,10.1700,10.1696,0.2076,10.2443,10.2443,10.2424,0.2099
3.5250,10.0000,10.1700,10.1700,10.1697,0.2076,10.2447,10.2447,10.2428,0.2099
3.5260,10.0000,10.1700,10.1700,10.1697,0.2076,10.2450,10.2450,10.2432,0.2098
3.5270,10.0000,10.1700,10.1700,10.1698,0.2075,10.2453,10.2453,10.2435,0.2098
3.5280,10.0000,10.1700,10.1700,10.1698,0.2075,10.2456,10.2456,10.2439,0.2098
3.5290,10.0000,10.1700,10.1700,10.1699,0.2075,10.2458,10.2458,10.2442,0.2098
3.5300,10.0000,10.1700,10.1700,10.1699,0.2075,10.2461,10.2461,10.2445,0.2097
3.5310,10.0000,10.1699,10.1699,10.1699,0.2075,10.2463,10.2463,10.2449,0.2097
3.5320,10.0000,10.1699,10.1699,10.1699,0.2075,10.2466,10.2466,10.2451,0.2097
3.5330,10.0000,10.1698,10.1698,10.1699,0.2075,10.2468,10.2468,10.2454,0.2097
3.5340,10.0000,10.1697,10.1697,10.1699,0.2075,10.2470,10.2470,10.2457,0.2097
3.5350,10.0000,10.1697,10.1697,10.1699,0.2075,10.2472,10.2472,10.2460,0.2096
3.5360,10.0000,10.1696,10.1696,10.1698,0.2075,10.2474,10.2474,10.2462,0.2096
3.5370,10.0000,10.1695,10.1695,10.1698,0.2075,10.2476,10.2476,10.2465,0.2096
3.5380,10.0000,10.1694,10.1694,10.1697,0.2075,10.2477,10.2477,10.2467,0.2096
3.5390,10.0000,10.1693,10.1693,10.1697,0.2075,10.2479,10.2479,10.2469,0.2096
3.5400,10.0000,10.1692,10.1692,10.1696,0.2075,10.2480,10.2480,10.2471,0.2095
3.5410,10.0000,10.1690,10.1690,10.1695,0.2075,10.2482,10.2482,10.2473,0.2095
3.5420,10.0000,10.1689,10.1689,10.1694,0.2075,10.2483,10.2483,10.2475,0.2095
3.5430,10.0000,10.1687,10.1687,10.1693,0.2075,10.2484,10.2484,10.2476,0.2095
3.5440,10.0000,10.1686,10.1686,10.1692,0.2075,10.2485,10.2485,10.2478,0.2095
3.5450,10.0000,10.1684,10.1684,10.1691,0.2075,10.2486,10.2486,10.2479,0.2095
3.5460,10.0000,10.1682,10.1682,10.1689,0.2075,10.2487,10.2487,10.2481,0.2094
3.5470,10.0000,10.1681,10.1681,10.1688,0.2075,10.2487,10.2487,10.2482,0.2094
3.5480,10.0000,10.1679,10.1679,10.1686,0.2075,10.2488,10.2488,10.2483,0.2094
3.5490,10.0000,10.1677,10.1677,10.1685,0.2075,10.2488,10.2488,10.2484,0.2094
3.5500,10.0000,10.1674,10.1674,10.1683,0.2075,10.2488,10.2488,10.2485,0.2094
3.5510,10.0000,10.1672,10.1672,10.1681,0.2075,10.2488,10.2488,10.2485,0.2094
3.5520,10.0000,10.1670,10.1670,10.1680,0.2075,10.2488,10.2488,10.2486,0.2094
3.5530,10.0000,10.1668,10.1668,10.1678,0.2075,10.2488,10.2488,10.2486,0.2094
3.5540,10.0000,10.1665,10.1665,10.1676,0.2075,10.2488,10.2488,10.2487,0.2093
3.5550,10.0000,10.1663,10.1663,10.1674,0.2075,10.2488,10.2488,10.2487,0.2093
3.5560,10.0000,10.1660,10.1660,10.1671,0.2075,10.2487,10.2487,10.2487,0.2093
3.5570,10.0000,10.1657,10.1657,10.1669,0.2075,10.2487,10.2487,10.2487,0.2093
3.5580,10.0000,10.1655,10.1655,10.1667,0.2075,10.2486,10.2486,10.2487,0.2093
3.5590,10.0000,10.1652,10.1652,10.1664,0.2075,10.2486,10.2486,10.2487,0.2093
3.5600,10.0000,10.1649,10.1649,10.1662,0.2075,10.2485,10.2485,10.2487,0.2093
3.5610,10.0000,10.1646,10.1646,10.1659,0.2075,10.2484,10.2484,10.2486,0.2093
3.5620,10.0000,10.1643,10.1643,10.1657,0.2075,10.2483,10.2483,10.2486,0.2093
3.5630,10.0000,10.1639,10.1639,10.1654,0.2075,10.2482,10.2482,10.2485,0.2093
3.5640,10.0000,10.1636,10.1636,10.1651,0.2075,10.2480,10.2480,10.2484,0.2093
3.5650,10.0000,10.1633,10.1633,10.1648,0.2075,10.2479,10.2479,10.2484,0.2092
3.5660,10.0000,10.1629,10.1629,10.1645,0.2076,10.2477,10.2477,10.2483,0.2092
3.5670,10.0000,10.1626,10.1626,10.1642,0.2076,10.2476,10.2476,10.2482,0.2092
3.5680,10.0000,10.1622,10.1622,10.1639,0.2076,10.2474,10.2474,10.2480,0.2092
3.5690,10.0000,10.1618,10.1618,10.1635,0.2076,10.2472,10.2472,10.2479,0.2092
3.5700,10.0000,10.1615,10.1615,10.1632,0.2076,10.2470,10.2470,10.2478,0.2092
3.5710,10.0000,10.1611,10.1611,10.1628,0.2076,10.2468,10.2468,10.2476,0.2092
3.5720,10.0000,10.1607,10.1607,10.1625,0.2076,10.2466,10.2466,10.2475,0.2092
3.5730,10.0000,10.1603,10.1603,10.1621,0.2076,10.2464,10.2464,10.2473,0.2092
3.5740,10.0000,10.1599,10.1599,10.1618,0.2076,10.2461,10.2461,10.2471,0.2092
3.5750,10.0000,10.1595,10.1595,10.1614,0.2077,10.2459,10.2459,10.2469,0.2092
3.5760,10.0000,10.1591,10.1591,10.1610,0.2077,10.2456,10.2456,10.2467,0.2092
3.5770,10.0000,10.1586,10.1586,10.1606,0.2077,10.2454,10.2454,10.2465,0.2092
3.5780,10.0000,10.1582,10.1582,10.1602,0.2077,10.2451,10.2451,10.2463,0.2092
3.5790,10.0000,10.1577,10.1577,10.1598,0.2077,10.2448,10.2448,10.2460,0.2092
3.5800,10.0000,10.1573,10.1573,10.1594,0.2077,10.2445,10.2445,10.2458,0.2092
3.5810,10.0000,10.1568,10.1568,10.1590,0.2077,10.2442,10.2442,10.2455,0.2092
3.5820,10.0000,10.1564,10.1564,10.1585,0.2078,10.2439,10.2439,10.2453,0.2092
3.5830,10.0000,10.1559,10.1559,10.1581,0.2078,10.2435,10.2435,10.2450,0.2092
3.5840,10.0000,10.1554,10.1554,10.1577,0.2078,10.2432,10.2432,10.2447,0.2092
3.5850,10.0000,10.1549,10.1549,10.1572,0.2078,10.2428,10.2428,10.2444,0.2092
3.5860,10.0000,10.1544,10.1544,10.1568,0.2078,10.2425,10.2425,10.2441,0.2092
3.5870,10.0000,10.1539,10.1539,10.1563,0.2078,10.2421,10.2421,10.2438,0.2092
3.5880,10.0000,10.1534,10.1534,10.1558,0.2079,10.2417,10.2417,10.2434,0.2092
3.5890,10.0000,10.1529,10.1529,10.1553,0.2079,10.2413,10.2413,10.2431,0.2092
3.5900,10.0000,10.1524,10.1524,10.1548,0.2079,10.2409,10.2409,10.2427,0.2092
3.5910,10.0000,10.1518,10.1518,10.1543,0.2079,10.2405,10.2405,10.2424,0.2092
3.5920,10.0000,10.1513,10.1513,10.1538,0.2079,10.2401,10.2401,10.2420,0.2092
3.5930,10.0000,10.1507,10.1507,10.1533,0.2079,10.2397,10.2397,10.2416,0.2092
3.5940,10.0000,10.1502,10.1502,10.1528,0.2080,10.2392,10.2392,10.2412,0.2093
3.5950,10.0000,10.1496,10.1496,10.1523,0.2080,10.2388,10.2388,10.2408,0.2093
3.5960,10.0000,10.1491,10.1491,10.1518,0.2080,10.2383,10.2383,10.2404,0.2093
3.5970,10.0000,10.1485,10.1485,10.1512,0.2080,10.2379,10.2379,10.2400,0.2093
3.5980,10.0000,10.1479,10.1479,10.1507,0.2081,10.2374,10.2374,10.2396,0.2093
3.5990,10.0000,10.1473,10.1473,10.1501,0.2081,10.2369,10.2369,10.2391,0.2093
3.6000,10.0000,10.1467,10.1467,10.1496,0.2081,10.2364,10.2364,10.2387,0.2093
3.6010,10.0000,10.1461,10.1461,10.1490,0.2081,10.2359,10.2359,10.2382,0.2093
3.6020,10.0000,10.1455,10.1455,10.1484,0.2081,10.2354,10.2354,10.2378,0.2093
3.6030,10.0000,10.1449,10.1449,10.1478,0.2082,10.2348,10.2348,10.2373,0.2093
3.6040,10.0000,10.1443,10.1443,10.1473,0.2082,10.2343,10.2343,10.2368,0.2093
3.6050,10.0000,10.1437,10.1437,10.1467,0.2082,10.2338,10.2338,10.2363,0.2094
3.6060,10.0000,10.1430,10.1430,10.1461,0.2082,10.2332,10.2332,10.2358,0.2094
3.6070,10.0000,10.1424,10.1424,10.1455,0.2083,10.2326,10.2326,10.2353,0.2094
3.6080,10.0000,10.1418,10.1418,10.1448,0.2083,10.2321,10.2321,10.2347,0.2094
3.6090,10.0000,10.1411,10.1411,10.1442,0.2083,10.2315,10.2315,10.2342,0.2094
3.6100,10.0000,10.1404,10.1404,10.1436,0.2083,10.2309,10.2309,10.2337,0.2094
3.6110,10.0000,10.1398,10.1398,10.1430,0.2084,10.2303,10.2303,10.2331,0.2094
3.6120,10.0000,10.1391,10.1391,10.1423,0.2084,10.2297,10.2297,10.2325,0.2094
3.6130,10.0000,10.1384,10.1384,10.1417,0.2084,10.2291,10.2291,10.2320,0.2095
3.6140,10.0000,10.1377,10.1377,10.1410,0.2084,10.2284,10.2284,10.2314,0.2095
3.6150,10.0000,10.1371,10.1371,10.1404,0.2085,10.2278,10.2278,10.2308,0.2095
3.6160,10.0000,10.1364,10.1364,10.1397,0.2085,10.2271,10.2271,10.2302,0.2095
3.6170,10.0000,10.1357,10.1357,10.1390,0.2085,10.2265,10.2265,10.2296,0.2095
3.6180,10.0000,10.1349,10.1349,10.1384,0.2086,10.2258,10.2258,10.2290,0.2095
3.6190,10.0000,10.1342,10.1342,10.1377,0.2086,10.2252,10.2252,10.2283,0.2095
3.6200,10.0000,10.1335,10.1335,10.1370,0.2086,10.2245,10.2245,10.2277,0.2096
3.6210,10.0000,10.1328,10.1328,10.1363,0.2086,10.2238,10.2238,10.2271,0.2096
3.6220,10.0000,10.1320,10.1320,10.1356,0.2087,10.2231,10.2231,10.2264,0.2096
3.6230,10.0000,10.1313,10.1313,10.1349,0.2087,10.2224,10.2224,10.2257,0.2096
3.6240,10.0000,10.1306,10.1306,10.1342,0.2087,10.2217,10.2217,10.2251,0.2096
3.6250,10.0000,10.1298,10.1298,10.1334,0.2088,10.2209,10.2209,10.2244,0.2096
3.6260,10.0000,10.1291,10.1291,10.1327,0.2088,10.2202,10.2202,10.2237,0.2097
3.6270,10.0000,10.1283,10.1283,10.1320,0.2088,10.2195,10.2195,10.2230,0.2097
3.6280,10.0000,10.1275,10.1275,10.1312,0.2089,10.2187,10.2187,10.2223,0.2097
3.6290,10.0000,10.1267,10.1267,10.1305,0.2089,10.2180,10.2180,10.2216,0.2097
3.6300,10.0000,10.1260,10.1260,10.1298,0.2089,10.2172,10.2172,10.2209,0.2097
3.6310,10.0000,10.1252,10.1252,10.1290,0.2090,10.2164,10.2164,10.2201,0.2098
3.6320,10.0000,10.1244,10.1244,10.1282,0.2090,10.2156,10.2156,10.2194,0.2098
3.6330,10.0000,10.1236,10.1236,10.1275,0.2090,10.2148,10.2148,10.2186,0.2098
3.6340,10.0000,10.1228,10.1228,10.1267,0.2091,10.2140,10.2140,10.2179,0.2098
3.6350,10.0000,10.1220,10.1220,10.1259,0.2091,10.2132,10.2132,10.2171,0.2099
3.6360,10.0000,10.1212,10.1212,10.1251,0.2091,10.2124,10.2124,10.2163,0.2099
3.6370,10.0000,10.1203,10.1203,10.1243,0.2092,10.2116,10.2116,10.2155,0.2099
3.6380,10.0000,10.1195,10.1195,10.1235,0.2092,10.2108,10.2108,10.2148,0.2099
3.6390,10.0000,10.1187,10.1187,10.1227,0.2092,10.2099,10.2099,10.2140,0.2099
3.6400,10.0000,10.1179,10.1179,10.1219,0.2093,10.2091,10.2091,10.2131,0.2100
3.6410,10.0000,10.1170,10.1170,10.1211,0.2093,10.2082,10.2082,10.2123,0.2100
3.6420,10.0000,10.1162,10.1162,10.1203,0.2093,10.2073,10.2073,10.2115,0.2100
3.6430,10.0000,10.1153,10.1153,10.1195,0.2094,10.2065,10.2065,10.2107,0.2100
3.6440,10.0000,10.1144,10.1144,10.1186,0.2094,10.2056,10.2056,10.2098,0.2101
3.6450,10.0000,10.1136,10.1136,10.1178,0.2095,10.2047,10.2047,10.2090,0.2101
3.6460,10.0000,10.1127,10.1127,10.1170,0.2095,10.2038,10.2038,10.2081,0.2101
3.6470,10.0000,10.1118,10.1118,10.1161,0.2095,10.2029,10.2029,10.2073,0.2102
3.6480,10.0000,10.1110,10.1110,10.1153,0.2096,10.2020,10.2020,10.2064,0.2102
3.6490,10.0000,10.1101,10.1101,10.1144,0.2096,10.2011,10.2011,10.2055,0.2102
3.6500,10.0000,10.1092,10.1092,10.1135,0.2096,10.2002,10.2002,10.2046,0.2102
3.6510,10.0000,10.1083,10.1083,10.1127,0.2097,10.1992,10.1992,10.2037,0.2103
3.6520,10.0000,10.1074,10.1074,10.1118,0.2097,10.1983,10.1983,10.2028,0.2103
3.6530,10.0000,10.1065,10.1065,10.1109,0.2098,10.1973,10.1973,10.2019,0.2103
3.6540,10.0000,10.1056,10.1056,10.1100,0.2098,10.1964,10.1964,10.2010,0.2103
3.6550,10.0000,10.1046,10.1046,10.1091,0.2098,10.1954,10.1954,10.2001,0.2104
3.6560,10.0000,10.1037,10.1037,10.1082,0.2099,10.1944,10.1944,10.1991,0.2104
3.6570,10.0000,10.1028,10.1028,10.1073,0.2099,10.1935,10.1935,10.1982,0.2104
3.6580,10.0000,10.1019,10.1019,10.1064,0.2100,10.1925,10.1925,10.1973,0.2105
3.6590,10.0000,10.1009,10.1009,10.1055,0.2100,10.1915,10.1915,10.1963,0.2105
3.6600,10.0000,10.1000,10.1000,10.1046,0.2100,10.1905,10.1905,10.1953,0.2105
3.6610,10.0000,10.0990,10.0990,10.1037,0.2101,10.1895,10.1895,10.1944,0.2106
3.6620,10.0000,10.0981,10.0981,10.1027,0.2101,10.1885,10.1885,10.1934,0.2106
3.6630,10.0000,10.0971,10.0971,10.1018,0.2102,10.1874,10.1874,10.1924,0.2106
3.6640,10.0000,10.0962,10.0962,10.1009,0.2102,10.1864,10.1864,10.1914,0.2107
3.6650,10.0000,10.0952,10.0952,10.0999,0.2103,10.1854,10.1854,10.1904,0.2107
3.6660,10.0000,10.0942,10.0942,10.0990,0.2103,10.1843,10.1843,10.1894,0.2107
3.6670,10.0000,10.0932,10.0932,10.0980,0.2103,10.1833,10.1833,10.1884,0.2108
3.6680,10.0000,10.0923,10.0923,10.0971,0.2104,10.1822,10.1822,10.1874,0.2108
3.6690,10.0000,10.0913,10.0913,10.0961,0.2104,10.1812,10.1812,10.1863,0.2108
3.6700,10.0000,10.0903,10.0903,10.0951,0.2105,10.1801,10.1801,10.1853,0.2109
3.6710,10.0000,10.0893,10.0893,10.0942,0.2105,10.1790,10.1790,10.1843,0.2109
3.6720,10.0000,10.0883,10.0883,10.0932,0.2106,10.1779,10.1779,10.1832,0.2109
3.6730,10.0000,10.0873,10.0873,10.0922,0.2106,10.1768,10.1768,10.1822,0.2110
3.6740,10.0000,10.0863,10.0863,10.0912,0.2107,10.1757,10.1757,10.1811,0.2110
3.6750,10.0000,10.0853,10.0853,10.0902,0.2107,10.1746,10.1746,10.1800,0.2110
3.6760,10.0000,10.0842,10.0842,10.0892,0.2108,10.1735,10.1735,10.1789,0.2111
3.6770,10.0000,10.0832,10.0832,10.0882,0.2108,10.1724,10.1724,10.1779,0.2111
3.6780,10.0000,10.0822,10.0822,10.0872,0.2109,10.1713,10.1713,10.1768,0.2111
3.6790,10.0000,10.0811,10.0811,10.0862,0.2109,10.1701,10.1701,10.1757,0.2112
3.6800,10.0000,10.0801,10.0801,10.0852,0.2109,10.1690,10.1690,10.1746,0.2112
3.6810,10.0000,10.0791,10.0791,10.0842,0.2110,10.1679,10.1679,10.1735,0.2113
3.6820,10.0000,10.0780,10.0780,10.0832,0.2110,10.1667,10.1667,10.1723,0.2113
3.6830,10.0000,10.0770,10.0770,10.0821,0.2111,10.1656,10.1656,10.1712,0.2113
3.6840,10.0000,10.0759,10.0759,10.0811,0.2111,10.1644,10.1644,10.1701,0.2114
3.6850,10.0000,10.0748,10.0748,10.0801,0.2112,10.1632,10.1632,10.1689,0.2114
3.6860,10.0000,10.0738,10.0738,10.0790,0.2112,10.1621,10.1621,10.1678,0.2115
3.6870,10.0000,10.0727,10.0727,10.0780,0.2113,10.1609,10.1609,10.1667,0.2115
3.6880,10.0000,10.0716,10.0716,10.0769,0.2113,10.1597,10.1597,10.1655,0.2115
3.6890,10.0000,10.0706,10.0706,10.0759,0.2114,10.1585,10.1585,10.1643,0.2116
3.6900,10.0000,10.0695,10.0695,10.0748,0.2114,10.1573,10.1573,10.1632,0.2116
3.6910,10.0000,10.0684,10.0684,10.0737,0.2115,10.1561,10.1561,10.1620,0.2117
3.6920,10.0000,10.0673,10.0673,10.0727,0.2115,10.1549,10.1549,10.1608,0.2117
3.6930,10.0000,10.0662,10.0662,10.0716,0.2116,10.1537,10.1537,10.1596,0.2117
3.6940,10.0000,10.0651,10.0651,10.0705,0.2116,10.1524,10.1524,10.1584,0.2118
3.6950,10.0000,10.0640,10.0640,10.0694,0.2117,10.1512,10.1512,10.1572,0.2118
3.6960,10.0000,10.0629,10.0629,10.0683,0.2117,10.1500,10.1500,10.1560,0.2119
3.6970,10.0000,10.0618,10.0618,10.0673,0.2118,10.1487,10.1487,10.1548,0.2119
3.6980,10.0000,10.0607,10.0607,10.0662,0.2118,10.1475,10.1475,10.1536,0.2119
3.6990,10.0000,10.0595,10.0595,10.0651,0.2119,10.1462,10.1462,10.1524,0.2120
3.7000,10.0000,10.0584,10.0584,10.0640,0.2120,10.1450,10.1450,10.1511,0.2120
3.7010,10.0000,10.0573,10.0573,10.0628,0.2120,10.1437,10.1437,10.1499,0.2121
3.7020,10.0000,10.0561,10.0561,10.0617,0.2121,10.1424,10.1424,10.1487,0.2121
3.7030,10.0000,10.0550,10.0550,10.0606,0.2121,10.1412,10.1412,10.1474,0.2122
3.7040,10.0000,10.0539,10.0539,10.0595,0.2122,10.1399,10.1399,10.1462,0.2122
3.7050,10.0000,10.0527,10.0527,10.0584,0.2122,10.1386,10.1386,10.1449,0.2123
3.7060,10.0000,10.0516,10.0516,10.0572,0.2123,10.1373,10.1373,10.1436,0.2123
3.7070,10.0000,10.0504,10.0504,10.0561,0.2123,10.1360,10.1360,10.1424,0.2123
3.7080,10.0000,10.0493,10.0493,10.0550,0.2124,10.1347,10.1347,10.1411,0.2124
3.7090,10.0000,10.0481,10.0481,10.0538,0.2124,10.1334,10.1334,10.1398,0.2124
3.7100,10.0000,10.0469,10.0469,10.0527,0.2125,10.1321,10.1321,10.1385,0.2125
3.7110,10.0000,10.0458,10.0458,10.0515,0.2125,10.1307,10.1307,10.1372,0.2125
3.7120,10.0000,10.0446,10.0446,10.0504,0.2126,10.1294,10.1294,10.1359,0.2126
3.7130,10.0000,10.0434,10.0434,10.0492,0.2127,10.1281,10.1281,10.1346,0.2126
3.7140,10.0000,10.0422,10.0422,10.0481,0.2127,10.1267,10.1267,10.1333,0.2127
3.7150,10.0000,10.0410,10.0410,10.0469,0.2128,10.1254,10.1254,10.1320,0.2127
3.7160,10.0000,10.0399,10.0399,10.0457,0.2128,10.1241,10.1241,10.1307,0.2128
3.7170,10.0000,10.0387,10.0387,10.0445,0.2129,10.1227,10.1227,10.1294,0.2128
3.7180,10.0000,10.0375,10.0375,10.0434,0.2129,10.1214,10.1214,10.1280,0.2129
3.7190,10.0000,10.0363,10.0363,10.0422,0.2130,10.1200,10.1200,10.1267,0.2129
3.7200,10.0000,10.0351,10.0351,10.0410,0.2131,10.1186,10.1186,10.1254,0.2130
3.7210,10.0000,10.0339,10.0339,10.0398,0.2131,10.1173,10.1173,10.1240,0.2130
3.7220,10.0000,10.0326,10.0326,10.0386,0.2132,10.1159,10.1159,10.1227,0.2131
3.7230,10.0000,10.0314,10.0314,10.0374,0.2132,10.1145,10.1145,10.1213,0.2131
3.7240,10.0000,10.0302,10.0302,10.0362,0.2133,10.1131,10.1131,10.1199,0.2132
3.7250,10.0000,10.0290,10.0290,10.0350,0.2133,10.1117,10.1117,10.1186,0.2132
3.7260,10.0000,10.0278,10.0278,10.0338,0.2134,10.1103,10.1103,10.1172,0.2133
3.7270,10.0000,10.0265,10.0265,10.0326,0.2135,10.1089,10.1089,10.1158,0.2133
3.7280,10.0000,10.0253,10.0253,10.0314,0.2135,10.1075,10.1075,10.1144,0.2134
3.7290,10.0000,10.0241,10.0241,10.0302,0.2136,10.1061,10.1061,10.1131,0.2134
3.7300,10.0000,10.0228,10.0228,10.0290,0.2136,10.1047,10.1047,10.1117,0.2135
3.7310,10.0000,10.0216,10.0216,10.0277,0.2137,10.1033,10.1033,10.1103,0.2135
3.7320,10.0000,10.0203,10.0203,10.0265,0.2138,10.1018,10.1018,10.1089,0.2136
3.7330,10.0000,10.0191,10.0191,10.0253,0.2138,10.1004,10.1004,10.1075,0.2136
3.7340,10.0000,10.0178,10.0178,10.0240,0.2139,10.0990,10.0990,10.1061,0.2137
3.7350,10.0000,10.0166,10.0166,10.0228,0.2139,10.0975,10.0975,10.1046,0.2137
3.7360,10.0000,10.0153,10.0153,10.0216,0.2140,10.0961,10.0961,10.1032,0.2138
3.7370,10.0000,10.0141,10.0141,10.0203,0.2141,10.0946,10.0946,10.1018,0.2138
3.7380,10.0000,10.0128,10.0128,10.0191,0.2141,10.0932,10.0932,10.1004,0.2139
3.7390,10.0000,10.0115,10.0115,10.0178,0.2142,10.0917,10.0917,10.0989,0.2139
3.7400,10.0000,10.0103,10.0103,10.0166,0.2143,10.0903,10.0903,10.0975,0.2140
3.7410,10.0000,10.0090,10.0090,10.0153,0.2143,10.0888,10.0888,10.0961,0.2141
3.7420,10.0000,10.0077,10.0077,10.0140,0.2144,10.0873,10.0873,10.0946,0.2141
3.7430,10.0000,10.0064,10.0064,10.0128,0.2144,10.0859,10.0859,10.0932,0.2142
3.7440,10.0000,10.0051,10.0051,10.0115,0.2145,10.0844,10.0844,10.0917,0.2142
3.7450,10.0000,10.0039,10.0039,10.0102,0.2146,10.0829,10.0829,10.0902,0.2143
3.7460,10.0000,10.0026,10.0026,10.0090,0.2146,10.0814,10.0814,10.0888,0.2143
3.7470,10.0000,10.0013,10.0013,10.0077,0.2147,10.0799,10.0799,10.0873,0.2144
3.7480,10.0000,10.0000,10.0000,10.0064,0.2148,10.0785,10.0785,10.0858,0.2144
3.7490,10.0000,9.9987,9.9987,10.0051,0.2148,10.0770,10.0770,10.0844,0.2145
3.7500,10.0000,9.9974,9.9974,10.0038,0.2149,10.0755,10.0755,10.0829,0.2145
3.7510,10.0000,9.9961,9.9961,10.0025,0.2150,10.0739,10.0739,10.0814,0.2146
3.7520,10.0000,9.9948,9.9948,10.0012,0.2150,10.0724,10.0724,10.0799,0.2147
3.7530,10.0000,9.9935,9.9935,10.0000,0.2151,10.0709,10.0709,10.0784,0.2147
3.7540,10.0000,9.9921,9.9921,9.9987,0.2151,10.0694,10.0694,10.0769,0.2148
3.7550,10.0000,9.9908,9.9908,9.9973,0.2152,10.0679,10.0679,10.0754,0.2148
3.7560,10.0000,9.9895,9.9895,9.9960,0.2153,10.0664,10.0664,10.0739,0.2149
3.7570,10.0000,9.9882,9.9882,9.9947,0.2153,10.0648,10.0648,10.0724,0.2149
3.7580,10.0000,9.9869,9.9869,9.9934,0.2154,10.0633,10.0633,10.0709,0.2150
3.7590,10.0000,9.9855,9.9855,9.9921,0.2155,10.0618,10.0618,10.0694,0.2151
3.7600,10.0000,9.9842,9.9842,9.9908,0.2155,10.0602,10.0602,10.0679,0.2151
3.7610,10.0000,9.9829,9.9829,9.9895,0.2156,10.0587,10.0587,10.0663,0.2152
3.7620,10.0000,9.9815,9.9815,9.9882,0.2157,10.0571,10.0571,10.0648,0.2152
3.7630,10.0000,9.9802,9.9802,9.9868,0.2157,10.0556,10.0556,10.0633,0.2153
3.7640,10.0000,9.9789,9.9789,9.9855,0.2158,10.0540,10.0540,10.0617,0.2154
3.7650,10.0000,9.9775,9.9775,9.9842,0.2159,10.0525,10.0525,10.0602,0.2154
3.7660,10.0000,9.9762,9.9762,9.9829,0.2159,10.0509,10.0509,10.0587,0.2155
3.7670,10.0000,9.9748,9.9748,9.9815,0.2160,10.0494,10.0494,10.0571,0.2155
3.7680,10.0000,9.9735,9.9735,9.9802,0.2161,10.0478,10.0478,10.0556,0.2156
3.7690,10.0000,9.9721,9.9721,9.9788,0.2161,10.0462,10.0462,10.0540,0.2157
3.7700,10.0000,9.9708,9.9708,9.9775,0.2162,10.0447,10.0447,10.0525,0.2157
3.7710,10.0000,9.9694,9.9694,9.9762,0.2163,10.0431,10.0431,10.0509,0.2158
3.7720,10.0000,9.9681,9.9681,9.9748,0.2163,10.0415,10.0415,10.0493,0.2158
3.7730,10.0000,9.9667,9.9667,9.9735,0.2164,10.0399,10.0399,10.0478,0.2159
3.7740,10.0000,9.9653,9.9653,9.9721,0.2165,10.0384,10.0384,10.0462,0.2160
3.7750,10.0000,9.9640,9.9640,9.9708,0.2166,10.0368,10.0368,10.0446,0.2160
3.7760,10.0000,9.9626,9.9626,9.9694,0.2166,10.0352,10.0352,10.0431,0.2161
3.7770,10.0000,9.9612,9.9612,9.9680,0.2167,10.0336,10.0336,10.0415,0.2161
3.7780,10.0000,9.9599,9.9599,9.9667,0.2168,10.0320,10.0320,10.0399,0.2162
3.7790,10.0000,9.9585,9.9585,9.9653,0.2168,10.0304,10.0304,10.0383,0.2163
3.7800,10.0000,9.9571,9.9571,9.9640,0.2169,10.0288,10.0288,10.0367,0.2163
3.7810,10.0000,9.9557,9.9557,9.9626,0.2170,10.0272,10.0272,10.0351,0.2164
3.7820,10.0000,9.9544,9.9544,9.9612,0.2170,10.0256,10.0256,10.0336,0.2165
3.7830,10.0000,9.9530,9.9530,9.9599,0.2171,10.0240,10.0240,10.0320,0.2165
3.7840,10.0000,9.9516,9.9516,9.9585,0.2172,10.0224,10.0224,10.0304,0.2166
3.7850,10.0000,9.9502,9.9502,9.9571,0.2173,10.0207,10.0207,10.0288,0.2167
3.7860,10.0000,9.9488,9.9488,9.9557,0.2173,10.0191,10.0191,10.0272,0.2167
3.7870,10.0000,9.9474,9.9474,9.9543,0.2174,10.0175,10.0175,10.0255,0.2168
3.7880,10.0000,9.9461,9.9461,9.9530,0.2175,10.0159,10.0159,10.0239,0.2168
3.7890,10.0000,9.9447,9.9447,9.9516,0.2175,10.0143,10.0143,10.0223,0.2169
3.7900,10.0000,9.9433,9.9433,9.9502,0.2176,10.0126,10.0126,10.0207,0.2170
3.7910,10.0000,9.9419,9.9419,9.9488,0.2177,10.0110,10.0110,10.0191,0.2170
3.7920,10.0000,9.9405,9.9405,9.9474,0.2177,10.0094,10.0094,10.0175,0.2171
3.7930,10.0000,9.9391,9.9391,9.9460,0.2178,10.0077,10.0077,10.0159,0.2172
3.7940,10.0000,9.9377,9.9377,9.9446,0.2179,10.0061,10.0061,10.0142,0.2172
3.7950,10.0000,9.9363,9.9363,9.9433,0.2180,10.0045,10.0045,10.0126,0.2173
3.7960,10.0000,9.9349,9.9349,9.9419,0.2180,10.0028,10.0028,10.0110,0.2174
3.7970,10.0000,9.9335,9.9335,9.9405,0.2181,10.0012,10.0012,10.0093,0.2174
3.7980,10.0000,9.9321,9.9321,9.9391,0.2182,9.9995,9.9995,10.0077,0.2175
3.7990,10.0000,9.9307,9.9307,9.9377,0.2183,9.9979,9.9979,10.0061,0.2176
3.8000,10.0000,9.9293,9.9293,9.9363,0.2183,9.9962,9.9962,10.0044,0.2176
3.8010,10.0000,9.9278,9.9278,9.9349,0.2184,9.9946,9.9946,10.0028,0.2177
3.8020,10.0000,9.9264,9.9264,9.9335,0.2185,9.9929,9.9929,10.0012,0.2178
3.8030,10.0000,9.9250,9.9250,9.9321,0.2185,9.9913,9.9913,9.9995,0.2178
3.8040,10.0000,9.9236,9.9236,9.9306,0.2186,9.9896,9.9896,9.9979,0.2179
3.8050,10.0000,9.9222,9.9222,9.9292,0.2187,9.9880,9.9880,9.9962,0.2180
3.8060,10.0000,9.9208,9.9208,9.9278,0.2188,9.9863,9.9863,9.9946,0.2180
3.8070,10.0000,9.9194,9.9194,9.9264,0.2188,9.9847,9.9847,9.9929,0.2181
3.8080,10.0000,9.9179,9.9179,9.9250,0.2189,9.9830,9.9830,9.9913,0.2182
3.8090,10.0000,9.9165,9.9165,9.9236,0.2190,9.9813,9.9813,9.9896,0.2182
3.8100,10.0000,9.9151,9.9151,9.9222,0.2191,9.9797,9.9797,9.9880,0.2183
3.8110,10.0000,9.9137,9.9137,9.9208,0.2191,9.9780,9.9780,9.9863,0.2184
3.8120,10.0000,9.9123,9.9123,9.9194,0.2192,9.9763,9.9763,9.9846,0.2184
3.8130,10.0000,9.9108,9.9108,9.9179,0.2193,9.9747,9.9747,9.9830,0.2185
3.8140,10.0000,9.9094,9.9094,9.9165,0.2193,9.9730,9.9730,9.9813,0.2186
3.8150,10.0000,9.9080,9.9080,9.9151,0.2194,9.9713,9.9713,9.9797,0.2186
3.8160,10.0000,9.9066,9.9066,9.9137,0.2195,9.9697,9.9697,9.9780,0.2187
3.8170,10.0000,9.9051,9.9051,9.9123,0.2196,9.9680,9.9680,9.9763,0.2188
3.8180,10.0000,9.9037,9.9037,9.9108,0.2196,9.9663,9.9663,9.9747,0.2188
3.8190,10.0000,9.9023,9.9023,9.9094,0.2197,9.9646,9.9646,9.9730,0.2189
3.8200,10.0000,9.9009,9.9009,9.9080,0.2198,9.9629,9.9629,9.9713,0.2190
3.8210,10.0000,9.8994,9.8994,9.9066,0.2199,9.9613,9.9613,9.9696,0.2190
3.8220,10.0000,9.8980,9.8980,9.9051,0.2199,9.9596,9.9596,9.9680,0.2191
3.8230,10.0000,9.8966,9.8966,9.9037,0.2200,9.9579,9.9579,9.9663,0.2192
3.8240,10.0000,9.8952,9.8952,9.9023,0.2201,9.9562,9.9562,9.9646,0.2192
3.8250,10.0000,9.8937,9.8937,9.9009,0.2202,9.9545,9.9545,9.9629,0.2193
3.8260,10.0000,9.8923,9.8923,9.8994,0.2202,9.9529,9.9529,9.9613,0.2194
3.8270,10.0000,9.8909,9.8909,9.8980,0.2203,9.9512,9.9512,9.9596,0.2194
3.8280,10.0000,9.8894,9.8894,9.8966,0.2204,9.9495,9.9495,9.9579,0.2195
3.8290,10.0000,9.8880,9.8880,9.8952,0.2205,9.9478,9.9478,9.9562,0.2196
3.8300,10.0000,9.8866,9.8866,9.8937,0.2205,9.9461,9.9461,9.9545,0.2197
3.8310,10.0000,9.8851,9.8851,9.8923,0.2206,9.9444,9.9444,9.9529,0.2197
3.8320,10.0000,9.8837,9.8837,9.8909,0.2207,9.9428,9.9428,9.9512,0.2198
3.8330,10.0000,9.8823,9.8823,9.8894,0.2208,9.9411,9.9411,9.9495,0.2199
3.8340,10.0000,9.8809,9.8809,9.8880,0.2208,9.9394,9.9394,9.9478,0.2199
3.8350,10.0000,9.8794,9.8794,9.8866,0.2209,9.9377,9.9377,9.9461,0.2200
3.8360,10.0000,9.8780,9.8780,9.8851,0.2210,9.9360,9.9360,9.9444,0.2201
3.8370,10.0000,9.8766,9.8766,9.8837,0.2211,9.9343,9.9343,9.9427,0.2201
3.8380,10.0000,9.8751,9.8751,9.8823,0.2212,9.9326,9.9326,9.9411,0.2202
3.8390,10.0000,9.8737,9.8737,9.8809,0.2212,9.9309,9.9309,9.9394,0.2203
3.8400,10.0000,9.8723,9.8723,9.8794,0.2213,9.9292,9.9292,9.9377,0.2204
3.8410,10.0000,9.8708,9.8708,9.8780,0.2214,9.9276,9.9276,9.9360,0.2204
3.8420,10.0000,9.8694,9.8694,9.8766,0.2215,9.9259,9.9259,9.9343,0.2205
3.8430,10.0000,9.8680,9.8680,9.8751,0.2215,9.9242,9.9242,9.9326,0.2206
3.8440,10.0000,9.8666,9.8666,9.8737,0.2216,9.9225,9.9225,9.9309,0.2206
3.8450,10.0000,9.8651,9.8651,9.8723,0.2217,9.9208,9.9208,9.9292,0.2207
3.8460,10.0000,9.8637,9.8637,9.8708,0.2218,9.9191,9.9191,9.9276,0.2208
3.8470,10.0000,9.8623,9.8623,9.8694,0.2218,9.9174,9.9174,9.9259,0.2208
3.8480,10.0000,9.8609,9.8609,9.8680,0.2219,9.9157,9.9157,9.9242,0.2209
3.8490,10.0000,9.8594,9.8594,9.8666,0.2220,9.9140,9.9140,9.9225,0.2210
3.8500,10.0000,9.8580,9.8580,9.8651,0.2221,9.9124,9.9124,9.9208,0.2211
3.8510,10.0000,9.8566,9.8566,9.8637,0.2221,9.9107,9.9107,9.9191,0.2211
3.8520,10.0000,9.8552,9.8552,9.8623,0.2222,9.9090,9.9090,9.9174,0.2212
3.8530,10.0000,9.8537,9.8537,9.8609,0.2223,9.9073,9.9073,9.9157,0.2213
3.8540,10.0000,9.8523,9.8523,9.8594,0.2224,9.9056,9.9056,9.9140,0.2213
3.8550,10.0000,9.8509,9.8509,9.8580,0.2225,9.9039,9.9039,9.9124,0.2214
3.8560,10.0000,9.8495,9.8495,9.8566,0.2225,9.9022,9.9022,9.9107,0.2215
3.8570,10.0000,9.8481,9.8481,9.8552,0.2226,9.9006,9.9006,9.9090,0.2216
3.8580,10.0000,9.8466,9.8466,9.8537,0.2227,9.8989,9.8989,9.9073,0.2216
3.8590,10.0000,9.8452,9.8452,9.8523,0.2228,9.8972,9.8972,9.9056,0.2217
3.8600,10.0000,9.8438,9.8438,9.8509,0.2228,9.8955,9.8955,9.9039,0.2218
3.8610,10.0000,9.8424,9.8424,9.8495,0.2229,9.8938,9.8938,9.9022,0.2218
3.8620,10.0000,9.8410,9.8410,9.8481,0.2230,9.8921,9.8921,9.9006,0.2219
3.8630,10.0000,9.8396,9.8396,9.8466,0.2231,9.8905,9.8905,9.8989,0.2220
3.8640,10.0000,9.8382,9.8382,9.8452,0.2231,9.8888,9.8888,9.8972,0.2221
3.8650,10.0000,9.8367,9.8367,9.8438,0.2232,9.8871,9.8871,9.8955,0.2221
3.8660,10.0000,9.8353,9.8353,9.8424,0.2233,9.8854,9.8854,9.8938,0.2222
3.8670,10.0000,9.8339,9.8339,9.8410,0.2234,9.8838,9.8838,9.8922,0.2223
3.8680,10.0000,9.8325,9.8325,9.8396,0.2234,9.8821,9.8821,9.8905,0.2223
3.8690,10.0000,9.8311,9.8311,9.8382,0.2235,9.8804,9.8804,9.8888,0.2224
3.8700,10.0000,9.8297,9.8297,9.8368,0.2236,9.8788,9.8788,9.8871,0.2225
3.8710,10.0000,9.8283,9.8283,9.8354,0.2237,9.8771,9.8771,9.8855,0.2226
3.8720,10.0000,9.8269,9.8269,9.8339,0.2238,9.8754,9.8754,9.8838,0.2226
3.8730,10.0000,9.8255,9.8255,9.8325,0.2238,9.8738,9.8738,9.8821,0.2227
3.8740,10.0000,9.8241,9.8241,9.8311,0.2239,9.8721,9.8721,9.8804,0.2228
3.8750,10.0000,9.8227,9.8227,9.8297,0.2240,9.8704,9.8704,9.8788,0.2229
3.8760,10.0000,9.8214,9.8214,9.8283,0.2241,9.8688,9.8688,9.8771,0.2229
3.8770,10.0000,9.8200,9.8200,9.8269,0.2241,9.8671,9.8671,9.8754,0.2230
3.8780,10.0000,9.8186,9.8186,9.8255,0.2242,9.8654,9.8654,9.8738,0.2231
3.8790,10.0000,9.8172,9.8172,9.8242,0.2243,9.8638,9.8638,9.8721,0.2231
3.8800,10.0000,9.8158,9.8158,9.8228,0.2244,9.8621,9.8621,9.8704,0.2232
3.8810,10.0000,9.8144,9.8144,9.8214,0.2244,9.8605,9.8605,9.8688,0.2233
3.8820,10.0000,9.8131,9.8131,9.8200,0.2245,9.8588,9.8588,9.8671,0.2234
3.8830,10.0000,9.8117,9.8117,9.8186,0.2246,9.8572,9.8572,9.8655,0.2234
3.8840,10.0000,9.8103,9.8103,9.8172,0.2247,9.8555,9.8555,9.8638,0.2235
3.8850,10.0000,9.8089,9.8089,9.8158,0.2247,9.8539,9.8539,9.8622,0.2236
3.8860,10.0000,9.8076,9.8076,9.8145,0.2248,9.8523,9.8523,9.8605,0.2236
3.8870,10.0000,9.8062,9.8062,9.8131,0.2249,9.8506,9.8506,9.8589,0.2237
3.8880,10.0000,9.8048,9.8048,9.8117,0.2250,9.8490,9.8490,9.8572,0.2238
3.8890,10.0000,9.8035,9.8035,9.8103,0.2251,9.8474,9.8474,9.8556,0.2239
3.8900,10.0000,9.8021,9.8021,9.8090,0.2251,9.8457,9.8457,9.8539,0.2239
3.8910,10.0000,9.8008,9.8008,9.8076,0.2252,9.8441,9.8441,9.8523,0.2240
3.8920,10.0000,9.7994,9.7994,9.8062,0.2253,9.8425,9.8425,9.8506,0.2241
3.8930,10.0000,9.7981,9.7981,9.8049,0.2254,9.8408,9.8408,9.8490,0.2241
3.8940,10.0000,9.7967,9.7967,9.8035,0.2254,9.8392,9.8392,9.8474,0.2242
3.8950,10.0000,9.7954,9.7954,9.8021,0.2255,9.8376,9.8376,9.8457,0.2243
3.8960,10.0000,9.7940,9.7940,9.8008,0.2256,9.8360,9.8360,9.8441,0.2244
3.8970,10.0000,9.7927,9.7927,9.7994,0.2257,9.8344,9.8344,9.8425,0.2244
3.8980,10.0000,9.7914,9.7914,9.7981,0.2257,9.8328,9.8328,9.8409,0.2245
3.8990,10.0000,9.7900,7.4947,9.7967,0.2258,9.8312,9.8312,9.8392,0.2246
3.9000,10.0000,9.7888,7.4945,9.3363,0.2488,9.8296,9.8296,9.8376,0.2246
3.9010,10.0000,9.7877,7.4948,8.9680,0.2673,9.8279,9.8279,9.8360,0.2247
3.9020,10.0000,9.7868,7.4958,8.6733,0.2821,9.8264,9.8264,9.8344,0.2248
3.9030,10.0000,9.7861,7.4973,8.4378,0.2939,9.8248,9.8248,9.8328,0.2249
3.9040,10.0000,9.7857,7.4994,8.2497,0.3033,9.8232,9.8232,9.8312,0.2249
3.9050,10.0000,9.7855,7.5020,8.0997,0.3109,9.8216,7.5184,9.8296,0.2250
3.9060,10.0000,9.7857,7.5051,7.9801,0.3170,9.8201,7.5179,9.3673,0.2436
3.9070,10.0000,9.7861,7.5088,7.8851,0.3218,9.8187,7.5179,8.9975,0.2586
3.9080,10.0000,9.7869,7.5129,7.8099,0.3256,9.8174,7.5185,8.7016,0.2705
3.9090,10.0000,9.7880,7.5176,7.7505,0.3287,9.8164,7.5196,8.4649,0.2801
3.9100,10.0000,9.7894,7.5227,7.7039,0.3311,9.8155,7.5212,8.2759,0.2878
3.9110,10.0000,9.7911,7.5283,7.6677,0.3330,9.8149,7.5232,8.1249,0.2939
3.9120,10.0000,9.7931,7.5345,7.6398,0.3345,9.8145,7.5257,8.0046,0.2989
3.9130,10.0000,9.7954,7.5411,7.6187,0.3356,9.8144,7.5287,7.9088,0.3028
3.9140,10.0000,9.7981,7.5482,7.6032,0.3365,9.8145,7.5321,7.8328,0.3060
3.9150,10.0000,9.8010,7.5558,7.5922,0.3371,9.8149,7.5360,7.7727,0.3085
3.9160,10.0000,9.8043,7.5639,7.5849,0.3376,9.8155,7.5404,7.7253,0.3105
3.9170,10.0000,9.8078,7.5724,7.5807,0.3379,9.8164,7.5452,7.6883,0.3120
3.9180,10.0000,9.8116,7.5815,7.5790,0.3381,9.8175,7.5504,7.6597,0.3133
3.9190,10.0000,9.8157,7.5910,7.5795,0.3382,9.8189,7.5561,7.6378,0.3143
3.9200,10.0000,9.8200,7.6010,7.5818,0.3381,9.8206,7.5622,7.6215,0.3150
3.9210,10.0000,9.8247,7.6115,7.5857,0.3380,9.8224,7.5688,7.6096,0.3156
3.9220,10.0000,9.8295,7.6225,7.5908,0.3379,9.8246,7.5758,7.6015,0.3160
3.9230,10.0000,9.8347,7.6340,7.5972,0.3376,9.8269,7.5833,7.5963,0.3163
3.9240,10.0000,9.8400,7.6460,7.6045,0.3374,9.8295,7.5912,7.5937,0.3165
3.9250,10.0000,9.8456,7.6584,7.6128,0.3370,9.8323,7.5995,7.5932,0.3166
3.9260,10.0000,9.8514,7.6713,7.6219,0.3367,9.8354,7.6083,7.5945,0.3167
3.9270,10.0000,9.8575,7.6847,7.6318,0.3363,9.8386,7.6176,7.5973,0.3167
3.9280,10.0000,9.8638,7.6986,7.6424,0.3358,9.8421,7.6272,7.6013,0.3166
3.9290,10.0000,9.8702,7.7129,7.6536,0.3354,9.8458,7.6373,7.6065,0.3165
3.9300,10.0000,9.8769,7.7277,7.6655,0.3349,9.8497,7.6479,7.6127,0.3163
3.9310,10.0000,9.8838,7.7430,7.6779,0.3343,9.8537,7.6589,7.6197,0.3161
3.9320,10.0000,9.8908,7.7588,7.6909,0.3338,9.8580,7.6703,7.6275,0.3159
3.9330,10.0000,9.8980,7.7750,7.7045,0.3332,9.8624,7.6821,7.6361,0.3156
3.9340,10.0000,9.9054,7.7916,7.7186,0.3326,9.8670,7.6944,7.6453,0.3154
3.9350,10.0000,9.9130,7.8088,7.7332,0.3319,9.8718,7.7071,7.6551,0.3151
3.9360,10.0000,9.9207,7.8264,7.7483,0.3312,9.8767,7.7203,7.6655,0.3147
3.9370,10.0000,9.9286,7.8444,7.7639,0.3306,9.8818,7.7338,7.6765,0.3144
3.9380,10.0000,9.9366,7.8629,7.7800,0.3298,9.8871,7.7478,7.6880,0.3140
3.9390,10.0000,9.9448,7.8818,7.7966,0.3291,9.8925,7.7623,7.6999,0.3136
3.9400,10.0000,9.9531,7.9012,7.8136,0.3283,9.8981,7.7771,7.7124,0.3132
3.9410,10.0000,9.9615,7.9210,7.8312,0.3275,9.9038,7.7923,7.7253,0.3128
3.9420,10.0000,9.9700,7.9412,7.8491,0.3267,9.9096,7.8080,7.7387,0.3123
3.9430,10.0000,9.9787,7.9619,7.8675,0.3259,9.9156,7.8241,7.7526,0.3119
3.9440,10.0000,9.9874,7.9830,7.8864,0.3250,9.9216,7.8406,7.7669,0.3114
3.9450,10.0000,9.9963,8.0045,7.9057,0.3241,9.9278,7.8575,7.7816,0.3109
3.9460,10.0000,10.0052,8.0264,7.9255,0.3232,9.9342,7.8748,7.7968,0.3103
3.9470,10.0000,10.0142,8.0487,7.9457,0.3223,9.9406,7.8924,7.8124,0.3098
3.9480,10.0000,10.0234,8.0714,7.9663,0.3213,9.9471,7.9105,7.8284,0.3092
3.9490,10.0000,10.0326,8.0945,7.9873,0.3204,9.9537,7.9290,7.8448,0.3087
3.9500,10.0000,10.0418,8.1180,8.0087,0.3194,9.9604,7.9478,7.8617,0.3081
3.9510,10.0000,10.0511,8.1419,8.0306,0.3184,9.9672,7.9671,7.8789,0.3075
3.9520,10.0000,10.0605,8.1661,8.0528,0.3173,9.9741,7.9867,7.8965,0.3068
3.9530,10.0000,10.0700,8.1907,8.0755,0.3163,9.9811,8.0066,7.9146,0.3062
3.9540,10.0000,10.0794,8.2156,8.0985,0.3152,9.9881,8.0270,7.9330,0.3055
3.9550,10.0000,10.0890,8.2409,8.1219,0.3141,9.9952,8.0477,7.9518,0.3048
3.9560,10.0000,10.0985,8.2665,8.1457,0.3130,10.0024,8.0687,7.9710,0.3042
3.9570,10.0000,10.1081,8.2925,8.1699,0.3118,10.0096,8.0901,7.9905,0.3034
3.9580,10.0000,10.1177,8.3188,8.1944,0.3107,10.0169,8.1119,8.0104,0.3027
3.9590,10.0000,10.1273,8.3453,8.2193,0.3095,10.0242,8.1339,8.0307,0.3020
3.9600,10.0000,10.1370,8.3722,8.2445,0.3083,10.0316,8.1563,8.0514,0.3012
3.9610,10.0000,10.1466,8.3994,8.2700,0.3071,10.0391,8.1790,8.0723,0.3005
3.9620,10.0000,10.1562,8.4268,8.2959,0.3059,10.0465,8.2021,8.0937,0.2997
3.9630,10.0000,10.1659,8.4546,8.3221,0.3046,10.0540,8.2254,8.1154,0.2989
3.9640,10.0000,10.1755,8.4825,8.3486,0.3034,10.0615,8.2490,8.1374,0.2981
3.9650,10.0000,10.1851,8.5108,8.3754,0.3021,10.0691,8.2729,8.1597,0.2972
3.9660,10.0000,10.1947,8.5392,8.4025,0.3008,10.0767,8.2971,8.1823,0.2964
3.9670,10.0000,10.2043,8.5679,8.4298,0.2995,10.0842,8.3216,8.2053,0.2955
3.9680,10.0000,10.2139,8.5968,8.4574,0.2982,10.0918,8.3464,8.2286,0.2947
3.9690,10.0000,10.2234,8.6259,8.4853,0.2968,10.0994,8.3714,8.2521,0.2938
3.9700,10.0000,10.2329,8.6552,8.5134,0.2955,10.1071,8.3966,8.2760,0.2929
3.9710,10.0000,10.2423,8.6847,8.5418,0.2941,10.1147,8.4221,8.3001,0.2920
3.9720,10.0000,10.2517,8.7144,8.5704,0.2928,10.1223,8.4479,8.3245,0.2911
3.9730,10.0000,10.2610,8.7441,8.5992,0.2914,10.1299,8.4738,8.3492,0.2901
3.9740,10.0000,10.2703,8.7741,8.6282,0.2900,10.1375,8.5000,8.3741,0.2892
3.9750,10.0000,10.2795,8.8041,8.6574,0.2886,10.1450,8.5263,8.3993,0.2883
3.9760,10.0000,10.2887,8.8343,8.6867,0.2871,10.1526,8.5529,8.4247,0.2873
3.9770,10.0000,10.2978,8.8646,8.7162,0.2857,10.1601,8.5796,8.4503,0.2863
3.9780,10.0000,10.3068,8.8950,8.7459,0.2843,10.1677,8.6065,8.4762,0.2853
3.9790,10.0000,10.3157,8.9254,8.7757,0.2828,10.1751,8.6336,8.5022,0.2844
3.9800,10.0000,10.3246,8.9559,8.8057,0.2814,10.1826,8.6608,8.5285,0.2834
3.9810,10.0000,10.3333,8.9864,8.8357,0.2799,10.1900,8.6882,8.5550,0.2823
3.9820,10.0000,10.3420,9.0170,8.8658,0.2785,10.1974,8.7156,8.5816,0.2813
3.9830,10.0000,10.3506,9.0476,8.8961,0.2770,10.2047,8.7433,8.6084,0.2803
3.9840,10.0000,10.3591,9.0782,8.9264,0.2755,10.2120,8.7710,8.6354,0.2793
3.9850,10.0000,10.3675,9.1088,8.9568,0.2741,10.2192,8.7988,8.6625,0.2782
3.9860,10.0000,10.3757,9.1394,8.9872,0.2726,10.2264,8.8267,8.6898,0.2772
3.9870,10.0000,10.3839,9.1699,9.0176,0.2711,10.2335,8.8547,8.7171,0.2761
3.9880,10.0000,10.3920,9.2004,9.0481,0.2696,10.2406,8.8827,8.7446,0.2751
3.9890,10.0000,10.3999,9.2308,9.0785,0.2681,10.2476,8.9108,8.7723,0.2740
3.9900,10.0000,10.4078,9.2611,9.1090,0.2666,10.2546,8.9389,8.8000,0.2729
3.9910,10.0000,10.4155,9.2914,9.1394,0.2651,10.2614,8.9671,8.8278,0.2719
3.9920,10.0000,10.4231,9.3215,9.1698,0.2637,10.2682,8.9952,8.8556,0.2708
3.9930,10.0000,10.4305,9.3515,9.2001,0.2622,10.2750,9.0234,8.8835,0.2697
3.9940,10.0000,10.4378,9.3814,9.2304,0.2607,10.2816,9.0516,8.9115,0.2686
3.9950,10.0000,10.4450,9.4111,9.2606,0.2592,10.2882,9.0798,8.9395,0.2675
3.9960,10.0000,10.4521,9.4407,9.2907,0.2577,10.2947,9.1079,8.9676,0.2665
3.9970,10.0000,10.4590,9.4700,9.3207,0.2563,10.3012,9.1360,8.9956,0.2654
3.9980,10.0000,10.4658,9.4992,9.3506,0.2548,10.3075,9.1640,9.0237,0.2643
3.9990,10.0000,10.4725,9.5282,9.3803,0.2533,10.3137,9.1919,9.0518,0.2632
4.0000,10.0000,10.4790,9.5570,9.4099,0.2519,10.3199,9.2198,9.0798,0.2621
4.0010,10.0000,10.4853,9.5855,9.4393,0.2504,10.3260,9.2476,9.1078,0.2610
4.0020,10.0000,10.4915,9.6138,9.4686,0.2490,10.3319,9.2753,9.1358,0.2599
4.0030,10.0000,10.4976,9.6419,9.4976,0.2476,10.3378,9.3029,9.1637,0.2588
4.0040,10.0000,10.5035,9.6696,9.5265,0.2461,10.3436,9.3303,9.1915,0.2577
4.0050,10.0000,10.5092,9.6971,9.5551,0.2447,10.3493,9.3577,9.2193,0.2566
4.0060,10.0000,10.5148,9.7243,9.5835,0.2433,10.3548,9.3848,9.2470,0.2556
4.0070,10.0000,10.5202,9.7512,9.6117,0.2419,10.3603,9.4118,9.2745,0.2545
4.0080,10.0000,10.5255,9.7778,9.6396,0.2405,10.3657,9.4387,9.3020,0.2534
4.0090,10.0000,10.5306,9.8040,9.6672,0.2392,10.3709,9.4653,9.3293,0.2523
4.0100,10.0000,10.5355,9.8299,9.6946,0.2378,10.3761,9.4918,9.3565,0.2513
4.0110,10.0000,10.5403,9.8555,9.7216,0.2365,10.3811,9.5181,9.3836,0.2502
4.0120,10.0000,10.5449,9.8807,9.7484,0.2351,10.3861,9.5441,9.4105,0.2491
4.0130,10.0000,10.5494,9.9055,9.7749,0.2338,10.3909,9.5700,9.4372,0.2481
4.0140,10.0000,10.5537,9.9299,9.8010,0.2325,10.3956,9.5956,9.4638,0.2470
4.0150,10.0000,10.5578,9.9540,9.8268,0.2313,10.4002,9.6209,9.4901,0.2460
4.0160,10.0000,10.5617,9.9776,9.8522,0.2300,10.4046,9.6460,9.5163,0.2450
4.0170,10.0000,10.5655,10.0009,9.8773,0.2287,10.4090,9.6708,9.5422,0.2439
4.0180,10.0000,10.5691,10.0237,9.9020,0.2275,10.4132,9.6954,9.5680,0.2429
4.0190,10.0000,10.5725,10.0461,9.9263,0.2263,10.4173,9.7197,9.5934,0.2419
4.0200,10.0000,10.5757,10.0680,9.9503,0.2251,10.4213,9.7436,9.6187,0.2409
4.0210,10.0000,10.5788,10.0896,9.9738,0.2239,10.4251,9.7673,9.6437,0.2399
4.0220,10.0000,10.5817,10.1106,9.9970,0.2228,10.4289,9.7907,9.6684,0.2389
4.0230,10.0000,10.5845,10.1312,10.0197,0.2216,10.4325,9.8137,9.6929,0.2380
4.0240,10.0000,10.5870,10.1514,10.0420,0.2205,10.4360,9.8364,9.7170,0.2370
4.0250,10.0000,10.5894,10.1710,10.0639,0.2194,10.4393,9.8588,9.7409,0.2360
4.0260,10.0000,10.5916,10.1902,10.0853,0.2183,10.4426,9.8808,9.7645,0.2351
4.0270,10.0000,10.5937,10.2089,10.1063,0.2173,10.4457,9.9025,9.7878,0.2342
4.0280,10.0000,10.5955,10.2271,10.1268,0.2163,10.4486,9.9238,9.8107,0.2333
4.0290,10.0000,10.5972,10.2449,10.1469,0.2153,10.4515,9.9448,9.8333,0.2324
4.0300,10.0000,10.5988,10.2621,10.1665,0.2143,10.4542,9.9653,9.8556,0.2315
4.0310,10.0000,10.6001,10.2788,10.1856,0.2133,10.4568,9.9855,9.8776,0.2306
4.0320,10.0000,10.6013,10.2951,10.2043,0.2124,10.4593,10.0053,9.8992,0.2297
4.0330,10.0000,10.6023,10.3108,10.2224,0.2115,10.4616,10.0247,9.9204,0.2289
4.0340,10.0000,10.6031,10.3260,10.2401,0.2106,10.4638,10.0437,9.9413,0.2280
4.0350,10.0000,10.6038,10.3406,10.2573,0.2097,10.4659,10.0623,9.9618,0.2272
4.0360,10.0000,10.6043,10.3548,10.2739,0.2088,10.4678,10.0805,9.9819,0.2264
4.0370,10.0000,10.6047,10.3685,10.2901,0.2080,10.4696,10.0983,10.0016,0.2256
4.0380,10.0000,10.6048,10.3816,10.3058,0.2072,10.4713,10.1156,10.0209,0.2248
4.0390,10.0000,10.6048,10.3942,10.3209,0.2065,10.4729,10.1325,10.0399,0.2241
4.0400,10.0000,10.6047,10.4063,10.3356,0.2057,10.4743,10.1490,10.0584,0.2233
4.0410,10.0000,10.6044,10.4178,10.3497,0.2050,10.4756,10.1650,10.0765,0.2226
4.0420,10.0000,10.6039,10.4288,10.3633,0.2043,10.4768,10.1806,10.0942,0.2219
4.0430,10.0000,10.6032,10.4393,10.3764,0.2036,10.4778,10.1958,10.1115,0.2212
4.0440,10.0000,10.6024,10.4493,10.3890,0.2030,10.4788,10.2105,10.1284,0.2205
4.0450,10.0000,10.6015,10.4587,10.4011,0.2024,10.4796,10.2248,10.1448,0.2198
4.0460,10.0000,10.6004,10.4676,10.4126,0.2018,10.4802,10.2386,10.1608,0.2192
4.0470,10.0000,10.5991,10.4760,10.4236,0.2012,10.4808,10.2519,10.1763,0.2185
4.0480,10.0000,10.5977,10.4839,10.4341,0.2007,10.4812,10.2648,10.1915,0.2179
4.0490,10.0000,10.5961,10.4912,10.4441,0.2002,10.4815,10.2772,10.2061,0.2173
4.0500,10.0000,10.5944,10.4981,10.4535,0.1997,10.4817,10.2892,10.2204,0.2167
4.0510,10.0000,10.5926,10.5044,10.4624,0.1992,10.4817,10.3007,10.2341,0.2162
4.0520,10.0000,10.5905,10.5102,10.4708,0.1988,10.4816,10.3118,10.2474,0.2156
4.0530,10.0000,10.5884,10.5154,10.4787,0.1984,10.4815,10.3223,10.2603,0.2151
4.0540,10.0000,10.5861,10.5202,10.4860,0.1980,10.4812,10.3324,10.2727,0.2146
4.0550,10.0000,10.5837,10.5245,10.4929,0.1976,10.4807,10.3421,10.2847,0.2141
4.0560,10.0000,10.5811,10.5282,10.4992,0.1973,10.4802,10.3513,10.2961,0.2136
4.0570,10.0000,10.5784,10.5315,10.5050,0.1970,10.4795,10.3600,10.3072,0.2132
4.0580,10.0000,10.5756,10.5343,10.5103,0.1967,10.4788,10.3682,10.3177,0.2127
4.0590,10.0000,10.5727,10.5365,10.5151,0.1964,10.4779,10.3760,10.3278,0.2123
4.0600,10.0000,10.5696,10.5383,10.5194,0.1962,10.4769,10.3833,10.3374,0.2119
4.0610,10.0000,10.5664,10.5396,10.5232,0.1960,10.4758,10.3901,10.3466,0.2115
4.0620,10.0000,10.5631,10.5404,10.5264,0.1958,10.4746,10.3965,10.3553,0.2112
4.0630,10.0000,10.5596,10.5407,10.5292,0.1956,10.4732,10.4024,10.3635,0.2108
4.0640,10.0000,10.5560,10.5406,10.5315,0.1955,10.4718,10.4078,10.3713,0.2105
4.0650,10.0000,10.5524,10.5400,10.5334,0.1954,10.4703,10.4128,10.3786,0.2102
4.0660,10.0000,10.5486,10.5390,10.5347,0.1953,10.4686,10.4173,10.3855,0.2099
4.0670,10.0000,10.5447,10.5374,10.5355,0.1952,10.4669,10.4214,10.3918,0.2096
4.0680,10.0000,10.5407,10.5355,10.5359,0.1952,10.4651,10.4250,10.3978,0.2094
4.0690,10.0000,10.5366,10.5331,10.5358,0.1952,10.4631,10.4282,10.4032,0.2091
4.0700,10.0000,10.5324,10.5302,10.5353,0.1952,10.4611,10.4309,10.4082,0.2089
4.0710,10.0000,10.5281,10.5270,10.5343,0.1952,10.4590,10.4332,10.4128,0.2087
4.0720,10.0000,10.5237,10.5233,10.5328,0.1953,10.4568,10.4350,10.4168,0.2085
4.0730,10.0000,10.5192,10.5191,10.5309,0.1954,10.4545,10.4364,10.4205,0.2084
4.0740,10.0000,10.5146,10.5146,10.5285,0.1954,10.4521,10.4373,10.4237,0.2082
4.0750,10.0000,10.5099,10.5099,10.5258,0.1956,10.4496,10.4379,10.4264,0.2081
4.0760,10.0000,10.5052,10.5052,10.5226,0.1957,10.4470,10.4379,10.4287,0.2080
4.0770,10.0000,10.5004,10.5004,10.5191,0.1959,10.4444,10.4376,10.4305,0.2079
4.0780,10.0000,10.4955,10.4955,10.5154,0.1960,10.4416,10.4368,10.4320,0.2078
4.0790,10.0000,10.4905,10.4905,10.5114,0.1962,10.4388,10.4357,10.4329,0.2078
4.0800,10.0000,10.4854,10.4854,10.5072,0.1964,10.4359,10.4341,10.4335,0.2077
4.0810,10.0000,10.4803,10.4803,10.5029,0.1966,10.4330,10.4320,10.4336,0.2077
4.0820,10.0000,10.4751,10.4751,10.4983,0.1968,10.4299,10.4296,10.4333,0.2077
4.0830,10.0000,10.4699,10.4699,10.4937,0.1970,10.4268,10.4268,10.4326,0.2077
4.0840,10.0000,10.4646,10.4646,10.4889,0.1972,10.4237,10.4237,10.4314,0.2078
4.0850,10.0000,10.4592,10.4592,10.4841,0.1975,10.4204,10.4204,10.4299,0.2078
4.0860,10.0000,10.4538,10.4538,10.4791,0.1977,10.4171,10.4171,10.4280,0.2079
4.0870,10.0000,10.4483,10.4483,10.4740,0.1979,10.4137,10.4137,10.4258,0.2079
4.0880,10.0000,10.4427,10.4427,10.4689,0.1982,10.4103,10.4103,10.4234,0.2080
4.0890,10.0000,10.4372,10.4372,10.4636,0.1984,10.4068,10.4068,10.4208,0.2081
4.0900,10.0000,10.4315,10.4315,10.4583,0.1987,10.4033,10.4033,10.4180,0.2082
4.0910,10.0000,10.4259,10.4259,10.4530,0.1989,10.3997,10.3997,10.4150,0.2083
4.0920,10.0000,10.4202,10.4202,10.4476,0.1992,10.3960,10.3960,10.4120,0.2084
4.0930,10.0000,10.4144,10.4144,10.4421,0.1994,10.3923,10.3923,10.4088,0.2085
4.0940,10.0000,10.4086,10.4086,10.4365,0.1997,10.3885,10.3885,10.4055,0.2086
4.0950,10.0000,10.4028,10.4028,10.4310,0.1999,10.3847,10.3847,10.4021,0.2088
4.0960,10.0000,10.3970,10.3970,10.4253,0.2002,10.3809,10.3809,10.3986,0.2089
4.0970,10.0000,10.3911,10.3911,10.4197,0.2005,10.3770,10.3770,10.3951,0.2090
4.0980,10.0000,10.3852,10.3852,10.4140,0.2007,10.3731,10.3731,10.3915,0.2091
4.0990,10.0000,10.3793,10.3793,10.4082,0.2010,10.3691,10.3691,10.3878,0.2093
4.1000,10.0000,10.3733,10.3733,10.4024,0.2013,10.3651,10.3651,10.3841,0.2094
4.1010,10.0000,10.3674,10.3674,10.3966,0.2016,10.3611,10.3611,10.3803,0.2095
4.1020,10.0000,10.3614,10.3614,10.3907,0.2018,10.3570,10.3570,10.3764,0.2097
4.1030,10.0000,10.3554,10.3554,10.3849,0.2021,10.3529,10.3529,10.3725,0.2098
4.1040,10.0000,10.3493,10.3493,10.3790,0.2024,10.3488,10.3488,10.3686,0.2100
4.1050,10.0000,10.3433,10.3433,10.3730,0.2027,10.3446,10.3446,10.3647,0.2101
4.1060,10.0000,10.3373,10.3373,10.3671,0.2030,10.3404,10.3404,10.3606,0.2103
4.1070,10.0000,10.3312,10.3312,10.3611,0.2032,10.3362,10.3362,10.3566,0.2104
4.1080,10.0000,10.3252,10.3252,10.3552,0.2035,10.3320,10.3320,10.3525,0.2106
4.1090,10.0000,10.3191,10.3191,10.3492,0.2038,10.3277,10.3277,10.3484,0.2107
4.1100,10.0000,10.3131,10.3131,10.3431,0.2041,10.3234,10.3234,10.3443,0.2109
4.1110,10.0000,10.3070,10.3070,10.3371,0.2044,10.3192,10.3192,10.3401,0.2110
4.1120,10.0000,10.3009,10.3009,10.3311,0.2047,10.3148,10.3148,10.3359,0.2112
4.1130,10.0000,10.2949,10.2949,10.3251,0.2050,10.3105,10.3105,10.3317,0.2113
4.1140,10.0000,10.2888,10.2888,10.3190,0.2053,10.3062,10.3062,10.3275,0.2115
4.1150,10.0000,10.2828,10.2828,10.3130,0.2055,10.3018,10.3018,10.3232,0.2116
4.1160,10.0000,10.2767,10.2767,10.3069,0.2058,10.2975,10.2975,10.3189,0.2118
4.1170,10.0000,10.2707,10.2707,10.3009,0.2061,10.2931,10.2931,10.3146,0.2120
4.1180,10.0000,10.2647,10.2647,10.2949,0.2064,10.2887,10.2887,10.3103,0.2121
4.1190,10.0000,10.2587,10.2587,10.2888,0.2067,10.2843,10.2843,10.3060,0.2123
4.1200,10.0000,10.2527,10.2527,10.2828,0.2070,10.2799,10.2799,10.3017,0.2124
4.1210,10.0000,10.2467,10.2467,10.2768,0.2073,10.2755,10.2755,10.2973,0.2126
4.1220,10.0000,10.2407,10.2407,10.2707,0.2076,10.2711,10.2711,10.2929,0.2128
4.1230,10.0000,10.2348,10.2348,10.2647,0.2079,10.2667,10.2667,10.2886,0.2129
4.1240,10.0000,10.2288,10.2288,10.2587,0.2082,10.2623,10.2623,10.2842,0.2131
4.1250,10.0000,10.2229,10.2229,10.2528,0.2084,10.2579,10.2579,10.2798,0.2133
4.1260,10.0000,10.2170,10.2170,10.2468,0.2087,10.2535,10.2535,10.2754,0.2134
4.1270,10.0000,10.2112,10.2112,10.2408,0.2090,10.2491,10.2491,10.2710,0.2136
4.1280,10.0000,10.2053,10.2053,10.2349,0.2093,10.2447,10.2447,10.2666,0.2138
4.1290,10.0000,10.1995,10.1995,10.2290,0.2096,10.2403,10.2403,10.2623,0.2139
4.1300,10.0000,10.1937,10.1937,10.2231,0.2099,10.2359,10.2359,10.2579,0.2141
4.1310,10.0000,10.1880,10.1880,10.2172,0.2102,10.2315,10.2315,10.2535,0.2143
4.1320,10.0000,10.1822,10.1822,10.2114,0.2105,10.2272,10.2272,10.2491,0.2144
4.1330,10.0000,10.1765,10.1765,10.2055,0.2107,10.2228,10.2228,10.2447,0.2146
4.1340,10.0000,10.1709,10.1709,10.1997,0.2110,10.2185,10.2185,10.2403,0.2148
4.1350,10.0000,10.1652,10.1652,10.1940,0.2113,10.2141,10.2141,10.2359,0.2149
4.1360,10.0000,10.1596,10.1596,10.1882,0.2116,10.2098,10.2098,10.2316,0.2151
4.1370,10.0000,10.1540,10.1540,10.1825,0.2119,10.2055,10.2055,10.2272,0.2153
4.1380,10.0000,10.1485,10.1485,10.1768,0.2121,10.2012,10.2012,10.2229,0.2154
4.1390,10.0000,10.1430,10.1430,10.1712,0.2124,10.1969,10.1969,10.2185,0.2156
4.1400,10.0000,10.1375,10.1375,10.1655,0.2127,10.1926,10.1926,10.2142,0.2158
4.1410,10.0000,10.1321,10.1321,10.1599,0.2130,10.1884,10.1884,10.2099,0.2159
4.1420,10.0000,10.1267,10.1267,10.1544,0.2132,10.1842,10.1842,10.2056,0.2161
4.1430,10.0000,10.1214,10.1214,10.1488,0.2135,10.1799,10.1799,10.2013,0.2163
4.1440,10.0000,10.1161,10.1161,10.1433,0.2138,10.1757,10.1757,10.1970,0.2164
4.1450,10.0000,10.1108,10.1108,10.1379,0.2140,10.1716,10.1716,10.1928,0.2166
4.1460,10.0000,10.1056,10.1056,10.1325,0.2143,10.1674,10.1674,10.1885,0.2168
4.1470,10.0000,10.1004,10.1004,10.1271,0.2146,10.1633,10.1633,10.1843,0.2169
4.1480,10.0000,10.0953,10.0953,10.1218,0.2148,10.1592,10.1592,10.1801,0.2171
4.1490,10.0000,10.0902,10.0902,10.1165,0.2151,10.1551,10.1551,10.1759,0.2172
4.1500,10.0000,10.0851,10.0851,10.1112,0.2154,10.1510,10.1510,10.1718,0.2174
4.1510,10.0000,10.0801,10.0801,10.1060,0.2156,10.1470,10.1470,10.1676,0.2176
4.1520,10.0000,10.0752,10.0752,10.1008,0.2159,10.1430,10.1430,10.1635,0.2177
4.1530,10.0000,10.0702,10.0702,10.0957,0.2161,10.1390,10.1390,10.1594,0.2179
4.1540,10.0000,10.0654,10.0654,10.0906,0.2164,10.1351,10.1351,10.1553,0.2180
4.1550,10.0000,10.0606,10.0606,10.0856,0.2166,10.1311,10.1311,10.1513,0.2182
4.1560,10.0000,10.0558,10.0558,10.0806,0.2169,10.1272,10.1272,10.1472,0.2183
4.1570,10.0000,10.0511,10.0511,10.0756,0.2171,10.1233,10.1233,10.1432,0.2185
4.1580,10.0000,10.0464,10.0464,10.0707,0.2173,10.1195,10.1195,10.1393,0.2187
4.1590,10.0000,10.0418,10.0418,10.0658,0.2176,10.1157,10.1157,10.1353,0.2188
4.1600,10.0000,10.0372,10.0372,10.0610,0.2178,10.1119,10.1119,10.1314,0.2190
4.1610,10.0000,10.0327,10.0327,10.0563,0.2181,10.1081,10.1081,10.1275,0.2191
4.1620,10.0000,10.0282,10.0282,10.0516,0.2183,10.1044,10.1044,10.1236,0.2193
4.1630,10.0000,10.0238,10.0238,10.0469,0.2185,10.1007,10.1007,10.1198,0.2194
4.1640,10.0000,10.0195,10.0195,10.0423,0.2188,10.0971,10.0971,10.1160,0.2196
4.1650,10.0000,10.0152,10.0152,10.0377,0.2190,10.0935,10.0935,10.1122,0.2197
4.1660,10.0000,10.0109,10.0109,10.0332,0.2192,10.0899,10.0899,10.1084,0.2199
4.1670,10.0000,10.0067,10.0067,10.0287,0.2194,10.0863,10.0863,10.1047,0.2200
4.1680,10.0000,10.0025,10.0025,10.0243,0.2196,10.0828,10.0828,10.1010,0.2202
4.1690,10.0000,9.9984,9.9984,10.0200,0.2199,10.0793,10.0793,10.0974,0.2203
4.1700,10.0000,9.9944,9.9944,10.0157,0.2201,10.0758,10.0758,10.0938,0.2204
4.1710,10.0000,9.9904,9.9904,10.0114,0.2203,10.0724,10.0724,10.0902,0.2206
4.1720,10.0000,9.9865,9.9865,10.0072,0.2205,10.0690,10.0690,10.0866,0.2207
4.1730,10.0000,9.9826,9.9826,10.0031,0.2207,10.0657,10.0657,10.0831,0.2209
4.1740,10.0000,9.9788,9.9788,9.9990,0.2209,10.0624,10.0624,10.0796,0.2210
4.1750,10.0000,9.9750,9.9750,9.9949,0.2211,10.0591,10.0591,10.0762,0.2211
4.1760,10.0000,9.9713,9.9713,9.9909,0.2213,10.0558,10.0558,10.0727,0.2213
4.1770,10.0000,9.9676,9.9676,9.9870,0.2215,10.0526,10.0526,10.0694,0.2214
4.1780,10.0000,9.9640,9.9640,9.9831,0.2217,10.0495,10.0495,10.0660,0.2215
4.1790,10.0000,9.9605,9.9605,9.9793,0.2219,10.0463,10.0463,10.0627,0.2217
4.1800,10.0000,9.9570,9.9570,9.9756,0.2221,10.0433,10.0433,10.0594,0.2218
4.1810,10.0000,9.9536,9.9536,9.9718,0.2223,10.0402,10.0402,10.0562,0.2219
4.1820,10.0000,9.9502,9.9502,9.9682,0.2225,10.0372,10.0372,10.0530,0.2220
4.1830,10.0000,9.9469,9.9469,9.9646,0.2226,10.0342,10.0342,10.0498,0.2222
4.1840,10.0000,9.9436,9.9436,9.9611,0.2228,10.0313,10.0313,10.0467,0.2223
4.1850,10.0000,9.9404,9.9404,9.9576,0.2230,10.0284,10.0284,10.0436,0.2224
4.1860,10.0000,9.9373,9.9373,9.9541,0.2232,10.0255,10.0255,10.0406,0.2225
4.1870,10.0000,9.9342,9.9342,9.9508,0.2233,10.0227,10.0227,10.0376,0.2227
4.1880,10.0000,9.9311,9.9311,9.9474,0.2235,10.0199,10.0199,10.0346,0.2228
4.1890,10.0000,9.9282,9.9282,9.9442,0.2237,10.0172,10.0172,10.0317,0.2229
4.1900,10.0000,9.9252,9.9252,9.9410,0.2238,10.0145,10.0145,10.0288,0.2230
4.1910,10.0000,9.9224,9.9224,9.9378,0.2240,10.0118,10.0118,10.0259,0.2231
4.1920,10.0000,9.9196,9.9196,9.9347,0.2241,10.0092,10.0092,10.0231,0.2232
4.1930,10.0000,9.9168,9.9168,9.9317,0.2243,10.0067,10.0067,10.0203,0.2233
4.1940,10.0000,9.9141,9.9141,9.9287,0.2245,10.0041,10.0041,10.0176,0.2235
4.1950,10.0000,9.9115,9.9115,9.9258,0.2246,10.0016,10.0016,10.0149,0.2236
4.1960,10.0000,9.9089,9.9089,9.9229,0.2247,9.9992,9.9992,10.0122,0.2237
4.1970,10.0000,9.9064,9.9064,9.9201,0.2249,9.9968,9.9968,10.0096,0.2238
4.1980,10.0000,9.9039,9.9039,9.9174,0.2250,9.9944,9.9944,10.0071,0.2239
4.1990,10.0000,9.9015,9.9015,9.9147,0.2252,9.9921,9.9921,10.0045,0.2240
4.2000,10.0000,9.8991,9.8991,9.9120,0.2253,9.9898,9.9898,10.0020,0.2241
4.2010,10.0000,9.8968,9.8968,9.9094,0.2254,9.9875,9.9875,9.9996,0.2242
4.2020,10.0000,9.8946,9.8946,9.9069,0.2256,9.9853,9.9853,9.9972,0.2243
4.2030,10.0000,9.8924,9.8924,9.9045,0.2257,9.9832,9.9832,9.9948,0.2244
4.2040,10.0000,9.8902,9.8902,9.9020,0.2258,9.9810,9.9810,9.9925,0.2245
4.2050,10.0000,9.8882,9.8882,9.8997,0.2259,9.9789,9.9789,9.9902,0.2246
4.2060,10.0000,9.8861,9.8861,9.8974,0.2261,9.9769,9.9769,9.9879,0.2246
4.2070,10.0000,9.8842,9.8842,9.8951,0.2262,9.9749,9.9749,9.9857,0.2247
4.2080,10.0000,9.8823,9.8823,9.8929,0.2263,9.9729,9.9729,9.9836,0.2248
4.2090,10.0000,9.8804,9.8804,9.8908,0.2264,9.9710,9.9710,9.9814,0.2249
4.2100,10.0000,9.8786,9.8786,9.8887,0.2265,9.9692,9.9692,9.9794,0.2250
4.2110,10.0000,9.8768,9.8768,9.8867,0.2266,9.9673,9.9673,9.9773,0.2251
4.2120,10.0000,9.8752,9.8752,9.8847,0.2267,9.9655,9.9655,9.9753,0.2252
4.2130,10.0000,9.8735,9.8735,9.8828,0.2268,9.9638,9.9638,9.9734,0.2252
4.2140,10.0000,9.8719,9.8719,9.8810,0.2269,9.9621,9.9621,9.9714,0.2253
4.2150,10.0000,9.8704,9.8704,9.8791,0.2270,9.9604,9.9604,9.9696,0.2254
4.2160,10.0000,9.8689,9.8689,9.8774,0.2271,9.9588,9.9588,9.9677,0.2255
4.2170,10.0000,9.8675,9.8675,9.8757,0.2272,9.9572,9.9572,9.9659,0.2255
4.2180,10.0000,9.8661,9.8661,9.8740,0.2273,9.9556,9.9556,9.9642,0.2256
4.2190,10.0000,9.8648,9.8648,9.8725,0.2274,9.9541,9.9541,9.9625,0.2257
4.2200,10.0000,9.8635,9.8635,9.8709,0.2274,9.9527,9.9527,9.9608,0.2258
4.2210,10.0000,9.8623,9.8623,9.8694,0.2275,9.9512,9.9512,9.9592,0.2258
4.2220,10.0000,9.8611,9.8611,9.8680,0.2276,9.9499,9.9499,9.9576,0.2259
4.2230,10.0000,9.8600,9.8600,9.8666,0.2277,9.9485,9.9485,9.9561,0.2259
4.2240,10.0000,9.8589,9.8589,9.8653,0.2277,9.9472,9.9472,9.9545,0.2260
4.2250,10.0000,9.8579,9.8579,9.8640,0.2278,9.9460,9.9460,9.9531,0.2261
4.2260,10.0000,9.8569,9.8569,9.8628,0.2279,9.9447,9.9447,9.9517,0.2261
4.2270,10.0000,9.8560,9.8560,9.8616,0.2279,9.9436,9.9436,9.9503,0.2262
4.2280,10.0000,9.8551,9.8551,9.8605,0.2280,9.9424,9.9424,9.9489,0.2262
4.2290,10.0000,9.8543,9.8543,9.8594,0.2281,9.9413,9.9413,9.9476,0.2263
4.2300,10.0000,9.8535,9.8535,9.8584,0.2281,9.9403,9.9403,9.9464,0.2264
4.2310,10.0000,9.8528,9.8528,9.8574,0.2282,9.9392,9.9392,9.9451,0.2264
4.2320,10.0000,9.8522,9.8522,9.8565,0.2282,9.9382,9.9382,9.9440,0.2265
4.2330,10.0000,9.8515,9.8515,9.8556,0.2283,9.9373,9.9373,9.9428,0.2265
4.2340,10.0000,9.8509,9.8509,9.8548,0.2283,9.9364,9.9364,9.9417,0.2265
4.2350,10.0000,9.8504,9.8504,9.8540,0.2284,9.9355,9.9355,9.9406,0.2266
4.2360,10.0000,9.8499,9.8499,9.8533,0.2284,9.9347,9.9347,9.9396,0.2266
4.2370,10.0000,9.8495,9.8495,9.8526,0.2285,9.9339,9.9339,9.9386,0.2267
4.2380,10.0000,9.8491,9.8491,9.8520,0.2285,9.9332,9.9332,9.9377,0.2267
4.2390,10.0000,9.8488,9.8488,9.8514,0.2285,9.9324,9.9324,9.9368,0.2268
4.2400,10.0000,9.8484,9.8484,9.8509,0.2286,9.9318,9.9318,9.9359,0.2268
4.2410,10.0000,9.8482,9.8482,9.8504,0.2286,9.9311,9.9311,9.9351,0.2268
4.2420,10.0000,9.8480,9.8480,9.8500,0.2286,9.9305,9.9305,9.9343,0.2269
4.2430,10.0000,9.8478,9.8478,9.8496,0.2286,9.9300,9.9300,9.9335,0.2269
4.2440,10.0000,9.8477,9.8477,9.8492,0.2287,9.9294,9.9294,9.9328,0.2269
4.2450,10.0000,9.8476,9.8476,9.8489,0.2287,9.9290,9.9290,9.9322,0.2270
4.2460,10.0000,9.8476,9.8476,9.8486,0.2287,9.9285,9.9285,9.9315,0.2270
4.2470,10.0000,9.8476,9.8476,9.8484,0.2287,9.9281,9.9281,9.9309,0.2270
4.2480,10.0000,9.8476,9.8476,9.8483,0.2287,9.9277,9.9277,9.9303,0.2270
4.2490,10.0000,9.8477,9.8477,9.8481,0.2287,9.9274,9.9274,9.9298,0.2271
4.2500,10.0000,9.8478,9.8478,9.8480,0.2288,9.9271,9.9271,9.9293,0.2271
4.2510,10.0000,9.8480,9.8480,9.8480,0.2288,9.9268,9.9268,9.9289,0.2271
4.2520,10.0000,9.8482,9.8482,9.8480,0.2288,9.9265,9.9265,9.9285,0.2271
4.2530,10.0000,9.8484,9.8484,9.8480,0.2288,9.9263,9.9263,9.9281,0.2271
4.2540,10.0000,9.8487,9.8487,9.8481,0.2288,9.9262,9.9262,9.9277,0.2272
4.2550,10.0000,9.8491,9.8491,9.8482,0.2288,9.9260,9.9260,9.9274,0.2272
4.2560,10.0000,9.8494,9.8494,9.8484,0.2288,9.9259,9.9259,9.9271,0.2272
4.2570,10.0000,9.8498,9.8498,9.8486,0.2288,9.9259,9.9259,9.9269,0.2272
4.2580,10.0000,9.8503,9.8503,9.8488,0.2288,9.9258,9.9258,9.9267,0.2272
4.2590,10.0000,9.8507,9.8507,9.8491,0.2288,9.9259,9.9259,9.9265,0.2272
4.2600,10.0000,9.8513,9.8513,9.8495,0.2287,9.9259,9.9259,9.9264,0.2272
4.2610,10.0000,9.8518,9.8518,9.8498,0.2287,9.9260,9.9260,9.9263,0.2272
4.2620,10.0000,9.8524,9.8524,9.8502,0.2287,9.9261,9.9261,9.9262,0.2272
4.2630,10.0000,9.8530,9.8530,9.8506,0.2287,9.9262,9.9262,9.9262,0.2273
4.2640,10.0000,9.8537,9.8537,9.8511,0.2287,9.9264,9.9264,9.9262,0.2273
4.2650,10.0000,9.8544,9.8544,9.8516,0.2287,9.9266,9.9266,9.9262,0.2273
4.2660,10.0000,9.8551,9.8551,9.8522,0.2286,9.9268,9.9268,9.9263,0.2273
4.2670,10.0000,9.8559,9.8559,9.8528,0.2286,9.9271,9.9271,9.9264,0.2273
4.2680,10.0000,9.8566,9.8566,9.8534,0.2286,9.9273,9.9273,9.9265,0.2273
4.2690,10.0000,9.8575,9.8575,9.8540,0.2286,9.9277,9.9277,9.9267,0.2272
4.2700,10.0000,9.8583,9.8583,9.8547,0.2285,9.9280,9.9280,9.9269,0.2272
4.2710,10.0000,9.8592,9.8592,9.8554,0.2285,9.9284,9.9284,9.9271,0.2272
4.2720,10.0000,9.8601,9.8601,9.8562,0.2285,9.9288,9.9288,9.9274,0.2272
4.2730,10.0000,9.8611,9.8611,9.8570,0.2284,9.9293,9.9293,9.9277,0.2272
4.2740,10.0000,9.8621,9.8621,9.8578,0.2284,9.9297,9.9297,9.9280,0.2272
4.2750,10.0000,9.8631,9.8631,9.8587,0.2284,9.9302,9.9302,9.9283,0.2272
4.2760,10.0000,9.8641,9.8641,9.8596,0.2283,9.9308,9.9308,9.9287,0.2272
4.2770,10.0000,9.8652,9.8652,9.8605,0.2283,9.9313,9.9313,9.9291,0.2272
4.2780,10.0000,9.8663,9.8663,9.8614,0.2282,9.9319,9.9319,9.9296,0.2272
4.2790,10.0000,9.8675,9.8675,9.8624,0.2282,9.9325,9.9325,9.9300,0.2271
4.2800,10.0000,9.8686,9.8686,9.8634,0.2282,9.9332,9.9332,9.9305,0.2271
4.2810,10.0000,9.8698,9.8698,9.8645,0.2281,9.9339,9.9339,9.9311,0.2271
4.2820,10.0000,9.8710,9.8710,9.8655,0.2281,9.9346,9.9346,9.9316,0.2271
4.2830,10.0000,9.8723,9.8723,9.8666,0.2280,9.9353,9.9353,9.9322,0.2271
4.2840,10.0000,9.8735,9.8735,9.8677,0.2280,9.9360,9.9360,9.9328,0.2270
4.2850,10.0000,9.8748,9.8748,9.8689,0.2279,9.9368,9.9368,9.9335,0.2270
4.2860,10.0000,9.8761,9.8761,9.8701,0.2279,9.9376,9.9376,9.9341,0.2270
4.2870,10.0000,9.8775,9.8775,9.8713,0.2278,9.9385,9.9385,9.9348,0.2270
4.2880,10.0000,9.8788,9.8788,9.8725,0.2277,9.9393,9.9393,9.9356,0.2269
4.2890,10.0000,9.8802,9.8802,9.8738,0.2277,9.9402,9.9402,9.9363,0.2269
4.2900,10.0000,9.8816,9.8816,9.8751,0.2276,9.9411,9.9411,9.9371,0.2269
4.2910,10.0000,9.8831,9.8831,9.8764,0.2276,9.9420,9.9420,9.9379,0.2269
4.2920,10.0000,9.8845,9.8845,9.8777,0.2275,9.9430,9.9430,9.9387,0.2268
4.2930,10.0000,9.8860,9.8860,9.8791,0.2274,9.9440,9.9440,9.9396,0.2268
4.2940,10.0000,9.8875,9.8875,9.8805,0.2274,9.9450,9.9450,9.9405,0.2268
4.2950,10.0000,9.8891,9.8891,9.8819,0.2273,9.9460,9.9460,9.9414,0.2267
4.2960,10.0000,9.8906,9.8906,9.8833,0.2272,9.9470,9.9470,9.9423,0.2267
4.2970,10.0000,9.8922,9.8922,9.8848,0.2272,9.9481,9.9481,9.9432,0.2267
4.2980,10.0000,9.8938,9.8938,9.8863,0.2271,9.9492,9.9492,9.9442,0.2266
4.2990,10.0000,9.8954,9.8954,9.8878,0.2270,9.9503,9.9503,9.9452,0.2266
4.3000,10.0000,9.8970,9.8970,9.8893,0.2270,9.9515,9.9515,9.9462,0.2265
4.3010,10.0000,9.8986,9.8986,9.8908,0.2269,9.9526,9.9526,9.9473,0.2265
4.3020,10.0000,9.9003,9.9003,9.8924,0.2268,9.9538,9.9538,9.9483,0.2265
4.3030,10.0000,9.9020,9.9020,9.8940,0.2267,9.9550,9.9550,9.9494,0.2264
4.3040,10.0000,9.9037,9.9037,9.8956,0.2267,9.9562,9.9562,9.9505,0.2264
4.3050,10.0000,9.9054,9.9054,9.8972,0.2266,9.9574,9.9574,9.9517,0.2263
4.3060,10.0000,9.9072,9.9072,9.8988,0.2265,9.9587,9.9587,9.9528,0.2263
4.3070,10.0000,9.9089,9.9089,9.9005,0.2264,9.9600,9.9600,9.9540,0.2262
4.3080,10.0000,9.9107,9.9107,9.9022,0.2263,9.9613,9.9613,9.9552,0.2262
4.3090,10.0000,9.9125,9.9125,9.9039,0.2263,9.9626,9.9626,9.9564,0.2261
4.3100,10.0000,9.9143,9.9143,9.9056,0.2262,9.9639,9.9639,9.9577,0.2261
4.3110,10.0000,9.9161,9.9161,9.9073,0.2261,9.9653,9.9653,9.9589,0.2261
4.3120,10.0000,9.9179,9.9179,9.9091,0.2260,9.9667,9.9667,9.9602,0.2260
4.3130,10.0000,9.9197,9.9197,9.9108,0.2259,9.9681,9.9681,9.9615,0.2260
4.3140,10.0000,9.9216,9.9216,9.9126,0.2258,9.9695,9.9695,9.9628,0.2259
4.3150,10.0000,9.9235,9.9235,9.9144,0.2258,9.9709,9.9709,9.9641,0.2258
4.3160,10.0000,9.9253,9.9253,9.9162,0.2257,9.9723,9.9723,9.9655,0.2258
4.3170,10.0000,9.9272,9.9272,9.9180,0.2256,9.9738,9.9738,9.9669,0.2257
4.3180,10.0000,9.9291,9.9291,9.9199,0.2255,9.9753,9.9753,9.9682,0.2257
4.3190,10.0000,9.9311,9.9311,9.9217,0.2254,9.9768,9.9768,9.9696,0.2256
4.3200,10.0000,9.9330,9.9330,9.9236,0.2253,9.9783,9.9783,9.9711,0.2256
4.3210,10.0000,9.9349,9.9349,9.9255,0.2252,9.9798,9.9798,9.9725,0.2255
4.3220,10.0000,9.9369,9.9369,9.9274,0.2251,9.9813,9.9813,9.9740,0.2255
4.3230,10.0000,9.9388,9.9388,9.9293,0.2250,9.9829,9.9829,9.9754,0.2254
4.3240,10.0000,9.9408,9.9408,9.9312,0.2249,9.9844,9.9844,9.9769,0.2253
4.3250,10.0000,9.9428,9.9428,9.9331,0.2249,9.9860,9.9860,9.9784,0.2253
4.3260,10.0000,9.9448,9.9448,9.9350,0.2248,9.9876,9.9876,9.9799,0.2252
4.3270,10.0000,9.9468,9.9468,9.9370,0.2247,9.9892,9.9892,9.9815,0.2252
4.3280,10.0000,9.9488,9.9488,9.9389,0.2246,9.9908,9.9908,9.9830,0.2251
4.3290,10.0000,9.9508,9.9508,9.9409,0.2245,9.9925,9.9925,9.9846,0.2250
4.3300,10.0000,9.9528,9.9528,9.9429,0.2244,9.9941,9.9941,9.9862,0.2250
4.3310,10.0000,9.9548,9.9548,9.9449,0.2243,9.9958,9.9958,9.9878,0.2249
4.3320,10.0000,9.9569,9.9569,9.9469,0.2242,9.9975,9.9975,9.9894,0.2248
4.3330,10.0000,9.9589,9.9589,9.9489,0.2241,9.9991,9.9991,9.9910,0.2248
4.3340,10.0000,9.9610,9.9610,9.9509,0.2240,10.0008,10.0008,9.9926,0.2247
4.3350,10.0000,9.9630,9.9630,9.9529,0.2239,10.0025,10.0025,9.9943,0.2247
4.3360,10.0000,9.9651,9.9651,9.9549,0.2238,10.0043,10.0043,9.9959,0.2246
4.3370,10.0000,9.9671,9.9671,9.9570,0.2237,10.0060,10.0060,9.9976,0.2245
4.3380,10.0000,9.9692,9.9692,9.9590,0.2236,10.0077,10.0077,9.9993,0.2244
4.3390,10.0000,9.9713,9.9713,9.9610,0.2235,10.0095,10.0095,10.0009,0.2244
4.3400,10.0000,9.9734,9.9734,9.9631,0.2234,10.0112,10.0112,10.0027,0.2243
4.3410,10.0000,9.9755,9.9755,9.9651,0.2233,10.0130,10.0130,10.0044,0.2242
4.3420,10.0000,9.9775,9.9775,9.9672,0.2232,10.0148,10.0148,10.0061,0.2242
4.3430,10.0000,9.9796,9.9796,9.9693,0.2231,10.0165,10.0165,10.0078,0.2241
4.3440,10.0000,9.9817,9.9817,9.9713,0.2230,10.0183,10.0183,10.0096,0.2240
4.3450,10.0000,9.9838,9.9838,9.9734,0.2229,10.0201,10.0201,10.0113,0.2240
4.3460,10.0000,9.9859,9.9859,9.9755,0.2228,10.0220,10.0220,10.0131,0.2239
4.3470,10.0000,9.9880,9.9880,9.9776,0.2227,10.0238,10.0238,10.0149,0.2238
4.3480,10.0000,9.9901,9.9901,9.9797,0.2226,10.0256,10.0256,10.0166,0.2237
4.3490,10.0000,9.9922,9.9922,9.9818,0.2225,10.0274,10.0274,10.0184,0.2237
4.3500,10.0000,9.9943,9.9943,9.9839,0.2224,10.0293,10.0293,10.0202,0.2236
4.3510,10.0000,9.9964,9.9964,9.9859,0.2223,10.0311,10.0311,10.0220,0.2235
4.3520,10.0000,9.9985,9.9985,9.9880,0.2221,10.0330,10.0330,10.0239,0.2235
4.3530,10.0000,10.0006,10.0006,9.9901,0.2220,10.0348,10.0348,10.0257,0.2234
4.3540,10.0000,10.0028,10.0028,9.9922,0.2219,10.0367,10.0367,10.0275,0.2233
4.3550,10.0000,10.0049,10.0049,9.9943,0.2218,10.0386,10.0386,10.0294,0.2232
4.3560,10.0000,10.0070,10.0070,9.9964,0.2217,10.0405,10.0405,10.0312,0.2232
4.3570,10.0000,10.0091,10.0091,9.9986,0.2216,10.0423,10.0423,10.0330,0.2231
4.3580,10.0000,10.0112,10.0112,10.0007,0.2215,10.0442,10.0442,10.0349,0.2230
4.3590,10.0000,10.0133,10.0133,10.0028,0.2214,10.0461,10.0461,10.0368,0.2229
4.3600,10.0000,10.0154,10.0154,10.0049,0.2213,10.0480,10.0480,10.0386,0.2228
4.3610,10.0000,10.0175,10.0175,10.0070,0.2212,10.0499,10.0499,10.0405,0.2228
4.3620,10.0000,10.0196,10.0196,10.0091,0.2211,10.0518,10.0518,10.0424,0.2227
4.3630,10.0000,10.0217,10.0217,10.0112,0.2210,10.0537,10.0537,10.0443,0.2226
4.3640,10.0000,10.0238,10.0238,10.0133,0.2209,10.0556,10.0556,10.0462,0.2225
4.3650,10.0000,10.0259,10.0259,10.0154,0.2208,10.0576,10.0576,10.0481,0.2225
4.3660,10.0000,10.0279,10.0279,10.0175,0.2207,10.0595,10.0595,10.0500,0.2224
4.3670,10.0000,10.0300,10.0300,10.0196,0.2206,10.0614,10.0614,10.0519,0.2223
4.3680,10.0000,10.0321,10.0321,10.0217,0.2205,10.0633,10.0633,10.0538,0.2222
4.3690,10.0000,10.0342,10.0342,10.0237,0.2204,10.0653,10.0653,10.0557,0.2221
4.3700,10.0000,10.0363,10.0363,10.0258,0.2203,10.0672,10.0672,10.0576,0.2221
4.3710,10.0000,10.0383,10.0383,10.0279,0.2202,10.0691,10.0691,10.0595,0.2220
4.3720,10.0000,10.0404,10.0404,10.0300,0.2200,10.0711,10.0711,10.0614,0.2219
4.3730,10.0000,10.0424,10.0424,10.0321,0.2199,10.0730,10.0730,10.0634,0.2218
4.3740,10.0000,10.0445,10.0445,10.0342,0.2198,10.0749,10.0749,10.0653,0.2217
4.3750,10.0000,10.0466,10.0466,10.0362,0.2197,10.0769,10.0769,10.0672,0.2217
4.3760,10.0000,10.0486,10.0486,10.0383,0.2196,10.0788,10.0788,10.0691,0.2216
4.3770,10.0000,10.0506,10.0506,10.0403,0.2195,10.0807,10.0807,10.0711,0.2215
4.3780,10.0000,10.0527,10.0527,10.0424,0.2194,10.0827,10.0827,10.0730,0.2214
4.3790,10.0000,10.0547,10.0547,10.0445,0.2193,10.0846,10.0846,10.0749,0.2213
4.3800,10.0000,10.0567,10.0567,10.0465,0.2192,10.0866,10.0866,10.0769,0.2213
4.3810,10.0000,10.0587,10.0587,10.0485,0.2191,10.0885,10.0885,10.0788,0.2212
4.3820,10.0000,10.0607,10.0607,10.0506,0.2190,10.0904,10.0904,10.0808,0.2211
4.3830,10.0000,10.0627,10.0627,10.0526,0.2189,10.0924,10.0924,10.0827,0.2210
4.3840,10.0000,10.0647,10.0647,10.0546,0.2188,10.0943,10.0943,10.0846,0.2209
4.3850,10.0000,10.0667,10.0667,10.0567,0.2187,10.0963,10.0963,10.0866,0.2209
4.3860,10.0000,10.0687,10.0687,10.0587,0.2186,10.0982,10.0982,10.0885,0.2208
4.3870,10.0000,10.0707,10.0707,10.0607,0.2185,10.1001,10.1001,10.0904,0.2207
4.3880,10.0000,10.0726,10.0726,10.0627,0.2184,10.1021,10.1021,10.0924,0.2206
4.3890,10.0000,10.0746,10.0746,10.0647,0.2183,10.1040,10.1040,10.0943,0.2205
4.3900,10.0000,10.0765,10.0765,10.0667,0.2182,10.1059,10.1059,10.0962,0.2204
4.3910,10.0000,10.0785,10.0785,10.0686,0.2181,10.1078,10.1078,10.0982,0.2204
4.3920,10.0000,10.0804,10.0804,10.0706,0.2180,10.1098,10.1098,10.1001,0.2203
4.3930,10.0000,10.0823,10.0823,10.0726,0.2179,10.1117,10.1117,10.1020,0.2202
4.3940,10.0000,10.0843,10.0843,10.0745,0.2178,10.1136,10.1136,10.1040,0.2201
4.3950,10.0000,10.0862,10.0862,10.0765,0.2177,10.1155,10.1155,10.1059,0.2200
4.3960,10.0000,10.0881,10.0881,10.0784,0.2176,10.1174,10.1174,10.1078,0.2200
4.3970,10.0000,10.0899,10.0899,10.0803,0.2175,10.1193,10.1193,10.1097,0.2199
4.3980,10.0000,10.0918,10.0918,10.0823,0.2174,10.1212,10.1212,10.1117,0.2198
4.3990,10.0000,10.0937,10.0937,10.0842,0.2173,10.1231,10.1231,10.1136,0.2197
4.4000,10.0000,10.0956,10.0956,10.0861,0.2172,10.1250,10.1250,10.1155,0.2196
4.4010,10.0000,10.0974,10.0974,10.0880,0.2171,10.1269,10.1269,10.1174,0.2196
4.4020,10.0000,10.0993,10.0993,10.0899,0.2170,10.1288,10.1288,10.1193,0.2195
4.4030,10.0000,10.1011,10.1011,10.0917,0.2169,10.1307,10.1307,10.1212,0.2194
4.4040,10.0000,10.1029,10.1029,10.0936,0.2168,10.1326,10.1326,10.1231,0.2193
4.4050,10.0000,10.1047,10.1047,10.0955,0.2167,10.1344,10.1344,10.1250,0.2192
4.4060,10.0000,10.1065,10.1065,10.0973,0.2166,10.1363,10.1363,10.1269,0.2191
4.4070,10.0000,10.1083,10.1083,10.0992,0.2165,10.1382,10.1382,10.1288,0.2191
4.4080,10.0000,10.1101,10.1101,10.1010,0.2164,10.1400,10.1400,10.1306,0.2190
4.4090,10.0000,10.1119,10.1119,10.1028,0.2163,10.1419,10.1419,10.1325,0.2189
4.4100,10.0000,10.1136,10.1136,10.1046,0.2162,10.1437,10.1437,10.1344,0.2188
4.4110,10.0000,10.1154,10.1154,10.1064,0.2161,10.1456,10.1456,10.1363,0.2187
4.4120,10.0000,10.1171,10.1171,10.1082,0.2160,10.1474,10.1474,10.1381,0.2187
4.4130,10.0000,10.1188,10.1188,10.1100,0.2159,10.1492,10.1492,10.1400,0.2186
4.4140,10.0000,10.1205,10.1205,10.1118,0.2158,10.1511,10.1511,10.1418,0.2185
4.4150,10.0000,10.1222,10.1222,10.1135,0.2158,10.1529,10.1529,10.1437,0.2184
4.4160,10.0000,10.1239,10.1239,10.1153,0.2157,10.1547,10.1547,10.1455,0.2183
4.4170,10.0000,10.1256,10.1256,10.1170,0.2156,10.1565,10.1565,10.1474,0.2183
4.4180,10.0000,10.1273,10.1273,10.1187,0.2155,10.1583,10.1583,10.1492,0.2182
4.4190,10.0000,10.1289,10.1289,10.1204,0.2154,10.1601,10.1601,10.1510,0.2181
4.4200,10.0000,10.1306,10.1306,10.1221,0.2153,10.1619,10.1619,10.1528,0.2180
4.4210,10.0000,10.1322,10.1322,10.1238,0.2152,10.1636,10.1636,10.1546,0.2179
4.4220,10.0000,10.1339,10.1339,10.1255,0.2151,10.1654,10.1654,10.1564,0.2179
4.4230,10.0000,10.1355,10.1355,10.1272,0.2150,10.1672,10.1672,10.1582,0.2178
4.4240,10.0000,10.1371,10.1371,10.1288,0.2149,10.1689,10.1689,10.1600,0.2177
4.4250,10.0000,10.1386,10.1386,10.1305,0.2149,10.1707,10.1707,10.1618,0.2176
4.4260,10.0000,10.1402,10.1402,10.1321,0.2148,10.1724,10.1724,10.1636,0.2176
4.4270,10.0000,10.1418,10.1418,10.1337,0.2147,10.1741,10.1741,10.1653,0.2175
4.4280,10.0000,10.1433,10.1433,10.1353,0.2146,10.1759,10.1759,10.1671,0.2174
4.4290,10.0000,10.1449,10.1449,10.1369,0.2145,10.1776,10.1776,10.1689,0.2173
4.4300,10.0000,10.1464,10.1464,10.1385,0.2144,10.1793,10.1793,10.1706,0.2172
4.4310,10.0000,10.1479,10.1479,10.1401,0.2143,10.1810,10.1810,10.1723,0.2172
4.4320,10.0000,10.1494,10.1494,10.1417,0.2143,10.1827,10.1827,10.1741,0.2171
4.4330,10.0000,10.1509,10.1509,10.1432,0.2142,10.1844,10.1844,10.1758,0.2170
4.4340,10.0000,10.1524,10.1524,10.1447,0.2141,10.1860,10.1860,10.1775,0.2169
4.4350,10.0000,10.1538,10.1538,10.1463,0.2140,10.1877,10.1877,10.1792,0.2169
4.4360,10.0000,10.1553,10.1553,10.1478,0.2139,10.1893,10.1893,10.1809,0.2168
4.4370,10.0000,10.1567,10.1567,10.1493,0.2139,10.1910,10.1910,10.1826,0.2167
4.4380,10.0000,10.1581,10.1581,10.1508,0.2138,10.1926,10.1926,10.1843,0.2166
4.4390,10.0000,10.1595,10.1595,10.1522,0.2137,10.1943,10.1943,10.1859,0.2166
4.4400,10.0000,10.1609,10.1609,10.1537,0.2136,10.1959,10.1959,10.1876,0.2165
4.4410,10.0000,10.1623,10.1623,10.1552,0.2135,10.1975,10.1975,10.1893,0.2164
4.4420,10.0000,10.1637,10.1637,10.1566,0.2135,10.1991,10.1991,10.1909,0.2163
4.4430,10.0000,10.1651,10.1651,10.1580,0.2134,10.2007,10.2007,10.1925,0.2163
4.4440,10.0000,10.1664,10.1664,10.1594,0.2133,10.2022,10.2022,10.1942,0.2162
4.4450,10.0000,10.1677,10.1677,10.1608,0.2132,10.2038,10.2038,10.1958,0.2161
4.4460,10.0000,10.1691,10.1691,10.1622,0.2132,10.2054,10.2054,10.1974,0.2161
4.4470,10.0000,10.1704,10.1704,10.1636,0.2131,10.2069,10.2069,10.1990,0.2160
4.4480,10.0000,10.1717,10.1717,10.1649,0.2130,10.2085,10.2085,10.2006,0.2159
4.4490,10.0000,10.1729,10.1729,10.1663,0.2129,10.2100,10.2100,10.2021,0.2158
4.4500,10.0000,10.1742,10.1742,10.1676,0.2129,10.2115,10.2115,10.2037,0.2158
4.4510,10.0000,10.1755,10.1755,10.1689,0.2128,10.2130,10.2130,10.2053,0.2157
4.4520,10.0000,10.1767,10.1767,10.1702,0.2127,10.2145,10.2145,10.2068,0.2156
4.4530,10.0000,10.1779,10.1779,10.1715,0.2126,10.2160,10.2160,10.2084,0.2156
4.4540,10.0000,10.1791,10.1791,10.1728,0.2126,10.2175,10.2175,10.2099,0.2155
4.4550,10.0000,10.1803,10.1803,10.1741,0.2125,10.2189,10.2189,10.2114,0.2154
4.4560,10.0000,10.1815,10.1815,10.1753,0.2124,10.2204,10.2204,10.2129,0.2153
4.4570,10.0000,10.1827,10.1827,10.1766,0.2124,10.2218,10.2218,10.2144,0.2153
4.4580,10.0000,10.1838,10.1838,10.1778,0.2123,10.2233,10.2233,10.2159,0.2152
4.4590,10.0000,10.1850,10.1850,10.1790,0.2122,10.2247,10.2247,10.2174,0.2151
4.4600,10.0000,10.1861,10.1861,10.1802,0.2122,10.2261,10.2261,10.2188,0.2151
4.4610,10.0000,10.1872,10.1872,10.1814,0.2121,10.2275,10.2275,10.2203,0.2150
4.4620,10.0000,10.1883,10.1883,10.1826,0.2120,10.2289,10.2289,10.2217,0.2149
4.4630,10.0000,10.1894,10.1894,10.1837,0.2120,10.2302,10.2302,10.2231,0.2149
4.4640,10.0000,10.1905,10.1905,10.1849,0.2119,10.2316,10.2316,10.2246,0.2148
4.4650,10.0000,10.1916,10.1916,10.1860,0.2118,10.2330,10.2330,10.2260,0.2147
4.4660,10.0000,10.1926,10.1926,10.1871,0.2118,10.2343,10.2343,10.2274,0.2147
4.4670,10.0000,10.1937,10.1937,10.1882,0.2117,10.2356,10.2356,10.2288,0.2146
4.4680,10.0000,10.1947,10.1947,10.1893,0.2116,10.2370,10.2370,10.2301,0.2145
4.4690,10.0000,10.1957,10.1957,10.1904,0.2116,10.2383,10.2383,10.2315,0.2145
4.4700,10.0000,10.1967,10.1967,10.1914,0.2115,10.2396,10.2396,10.2329,0.2144
4.4710,10.0000,10.1977,10.1977,10.1925,0.2115,10.2408,10.2408,10.2342,0.2144
4.4720,10.0000,10.1987,10.1987,10.1935,0.2114,10.2421,10.2421,10.2355,0.2143
4.4730,10.0000,10.1996,10.1996,10.1946,0.2113,10.2434,10.2434,10.2368,0.2142
4.4740,10.0000,10.2006,10.2006,10.1956,0.2113,10.2446,10.2446,10.2381,0.2142
4.4750,10.0000,10.2015,10.2015,10.1966,0.2112,10.2459,10.2459,10.2394,0.2141
4.4760,10.0000,10.2024,10.2024,10.1976,0.2112,10.2471,10.2471,10.2407,0.2140
4.4770,10.0000,10.2033,10.2033,10.1985,0.2111,10.2483,10.2483,10.2420,0.2140
4.4780,10.0000,10.2042,10.2042,10.1995,0.2111,10.2495,10.2495,10.2433,0.2139
4.4790,10.0000,10.2051,10.2051,10.2004,0.2110,10.2507,10.2507,10.2445,0.2139
4.4800,10.0000,10.2059,10.2059,10.2014,0.2110,10.2519,10.2519,10.2457,0.2138
4.4810,10.0000,10.2068,10.2068,10.2023,0.2109,10.2530,10.2530,10.2470,0.2137
4.4820,10.0000,10.2076,10.2076,10.2032,0.2108,10.2542,10.2542,10.2482,0.2137
4.4830,10.0000,10.2085,10.2085,10.2041,0.2108,10.2553,10.2553,10.2494,0.2136
4.4840,10.0000,10.2093,10.2093,10.2049,0.2107,10.2564,10.2564,10.2506,0.2136
4.4850,10.0000,10.2101,10.2101,10.2058,0.2107,10.2576,10.2576,10.2517,0.2135
4.4860,10.0000,10.2109,10.2109,10.2067,0.2106,10.2587,10.2587,10.2529,0.2135
4.4870,10.0000,10.2116,10.2116,10.2075,0.2106,10.2597,10.2597,10.2541,0.2134
4.4880,10.0000,10.2124,10.2124,10.2083,0.2105,10.2608,10.2608,10.2552,0.2133
4.4890,10.0000,10.2131,10.2131,10.2091,0.2105,10.2619,10.2619,10.2563,0.2133
4.4900,10.0000,10.2139,10.2139,10.2099,0.2104,10.2629,10.2629,10.2574,0.2132
4.4910,10.0000,10.2146,10.2146,10.2107,0.2104,10.2640,10.2640,10.2585,0.2132
4.4920,10.0000,10.2153,10.2153,10.2115,0.2104,10.2650,10.2650,10.2596,0.2131
4.4930,10.0000,10.2160,10.2160,10.2123,0.2103,10.2660,10.2660,10.2607,0.2131
4.4940,10.0000,10.2167,10.2167,10.2130,0.2103,10.2670,10.2670,10.2618,0.2130
4.4950,10.0000,10.2173,10.2173,10.2137,0.2102,10.2680,10.2680,10.2628,0.2130
4.4960,10.0000,10.2180,10.2180,10.2145,0.2102,10.2690,10.2690,10.2639,0.2129
4.4970,10.0000,10.2186,10.2186,10.2152,0.2101,10.2700,10.2700,10.2649,0.2129
4.4980,10.0000,10.2193,10.2193,10.2159,0.2101,10.2709,10.2709,10.2659,0.2128
4.4990,10.0000,10.2199,10.2199,10.2165,0.2100,10.2718,10.2718,10.2669,0.2128
4.5000,10.0000,10.2205,10.2205,10.2172,0.2100,10.2728,10.2728,10.2679,0.2127
4.5010,10.0000,10.2211,10.2211,10.2179,0.2100,10.2737,10.2737,10.2689,0.2127
4.5020,10.0000,10.2217,10.2217,10.2185,0.2099,10.2746,10.2746,10.2698,0.2126
4.5030,10.0000,10.2222,10.2222,10.2191,0.2099,10.2755,10.2755,10.2708,0.2126
4.5040,10.0000,10.2228,10.2228,10.2197,0.2098,10.2764,10.2764,10.2717,0.2125
4.5050,10.0000,10.2233,10.2233,10.2204,0.2098,10.2772,10.2772,10.2726,0.2125
4.5060,10.0000,10.2238,10.2238,10.2209,0.2098,10.2781,10.2781,10.2736,0.2124
4.5070,10.0000,10.2244,10.2244,10.2215,0.2097,10.2789,10.2789,10.2745,0.2124
4.5080,10.0000,10.2249,10.2249,10.2221,0.2097,10.2797,10.2797,10.2753,0.2123
4.5090,10.0000,10.2254,10.2254,10.2226,0.2097,10.2805,10.2805,10.2762,0.2123
4.5100,10.0000,10.2258,10.2258,10.2232,0.2096,10.2813,10.2813,10.2771,0.2122
4.5110,10.0000,10.2263,10.2263,10.2237,0.2096,10.2821,10.2821,10.2779,0.2122
4.5120,10.0000,10.2268,10.2268,10.2242,0.2096,10.2829,10.2829,10.2788,0.2121
4.5130,10.0000,10.2272,10.2272,10.2247,0.2095,10.2837,10.2837,10.2796,0.2121
4.5140,10.0000,10.2276,10.2276,10.2252,0.2095,10.2844,10.2844,10.2804,0.2121
4.5150,10.0000,10.2280,10.2280,10.2257,0.2095,10.2851,10.2851,10.2812,0.2120
4.5160,10.0000,10.2285,10.2285,10.2262,0.2094,10.2859,10.2859,10.2820,0.2120
4.5170,10.0000,10.2288,10.2288,10.2266,0.2094,10.2866,10.2866,10.2828,0.2119
4.5180,10.0000,10.2292,10.2292,10.2271,0.2094,10.2873,10.2873,10.2835,0.2119
4.5190,10.0000,10.2296,10.2296,10.2275,0.2093,10.2880,10.2880,10.2843,0.2118
4.5200,10.0000,10.2300,10.2300,10.2279,0.2093,10.2886,10.2886,10.2850,0.2118
4.5210,10.0000,10.2303,10.2303,10.2283,0.2093,10.2893,10.2893,10.2857,0.2118
4.5220,10.0000,10.2306,10.2306,10.2287,0.2092,10.2899,10.2899,10.2864,0.2117
4.5230,10.0000,10.2310,10.2310,10.2291,0.2092,10.2906,10.2906,10.2871,0.2117
4.5240,10.0000,10.2313,10.2313,10.2295,0.2092,10.2912,10.2912,10.2878,0.2116
4.5250,10.0000,10.2316,10.2316,10.2298,0.2092,10.2918,10.2918,10.2885,0.2116
4.5260,10.0000,10.2319,10.2319,10.2302,0.2091,10.2924,10.2924,10.2892,0.2116
4.5270,10.0000,10.2321,10.2321,10.2305,0.2091,10.2930,10.2930,10.2898,0.2115
4.5280,10.0000,10.2324,10.2324,10.2308,0.2091,10.2935,10.2935,10.2904,0.2115
4.5290,10.0000,10.2327,10.2327,10.2312,0.2091,10.2941,10.2941,10.2911,0.2115
4.5300,10.0000,10.2329,10.2329,10.2315,0.2090,10.2946,10.2946,10.2917,0.2114
4.5310,10.0000,10.2331,10.2331,10.2317,0.2090,10.2952,10.2952,10.2923,0.2114
4.5320,10.0000,10.2334,10.2334,10.2320,0.2090,10.2957,10.2957,10.2928,0.2114
4.5330,10.0000,10.2336,10.2336,10.2323,0.2090,10.2962,10.2962,10.2934,0.2113
4.5340,10.0000,10.2338,10.2338,10.2325,0.2089,10.2967,10.2967,10.2940,0.2113
4.5350,10.0000,10.2339,10.2339,10.2328,0.2089,10.2972,10.2972,10.2945,0.2113
4.5360,10.0000,10.2341,10.2341,10.2330,0.2089,10.2976,10.2976,10.2950,0.2112
4.5370,10.0000,10.2343,10.2343,10.2332,0.2089,10.2981,10.2981,10.2956,0.2112
4.5380,10.0000,10.2344,10.2344,10.2334,0.2089,10.2985,10.2985,10.2961,0.2112
4.5390,10.0000,10.2346,10.2346,10.2336,0.2088,10.2990,10.2990,10.2966,0.2111
4.5400,10.0000,10.2347,10.2347,10.2338,0.2088,10.2994,10.2994,10.2970,0.2111
4.5410,10.0000,10.2348,10.2348,10.2340,0.2088,10.2998,10.2998,10.2975,0.2111
4.5420,10.0000,10.2349,10.2349,10.2342,0.2088,10.3002,10.3002,10.2980,0.2110
4.5430,10.0000,10.2350,10.2350,10.2343,0.2088,10.3006,10.3006,10.2984,0.2110
4.5440,10.0000,10.2351,10.2351,10.2345,0.2088,10.3009,10.3009,10.2988,0.2110
4.5450,10.0000,10.2352,10.2352,10.2346,0.2087,10.3013,10.3013,10.2993,0.2109
4.5460,10.0000,10.2353,10.2353,10.2347,0.2087,10.3016,10.3016,10.2997,0.2109
4.5470,10.0000,10.2353,10.2353,10.2348,0.2087,10.3020,10.3020,10.3001,0.2109
4.5480,10.0000,10.2354,10.2354,10.2349,0.2087,10.3023,10.3023,10.3004,0.2109
4.5490,10.0000,10.2354,10.2354,10.2350,0.2087,10.3026,10.3026,10.3008,0.2108
4.5500,10.0000,10.2354,10.2354,10.2351,0.2087,10.3029,10.3029,10.3012,0.2108
4.5510,10.0000,10.2355,10.2355,10.2352,0.2087,10.3032,10.3032,10.3015,0.2108
4.5520,10.0000,10.2355,10.2355,10.2352,0.2086,10.3034,10.3034,10.3018,0.2108
4.5530,10.0000,10.2355,10.2355,10.2353,0.2086,10.3037,10.3037,10.3022,0.2107
4.5540,10.0000,10.2354,10.2354,10.2353,0.2086,10.3039,10.3039,10.3025,0.2107
4.5550,10.0000,10.2354,10.2354,10.2353,0.2086,10.3042,10.3042,10.3028,0.2107
4.5560,10.0000,10.2354,10.2354,10.2354,0.2086,10.3044,10.3044,10.3030,0.2107
4.5570,10.0000,10.2353,10.2353,10.2354,0.2086,10.3046,10.3046,10.3033,0.2106
4.5580,10.0000,10.2353,10.2353,10.2354,0.2086,10.3048,10.3048,10.3036,0.2106
4.5590,10.0000,10.2352,10.2352,10.2353,0.2086,10.3050,10.3050,10.3038,0.2106
4.5600,10.0000,10.2351,10.2351,10.2353,0.2086,10.3051,10.3051,10.3040,0.2106
4.5610,10.0000,10.2351,10.2351,10.2353,0.2086,10.3053,10.3053,10.3043,0.2106
4.5620,10.0000,10.2350,10.2350,10.2352,0.2086,10.3054,10.3054,10.3045,0.2105
4.5630,10.0000,10.2349,10.2349,10.2352,0.2085,10.3056,10.3056,10.3047,0.2105
4.5640,10.0000,10.2347,10.2347,10.2351,0.2085,10.3057,10.3057,10.3048,0.2105
4.5650,10.0000,10.2346,10.2346,10.2350,0.2085,10.3058,10.3058,10.3050,0.2105
4.5660,10.0000,10.2345,10.2345,10.2350,0.2085,10.3059,10.3059,10.3052,0.2105
4.5670,10.0000,10.2343,10.2343,10.2349,0.2085,10.3060,10.3060,10.3053,0.2104
4.5680,10.0000,10.2342,10.2342,10.2348,0.2085,10.3061,10.3061,10.3055,0.2104
4.5690,10.0000,10.2340,10.2340,10.2346,0.2085,10.3061,10.3061,10.3056,0.2104
4.5700,10.0000,10.2339,10.2339,10.2345,0.2085,10.3062,10.3062,10.3057,0.2104
4.5710,10.0000,10.2337,10.2337,10.2344,0.2085,10.3062,10.3062,10.3058,0.2104
4.5720,10.0000,10.2335,10.2335,10.2342,0.2085,10.3063,10.3063,10.3059,0.2104
4.5730,10.0000,10.2333,10.2333,10.2341,0.2085,10.3063,10.3063,10.3060,0.2103
4.5740,10.0000,10.2331,10.2331,10.2339,0.2085,10.3063,10.3063,10.3060,0.2103
4.5750,10.0000,10.2329,10.2329,10.2338,0.2085,10.3063,10.3063,10.3061,0.2103
4.5760,10.0000,10.2326,10.2326,10.2336,0.2085,10.3063,10.3063,10.3061,0.2103
4.5770,10.0000,10.2324,10.2324,10.2334,0.2085,10.3062,10.3062,10.3061,0.2103
4.5780,10.0000,10.2322,10.2322,10.2332,0.2085,10.3062,10.3062,10.3062,0.2103
4.5790,10.0000,10.2319,10.2319,10.2330,0.2085,10.3061,10.3061,10.3062,0.2103
4.5800,10.0000,10.2316,10.2316,10.2328,0.2085,10.3061,10.3061,10.3062,0.2102
4.5810,10.0000,10.2314,10.2314,10.2325,0.2085,10.3060,10.3060,10.3061,0.2102
4.5820,10.0000,10.2311,10.2311,10.2323,0.2085,10.3059,10.3059,10.3061,0.2102
4.5830,10.0000,10.2308,10.2308,10.2321,0.2085,10.3058,10.3058,10.3061,0.2102
4.5840,10.0000,10.2305,10.2305,10.2318,0.2085,10.3057,10.3057,10.3060,0.2102
4.5850,10.0000,10.2302,10.2302,10.2316,0.2085,10.3056,10.3056,10.3060,0.2102
4.5860,10.0000,10.2299,10.2299,10.2313,0.2085,10.3055,10.3055,10.3059,0.2102
4.5870,10.0000,10.2296,10.2296,10.2310,0.2085,10.3053,10.3053,10.3058,0.2102
4.5880,10.0000,10.2292,10.2292,10.2307,0.2085,10.3052,10.3052,10.3057,0.2102
4.5890,10.0000,10.2289,10.2289,10.2304,0.2086,10.3050,10.3050,10.3056,0.2102
4.5900,10.0000,10.2286,10.2286,10.2301,0.2086,10.3048,10.3048,10.3055,0.2102
4.5910,10.0000,10.2282,10.2282,10.2298,0.2086,10.3046,10.3046,10.3053,0.2101
4.5920,10.0000,10.2278,10.2278,10.2295,0.2086,10.3044,10.3044,10.3052,0.2101
4.5930,10.0000,10.2275,10.2275,10.2292,0.2086,10.3042,10.3042,10.3050,0.2101
4.5940,10.0000,10.2271,10.2271,10.2288,0.2086,10.3040,10.3040,10.3049,0.2101
4.5950,10.0000,10.2267,10.2267,10.2285,0.2086,10.3038,10.3038,10.3047,0.2101
4.5960,10.0000,10.2263,10.2263,10.2281,0.2086,10.3035,10.3035,10.3045,0.2101
4.5970,10.0000,10.2259,10.2259,10.2277,0.2086,10.3033,10.3033,10.3043,0.2101
4.5980,10.0000,10.2255,10.2255,10.2274,0.2086,10.3030,10.3030,10.3041,0.2101
4.5990,10.0000,10.2250,10.2250,10.2270,0.2086,10.3027,10.3027,10.3039,0.2101
4.6000,10.0000,10.2246,10.2246,10.2266,0.2086,10.3025,10.3025,10.3037,0.2101
4.6010,10.0000,10.2242,10.2242,10.2262,0.2087,10.3022,10.3022,10.3034,0.2101
4.6020,10.0000,10.2237,10.2237,10.2258,0.2087,10.3018,10.3018,10.3032,0.2101
4.6030,10.0000,10.2233,10.2233,10.2254,0.2087,10.3015,10.3015,10.3029,0.2101
4.6040,10.0000,10.2228,10.2228,10.2250,0.2087,10.3012,10.3012,10.3026,0.2101
4.6050,10.0000,10.2224,10.2224,10.2245,0.2087,10.3009,10.3009,10.3023,0.2101
4.6060,10.0000,10.2219,10.2219,10.2241,0.2087,10.3005,10.3005,10.3020,0.2101
4.6070,10.0000,10.2214,10.2214,10.2237,0.2087,10.3002,10.3002,10.3017,0.2101
4.6080,10.0000,10.2209,10.2209,10.2232,0.2087,10.2998,10.2998,10.3014,0.2101
4.6090,10.0000,10.2204,10.2204,10.2227,0.2088,10.2994,10.2994,10.3011,0.2101
4.6100,10.0000,10.2199,10.2199,10.2223,0.2088,10.2990,10.2990,10.3008,0.2101
4.6110,10.0000,10.2194,10.2194,10.2218,0.2088,10.2986,10.2986,10.3004,0.2101
4.6120,10.0000,10.2189,10.2189,10.2213,0.2088,10.2982,10.2982,10.3001,0.2101
4.6130,10.0000,10.2183,10.2183,10.2208,0.2088,10.2978,10.2978,10.2997,0.2101
4.6140,10.0000,10.2178,10.2178,10.2203,0.2088,10.2974,10.2974,10.2993,0.2101
4.6150,10.0000,10.2173,10.2173,10.2198,0.2089,10.2969,10.2969,10.2989,0.2101
4.6160,10.0000,10.2167,10.2167,10.2193,0.2089,10.2965,10.2965,10.2985,0.2101
4.6170,10.0000,10.2161,10.2161,10.2188,0.2089,10.2960,10.2960,10.2981,0.2101
4.6180,10.0000,10.2156,10.2156,10.2183,0.2089,10.2955,10.2955,10.2977,0.2101
4.6190,10.0000,10.2150,10.2150,10.2177,0.2089,10.2951,10.2951,10.2973,0.2101
4.6200,10.0000,10.2144,10.2144,10.2172,0.2089,10.2946,10.2946,10.2968,0.2101
4.6210,10.0000,10.2138,10.2138,10.2166,0.2090,10.2941,10.2941,10.2964,0.2102
4.6220,10.0000,10.2132,10.2132,10.2161,0.2090,10.2936,10.2936,10.2959,0.2102
4.6230,10.0000,10.2126,10.2126,10.2155,0.2090,10.2930,10.2930,10.2954,0.2102
4.6240,10.0000,10.2120,10.2120,10.2149,0.2090,10.2925,10.2925,10.2950,0.2102
4.6250,10.0000,10.2114,10.2114,10.2143,0.2090,10.2920,10.2920,10.2945,0.2102
4.6260,10.0000,10.2108,10.2108,10.2138,0.2091,10.2914,10.2914,10.2940,0.2102
4.6270,10.0000,10.2102,10.2102,10.2132,0.2091,10.2909,10.2909,10.2935,0.2102
4.6280,10.0000,10.2095,10.2095,10.2126,0.2091,10.2903,10.2903,10.2929,0.2102
4.6290,10.0000,10.2089,10.2089,10.2120,0.2091,10.2897,10.2897,10.2924,0.2102
4.6300,10.0000,10.2082,10.2082,10.2113,0.2092,10.2891,10.2891,10.2919,0.2102
4.6310,10.0000,10.2076,10.2076,10.2107,0.2092,10.2885,10.2885,10.2913,0.2102
4.6320,10.0000,10.2069,10.2069,10.2101,0.2092,10.2879,10.2879,10.2908,0.2103
4.6330,10.0000,10.2062,10.2062,10.2095,0.2092,10.2873,10.2873,10.2902,0.2103
4.6340,10.0000,10.2056,10.2056,10.2088,0.2093,10.2867,10.2867,10.2896,0.2103
4.6350,10.0000,10.2049,10.2049,10.2082,0.2093,10.2860,10.2860,10.2890,0.2103
4.6360,10.0000,10.2042,10.2042,10.2075,0.2093,10.2854,10.2854,10.2884,0.2103
4.6370,10.0000,10.2035,10.2035,10.2068,0.2093,10.2848,10.2848,10.2878,0.2103
4.6380,10.0000,10.2028,10.2028,10.2062,0.2094,10.2841,10.2841,10.2872,0.2103
4.6390,10.0000,10.2021,10.2021,10.2055,0.2094,10.2834,10.2834,10.2866,0.2103
4.6400,10.0000,10.2014,10.2014,10.2048,0.2094,10.2827,10.2827,10.2860,0.2104
4.6410,10.0000,10.2007,10.2007,10.2041,0.2094,10.2820,10.2820,10.2853,0.2104
4.6420,10.0000,10.1999,10.1999,10.2034,0.2095,10.2814,10.2814,10.2847,0.2104
4.6430,10.0000,10.1992,10.1992,10.2027,0.2095,10.2806,10.2806,10.2840,0.2104
4.6440,10.0000,10.1984,10.1984,10.2020,0.2095,10.2799,10.2799,10.2833,0.2104
4.6450,10.0000,10.1977,10.1977,10.2013,0.2095,10.2792,10.2792,10.2826,0.2104
4.6460,10.0000,10.1969,10.1969,10.2006,0.2096,10.2785,10.2785,10.2820,0.2104
4.6470,10.0000,10.1962,10.1962,10.1999,0.2096,10.2777,10.2777,10.2813,0.2105
4.6480,10.0000,10.1954,10.1954,10.1991,0.2096,10.2770,10.2770,10.2806,0.2105
4.6490,10.0000,10.1946,10.1946,10.1984,0.2097,10.2762,10.2762,10.2798,0.2105
4.6500,10.0000,10.1939,10.1939,10.1976,0.2097,10.2754,10.2754,10.2791,0.2105
4.6510,10.0000,10.1931,10.1931,10.1969,0.2097,10.2747,10.2747,10.2784,0.2105
4.6520,10.0000,10.1923,10.1923,10.1961,0.2097,10.2739,10.2739,10.2776,0.2106
4.6530,10.0000,10.1915,10.1915,10.1954,0.2098,10.2731,10.2731,10.2769,0.2106
4.6540,10.0000,10.1907,10.1907,10.1946,0.2098,10.2723,10.2723,10.2761,0.2106
4.6550,10.0000,10.1899,10.1899,10.1938,0.2098,10.2715,10.2715,10.2754,0.2106
4.6560,10.0000,10.1891,10.1891,10.1930,0.2099,10.2707,10.2707,10.2746,0.2106
4.6570,10.0000,10.1883,10.1883,10.1922,0.2099,10.2698,10.2698,10.2738,0.2107
4.6580,10.0000,10.1874,10.1874,10.1914,0.2099,10.2690,10.2690,10.2730,0.2107
4.6590,10.0000,10.1866,10.1866,10.1906,0.2100,10.2681,10.2681,10.2722,0.2107
4.6600,10.0000,10.1858,10.1858,10.1898,0.2100,10.2673,10.2673,10.2714,0.2107
4.6610,10.0000,10.1849,10.1849,10.1890,0.2100,10.2664,10.2664,10.2706,0.2107
4.6620,10.0000,10.1841,10.1841,10.1882,0.2101,10.2656,10.2656,10.2697,0.2108
4.6630,10.0000,10.1832,10.1832,10.1874,0.2101,10.2647,10.2647,10.2689,0.2108
4.6640,10.0000,10.1823,10.1823,10.1865,0.2101,10.2638,10.2638,10.2681,0.2108
4.6650,10.0000,10.1815,10.1815,10.1857,0.2102,10.2629,10.2629,10.2672,0.2108
4.6660,10.0000,10.1806,10.1806,10.1849,0.2102,10.2620,10.2620,10.2663,0.2109
4.6670,10.0000,10.1797,10.1797,10.1840,0.2102,10.2611,10.2611,10.2655,0.2109
4.6680,10.0000,10.1788,10.1788,10.1831,0.2103,10.2602,10.2602,10.2646,0.2109
4.6690,10.0000,10.1780,10.1780,10.1823,0.2103,10.2592,10.2592,10.2637,0.2109
4.6700,10.0000,10.1771,10.1771,10.1814,0.2104,10.2583,10.2583,10.2628,0.2110
4.6710,10.0000,10.1762,10.1762,10.1805,0.2104,10.2574,10.2574,10.2619,0.2110
4.6720,10.0000,10.1753,10.1753,10.1797,0.2104,10.2564,10.2564,10.2610,0.2110
4.6730,10.0000,10.1743,10.1743,10.1788,0.2105,10.2555,10.2555,10.2601,0.2110
4.6740,10.0000,10.1734,10.1734,10.1779,0.2105,10.2545,10.2545,10.2592,0.2111
4.6750,10.0000,10.1725,10.1725,10.1770,0.2105,10.2535,10.2535,10.2582,0.2111
4.6760,10.0000,10.1716,10.1716,10.1761,0.2106,10.2525,10.2525,10.2573,0.2111
4.6770,10.0000,10.1706,10.1706,10.1752,0.2106,10.2515,10.2515,10.2563,0.2112
4.6780,10.0000,10.1697,10.1697,10.1743,0.2107,10.2505,10.2505,10.2554,0.2112
4.6790,10.0000,10.1688,10.1688,10.1734,0.2107,10.2495,10.2495,10.2544,0.2112
4.6800,10.0000,10.1678,10.1678,10.1724,0.2107,10.2485,10.2485,10.2534,0.2112
4.6810,10.0000,10.1669,10.1669,10.1715,0.2108,10.2475,10.2475,10.2525,0.2113
4.6820,10.0000,10.1659,10.1659,10.1706,0.2108,10.2465,10.2465,10.2515,0.2113
4.6830,10.0000,10.1649,10.1649,10.1696,0.2109,10.2455,10.2455,10.2505,0.2113
4.6840,10.0000,10.1640,10.1640,10.1687,0.2109,10.2444,10.2444,10.2495,0.2114
4.6850,10.0000,10.1630,10.1630,10.1678,0.2109,10.2434,10.2434,10.2485,0.2114
4.6860,10.0000,10.1620,10.1620,10.1668,0.2110,10.2423,10.2423,10.2474,0.2114
4.6870,10.0000,10.1610,10.1610,10.1658,0.2110,10.2412,10.2412,10.2464,0.2115
4.6880,10.0000,10.1600,10.1600,10.1649,0.2111,10.2402,10.2402,10.2454,0.2115
4.6890,10.0000,10.1590,10.1590,10.1639,0.2111,10.2391,10.2391,10.2443,0.2115
4.6900,10.0000,10.1580,10.1580,10.1629,0.2111,10.2380,10.2380,10.2433,0.2115
4.6910,10.0000,10.1570,10.1570,10.1620,0.2112,10.2369,10.2369,10.2422,0.2116
4.6920,10.0000,10.1560,10.1560,10.1610,0.2112,10.2358,10.2358,10.2412,0.2116
4.6930,10.0000,10.1550,10.1550,10.1600,0.2113,10.2347,10.2347,10.2401,0.2116
4.6940,10.0000,10.1540,10.1540,10.1590,0.2113,10.2336,10.2336,10.2390,0.2117
4.6950,10.0000,10.1530,10.1530,10.1580,0.2114,10.2325,10.2325,10.2379,0.2117
4.6960,10.0000,10.1519,10.1519,10.1570,0.2114,10.2314,10.2314,10.2369,0.2118
4.6970,10.0000,10.1509,10.1509,10.1560,0.2114,10.2302,10.2302,10.2358,0.2118
4.6980,10.0000,10.1499,10.1499,10.1550,0.2115,10.2291,10.2291,10.2347,0.2118
4.6990,10.0000,10.1488,10.1488,10.1539,0.2115,10.2279,10.2279,10.2335,0.2119
4.7000,10.0000,10.1478,10.1478,10.1529,0.2116,10.2268,10.2268,10.2324,0.2119
4.7010,10.0000,10.1467,10.1467,10.1519,0.2116,10.2256,10.2256,10.2313,0.2119
4.7020,10.0000,10.1456,10.1456,10.1508,0.2117,10.2245,10.2245,10.2302,0.2120
4.7030,10.0000,10.1446,10.1446,10.1498,0.2117,10.2233,10.2233,10.2290,0.2120
4.7040,10.0000,10.1435,10.1435,10.1488,0.2118,10.2221,10.2221,10.2279,0.2120
4.7050,10.0000,10.1424,10.1424,10.1477,0.2118,10.2209,10.2209,10.2267,0.2121
4.7060,10.0000,10.1414,10.1414,10.1467,0.2119,10.2197,10.2197,10.2256,0.2121
4.7070,10.0000,10.1403,10.1403,10.1456,0.2119,10.2185,10.2185,10.2244,0.2122
4.7080,10.0000,10.1392,10.1392,10.1445,0.2120,10.2173,10.2173,10.2232,0.2122
4.7090,10.0000,10.1381,10.1381,10.1435,0.2120,10.2161,10.2161,10.2220,0.2122
4.7100,10.0000,10.1370,10.1370,10.1424,0.2121,10.2149,10.2149,10.2209,0.2123
4.7110,10.0000,10.1359,10.1359,10.1413,0.2121,10.2137,10.2137,10.2197,0.2123
4.7120,10.0000,10.1348,10.1348,10.1402,0.2122,10.2124,10.2124,10.2185,0.2123
4.7130,10.0000,10.1337,10.1337,10.1391,0.2122,10.2112,10.2112,10.2173,0.2124
4.7140,10.0000,10.1326,10.1326,10.1381,0.2122,10.2100,10.2100,10.2161,0.2124
4.7150,10.0000,10.1314,10.1314,10.1370,0.2123,10.2087,10.2087,10.2148,0.2125
4.7160,10.0000,10.1303,10.1303,10.1359,0.2123,10.2075,10.2075,10.2136,0.2125
4.7170,10.0000,10.1292,10.1292,10.1347,0.2124,10.2062,10.2062,10.2124,0.2126
4.7180,10.0000,10.1281,10.1281,10.1336,0.2124,10.2049,10.2049,10.2111,0.2126
4.7190,10.0000,10.1269,10.1269,10.1325,0.2125,10.2037,10.2037,10.2099,0.2126
4.7200,10.0000,10.1258,10.1258,10.1314,0.2126,10.2024,10.2024,10.2086,0.2127
4.7210,10.0000,10.1246,10.1246,10.1303,0.2126,10.2011,10.2011,10.2074,0.2127
4.7220,10.0000,10.1235,10.1235,10.1292,0.2127,10.1998,10.1998,10.2061,0.2128
4.7230,10.0000,10.1223,10.1223,10.1280,0.2127,10.1985,10.1985,10.2049,0.2128
4.7240,10.0000,10.1212,10.1212,10.1269,0.2128,10.1972,10.1972,10.2036,0.2128
4.7250,10.0000,10.1200,10.1200,10.1257,0.2128,10.1959,10.1959,10.2023,0.2129
4.7260,10.0000,10.1189,10.1189,10.1246,0.2129,10.1946,10.1946,10.2010,0.2129
4.7270,10.0000,10.1177,10.1177,10.1235,0.2129,10.1932,10.1932,10.1997,0.2130
4.7280,10.0000,10.1165,10.1165,10.1223,0.2130,10.1919,10.1919,10.1984,0.2130
4.7290,10.0000,10.1153,10.1153,10.1211,0.2130,10.1906,10.1906,10.1971,0.2131
4.7300,10.0000,10.1141,10.1141,10.1200,0.2131,10.1893,10.1893,10.1958,0.2131
4.7310,10.0000,10.1130,10.1130,10.1188,0.2131,10.1879,10.1879,10.1945,0.2132
4.7320,10.0000,10.1118,10.1118,10.1176,0.2132,10.1866,10.1866,10.1932,0.2132
4.7330,10.0000,10.1106,10.1106,10.1165,0.2132,10.1852,10.1852,10.1919,0.2132
4.7340,10.0000,10.1094,10.1094,10.1153,0.2133,10.1838,10.1838,10.1905,0.2133
4.7350,10.0000,10.1082,10.1082,10.1141,0.2133,10.1825,10.1825,10.1892,0.2133
4.7360,10.0000,10.1070,10.1070,10.1129,0.2134,10.1811,10.1811,10.1879,0.2134
4.7370,10.0000,10.1058,10.1058,10.1117,0.2135,10.1797,10.1797,10.1865,0.2134
4.7380,10.0000,10.1045,10.1045,10.1105,0.2135,10.1784,10.1784,10.1852,0.2135
4.7390,10.0000,10.1033,10.1033,10.1093,0.2136,10.1770,10.1770,10.1838,0.2135
4.7400,10.0000,10.1021,10.1021,10.1081,0.2136,10.1756,10.1756,10.1824,0.2136
4.7410,10.0000,10.1009,10.1009,10.1069,0.2137,10.1742,10.1742,10.1811,0.2136
4.7420,10.0000,10.0996,10.0996,10.1057,0.2137,10.1728,10.1728,10.1797,0.2137
4.7430,10.0000,10.0984,10.0984,10.1045,0.2138,10.1714,10.1714,10.1783,0.2137
4.7440,10.0000,10.0972,10.0972,10.1033,0.2138,10.1700,10.1700,10.1769,0.2138
4.7450,10.0000,10.0959,10.0959,10.1021,0.2139,10.1685,10.1685,10.1755,0.2138
4.7460,10.0000,10.0947,10.0947,10.1008,0.2140,10.1671,10.1671,10.1741,0.2139
4.7470,10.0000,10.0934,10.0934,10.0996,0.2140,10.1657,10.1657,10.1727,0.2139
4.7480,10.0000,10.0922,10.0922,10.0984,0.2141,10.1643,10.1643,10.1713,0.2140
4.7490,10.0000,10.0909,10.0909,10.0971,0.2141,10.1628,10.1628,10.1699,0.2140
4.7500,10.0000,10.0897,10.0897,10.0959,0.2142,10.1614,10.1614,10.1685,0.2141
4.7510,10.0000,10.0884,10.0884,10.0946,0.2143,10.1599,10.1599,10.1671,0.2141
4.7520,10.0000,10.0871,10.0871,10.0934,0.2143,10.1585,10.1585,10.1656,0.2142
4.7530,10.0000,10.0859,10.0859,10.0921,0.2144,10.1570,10.1570,10.1642,0.2142
4.7540,10.0000,10.0846,10.0846,10.0909,0.2144,10.1556,10.1556,10.1628,0.2143
4.7550,10.0000,10.0833,10.0833,10.0896,0.2145,10.1541,10.1541,10.1613,0.2143
4.7560,10.0000,10.0820,10.0820,10.0884,0.2145,10.1526,10.1526,10.1599,0.2144
4.7570,10.0000,10.0808,10.0808,10.0871,0.2146,10.1512,10.1512,10.1584,0.2144
4.7580,10.0000,10.0795,10.0795,10.0858,0.2147,10.1497,10.1497,10.1570,0.2145
4.7590,10.0000,10.0782,10.0782,10.0846,0.2147,10.1482,10.1482,10.1555,0.2145
4.7600,10.0000,10.0769,10.0769,10.0833,0.2148,10.1467,10.1467,10.1540,0.2146
4.7610,10.0000,10.0756,10.0756,10.0820,0.2149,10.1452,10.1452,10.1526,0.2146
4.7620,10.0000,10.0743,10.0743,10.0807,0.2149,10.1437,10.1437,10.1511,0.2147
4.7630,10.0000,10.0730,10.0730,10.0794,0.2150,10.1422,10.1422,10.1496,0.2147
4.7640,10.0000,10.0717,10.0717,10.0781,0.2150,10.1407,10.1407,10.1481,0.2148
4.7650,10.0000,10.0704,10.0704,10.0768,0.2151,10.1392,10.1392,10.1467,0.2149
4.7660,10.0000,10.0690,10.0690,10.0755,0.2152,10.1377,10.1377,10.1452,0.2149
4.7670,10.0000,10.0677,10.0677,10.0742,0.2152,10.1362,10.1362,10.1437,0.2150
4.7680,10.0000,10.0664,10.0664,10.0729,0.2153,10.1346,10.1346,10.1422,0.2150
4.7690,10.0000,10.0651,10.0651,10.0716,0.2153,10.1331,10.1331,10.1407,0.2151
4.7700,10.0000,10.0638,10.0638,10.0703,0.2154,10.1316,10.1316,10.1391,0.2151
4.7710,10.0000,10.0624,10.0624,10.0690,0.2155,10.1300,10.1300,10.1376,0.2152
4.7720,10.0000,10.0611,10.0611,10.0677,0.2155,10.1285,10.1285,10.1361,0.2152
4.7730,10.0000,10.0598,10.0598,10.0664,0.2156,10.1270,10.1270,10.1346,0.2153
4.7740,10.0000,10.0584,10.0584,10.0651,0.2157,10.1254,10.1254,10.1331,0.2154
4.7750,10.0000,10.0571,10.0571,10.0637,0.2157,10.1239,10.1239,10.1315,0.2154
4.7760,10.0000,10.0557,10.0557,10.0624,0.2158,10.1223,10.1223,10.1300,0.2155
4.7770,10.0000,10.0544,10.0544,10.0611,0.2159,10.1207,10.1207,10.1285,0.2155
4.7780,10.0000,10.0530,10.0530,10.0597,0.2159,10.1192,10.1192,10.1269,0.2156
4.7790,10.0000,10.0517,10.0517,10.0584,0.2160,10.1176,10.1176,10.1254,0.2156
4.7800,10.0000,10.0503,10.0503,10.0570,0.2160,10.1160,10.1160,10.1238,0.2157
4.7810,10.0000,10.0490,10.0490,10.0557,0.2161,10.1145,10.1145,10.1223,0.2158
4.7820,10.0000,10.0476,10.0476,10.0544,0.2162,10.1129,10.1129,10.1207,0.2158
4.7830,10.0000,10.0462,10.0462,10.0530,0.2162,10.1113,10.1113,10.1191,0.2159
4.7840,10.0000,10.0449,10.0449,10.0517,0.2163,10.1097,10.1097,10.1176,0.2159
4.7850,10.0000,10.0435,10.0435,10.0503,0.2164,10.1081,10.1081,10.1160,0.2160
4.7860,10.0000,10.0421,10.0421,10.0489,0.2164,10.1065,10.1065,10.1144,0.2160
4.7870,10.0000,10.0408,10.0408,10.0476,0.2165,10.1050,10.1050,10.1129,0.2161
4.7880,10.0000,10.0394,10.0394,10.0462,0.2166,10.1034,10.1034,10.1113,0.2162
4.7890,10.0000,10.0380,10.0380,10.0448,0.2166,10.1018,10.1018,10.1097,0.2162
4.7900,10.0000,10.0366,10.0366,10.0435,0.2167,10.1001,10.1001,10.1081,0.2163
4.7910,10.0000,10.0352,10.0352,10.0421,0.2168,10.0985,10.0985,10.1065,0.2163
4.7920,10.0000,10.0338,10.0338,10.0407,0.2168,10.0969,10.0969,10.1049,0.2164
4.7930,10.0000,10.0325,10.0325,10.0394,0.2169,10.0953,10.0953,10.1033,0.2165
4.7940,10.0000,10.0311,10.0311,10.0380,0.2170,10.0937,10.0937,10.1017,0.2165
4.7950,10.0000,10.0297,10.0297,10.0366,0.2170,10.0921,10.0921,10.1001,0.2166
4.7960,10.0000,10.0283,10.0283,10.0352,0.2171,10.0904,10.0904,10.0985,0.2166
4.7970,10.0000,10.0269,10.0269,10.0338,0.2172,10.0888,10.0888,10.0969,0.2167
4.7980,10.0000,10.0255,10.0255,10.0324,0.2172,10.0872,10.0872,10.0953,0.2168
4.7990,10.0000,10.0241,10.0241,10.0310,0.2173,10.0856,10.0856,10.0937,0.2168
4.8000,10.0000,10.0227,10.0227,10.0296,0.2174,10.0839,10.0839,10.0920,0.2169
4.8010,10.0000,10.0213,10.0213,10.0282,0.2175,10.0823,10.0823,10.0904,0.2170
4.8020,10.0000,10.0198,10.0198,10.0268,0.2175,10.0806,10.0806,10.0888,0.2170
4.8030,10.0000,10.0184,10.0184,10.0254,0.2176,10.0790,10.0790,10.0872,0.2171
4.8040,10.0000,10.0170,10.0170,10.0240,0.2177,10.0773,10.0773,10.0855,0.2171
4.8050,10.0000,10.0156,10.0156,10.0226,0.2177,10.0757,10.0757,10.0839,0.2172
4.8060,10.0000,10.0142,10.0142,10.0212,0.2178,10.0740,10.0740,10.0822,0.2173
4.8070,10.0000,10.0128,10.0128,10.0198,0.2179,10.0724,10.0724,10.0806,0.2173
4.8080,10.0000,10.0113,10.0113,10.0184,0.2179,10.0707,10.0707,10.0790,0.2174
4.8090,10.0000,10.0099,10.0099,10.0170,0.2180,10.0691,10.0691,10.0773,0.2175
4.8100,10.0000,10.0085,10.0085,10.0156,0.2181,10.0674,10.0674,10.0757,0.2175
4.8110,10.0000,10.0071,10.0071,10.0142,0.2181,10.0657,10.0657,10.0740,0.2176
4.8120,10.0000,10.0056,10.0056,10.0127,0.2182,10.0641,10.0641,10.0724,0.2176
4.8130,10.0000,10.0042,10.0042,10.0113,0.2183,10.0624,10.0624,10.0707,0.2177
4.8140,10.0000,10.0028,10.0028,10.0099,0.2184,10.0607,10.0607,10.0690,0.2178
4.8150,10.0000,10.0013,10.0013,10.0085,0.2184,10.0590,10.0590,10.0674,0.2178
4.8160,10.0000,9.9999,9.9999,10.0070,0.2185,10.0574,10.0574,10.0657,0.2179
4.8170,10.0000,9.9984,9.9984,10.0056,0.2186,10.0557,10.0557,10.0640,0.2180
4.8180,10.0000,9.9970,9.9970,10.0042,0.2186,10.0540,10.0540,10.0624,0.2180
4.8190,10.0000,9.9956,9.9956,10.0027,0.2187,10.0523,10.0523,10.0607,0.2181
4.8200,10.0000,9.9941,9.9941,10.0013,0.2188,10.0506,10.0506,10.0590,0.2182
4.8210,10.0000,9.9927,9.9927,9.9999,0.2189,10.0489,10.0489,10.0573,0.2182
4.8220,10.0000,9.9912,9.9912,9.9984,0.2189,10.0473,10.0473,10.0557,0.2183
4.8230,10.0000,9.9898,9.9898,9.9970,0.2190,10.0456,10.0456,10.0540,0.2184
4.8240,10.0000,9.9883,9.9883,9.9956,0.2191,10.0439,10.0439,10.0523,0.2184
4.8250,10.0000,9.9869,9.9869,9.9941,0.2191,10.0422,10.0422,10.0506,0.2185
4.8260,10.0000,9.9854,9.9854,9.9927,0.2192,10.0405,10.0405,10.0489,0.2186
4.8270,10.0000,9.9840,9.9840,9.9912,0.2193,10.0388,10.0388,10.0472,0.2186
4.8280,10.0000,9.9825,9.9825,9.9898,0.2194,10.0371,10.0371,10.0455,0.2187
4.8290,10.0000,9.9811,9.9811,9.9883,0.2194,10.0354,10.0354,10.0439,0.2188
4.8300,10.0000,9.9796,9.9796,9.9869,0.2195,10.0337,10.0337,10.0422,0.2188
4.8310,10.0000,9.9782,9.9782,9.9854,0.2196,10.0320,10.0320,10.0405,0.2189
4.8320,10.0000,9.9767,9.9767,9.9840,0.2197,10.0303,10.0303,10.0388,0.2190
4.8330,10.0000,9.9752,9.9752,9.9825,0.2197,10.0285,10.0285,10.0371,0.2190
4.8340,10.0000,9.9738,9.9738,9.9811,0.2198,10.0268,10.0268,10.0354,0.2191
4.8350,10.0000,9.9723,9.9723,9.9796,0.2199,10.0251,10.0251,10.0336,0.2192
4.8360,10.0000,9.9708,9.9708,9.9781,0.2200,10.0234,10.0234,10.0319,0.2192
4.8370,10.0000,9.9694,9.9694,9.9767,0.2200,10.0217,10.0217,10.0302,0.2193
4.8380,10.0000,9.9679,9.9679,9.9752,0.2201,10.0200,10.0200,10.0285,0.2194
4.8390,10.0000,9.9664,9.9664,9.9738,0.2202,10.0183,10.0183,10.0268,0.2194
4.8400,10.0000,9.9650,9.9650,9.9723,0.2202,10.0165,10.0165,10.0251,0.2195
4.8410,10.0000,9.9635,9.9635,9.9708,0.2203,10.0148,10.0148,10.0234,0.2196
4.8420,10.0000,9.9620,9.9620,9.9694,0.2204,10.0131,10.0131,10.0217,0.2196
4.8430,10.0000,9.9606,9.9606,9.9679,0.2205,10.0114,10.0114,10.0200,0.2197
4.8440,10.0000,9.9591,9.9591,9.9664,0.2205,10.0096,10.0096,10.0182,0.2198
4.8450,10.0000,9.9576,9.9576,9.9650,0.2206,10.0079,10.0079,10.0165,0.2198
4.8460,10.0000,9.9562,9.9562,9.9635,0.2207,10.0062,10.0062,10.0148,0.2199
4.8470,10.0000,9.9547,9.9547,9.9620,0.2208,10.0045,10.0045,10.0131,0.2200
4.8480,10.0000,9.9532,9.9532,9.9606,0.2208,10.0027,10.0027,10.0114,0.2200
4.8490,10.0000,9.9517,9.9517,9.9591,0.2209,10.0010,10.0010,10.0096,0.2201
4.8500,10.0000,9.9503,9.9503,9.9576,0.2210,9.9993,9.9993,10.0079,0.2202
4.8510,10.0000,9.9488,9.9488,9.9562,0.2211,9.9976,9.9976,10.0062,0.2202
4.8520,10.0000,9.9473,9.9473,9.9547,0.2211,9.9958,9.9958,10.0045,0.2203
4.8530,10.0000,9.9459,9.9459,9.9532,0.2212,9.9941,9.9941,10.0027,0.2204
4.8540,10.0000,9.9444,9.9444,9.9517,0.2213,9.9924,9.9924,10.0010,0.2205
4.8550,10.0000,9.9429,9.9429,9.9503,0.2214,9.9906,9.9906,9.9993,0.2205
4.8560,10.0000,9.9414,9.9414,9.9488,0.2214,9.9889,9.9889,9.9975,0.2206
4.8570,10.0000,9.9400,9.9400,9.9473,0.2215,9.9872,9.9872,9.9958,0.2207
4.8580,10.0000,9.9385,9.9385,9.9459,0.2216,9.9854,9.9854,9.9941,0.2207
4.8590,10.0000,9.9370,9.9370,9.9444,0.2217,9.9837,9.9837,9.9924,0.2208
4.8600,10.0000,9.9355,9.9355,9.9429,0.2218,9.9820,9.9820,9.9906,0.2209
4.8610,10.0000,9.9341,9.9341,9.9414,0.2218,9.9802,9.9802,9.9889,0.2209
4.8620,10.0000,9.9326,9.9326,9.9400,0.2219,9.9785,9.9785,9.9872,0.2210
4.8630,10.0000,9.9311,9.9311,9.9385,0.2220,9.9768,9.9768,9.9854,0.2211
4.8640,10.0000,9.9296,9.9296,9.9370,0.2221,9.9750,9.9750,9.9837,0.2212
4.8650,10.0000,9.9282,9.9282,9.9355,0.2221,9.9733,9.9733,9.9820,0.2212
4.8660,10.0000,9.9267,9.9267,9.9341,0.2222,9.9716,9.9716,9.9802,0.2213
4.8670,10.0000,9.9252,9.9252,9.9326,0.2223,9.9698,9.9698,9.9785,0.2214
4.8680,10.0000,9.9237,9.9237,9.9311,0.2224,9.9681,9.9681,9.9768,0.2214
4.8690,10.0000,9.9223,9.9223,9.9296,0.2224,9.9664,9.9664,9.9750,0.2215
4.8700,10.0000,9.9208,9.9208,9.9282,0.2225,9.9646,9.9646,9.9733,0.2216
4.8710,10.0000,9.9193,9.9193,9.9267,0.2226,9.9629,9.9629,9.9716,0.2216
4.8720,10.0000,9.9178,9.9178,9.9252,0.2227,9.9612,9.9612,9.9698,0.2217
4.8730,10.0000,9.9164,9.9164,9.9237,0.2227,9.9594,9.9594,9.9681,0.2218
4.8740,10.0000,9.9149,9.9149,9.9223,0.2228,9.9577,9.9577,9.9664,0.2219
4.8750,10.0000,9.9134,9.9134,9.9208,0.2229,9.9560,9.9560,9.9646,0.2219
4.8760,10.0000,9.9120,9.9120,9.9193,0.2230,9.9542,9.9542,9.9629,0.2220
4.8770,10.0000,9.9105,9.9105,9.9179,0.2230,9.9525,9.9525,9.9612,0.2221
4.8780,10.0000,9.9090,9.9090,9.9164,0.2231,9.9508,9.9508,9.9594,0.2221
4.8790,10.0000,9.9076,9.9076,9.9149,0.2232,9.9490,9.9490,9.9577,0.2222
4.8800,10.0000,9.9061,9.9061,9.9134,0.2233,9.9473,9.9473,9.9560,0.2223
4.8810,10.0000,9.9046,9.9046,9.9120,0.2234,9.9456,9.9456,9.9542,0.2224
4.8820,10.0000,9.9032,9.9032,9.9105,0.2234,9.9438,9.9438,9.9525,0.2224
4.8830,10.0000,9.9017,9.9017,9.9090,0.2235,9.9421,9.9421,9.9508,0.2225
4.8840,10.0000,9.9002,9.9002,9.9076,0.2236,9.9404,9.9404,9.9490,0.2226
4.8850,10.0000,9.8988,9.8988,9.9061,0.2237,9.9387,9.9387,9.9473,0.2226
4.8860,10.0000,9.8973,9.8973,9.9046,0.2237,9.9369,9.9369,9.9456,0.2227
4.8870,10.0000,9.8959,9.8959,9.9032,0.2238,9.9352,9.9352,9.9439,0.2228
4.8880,10.0000,9.8944,9.8944,9.9017,0.2239,9.9335,9.9335,9.9421,0.2229
4.8890,10.0000,9.8930,9.8930,9.9003,0.2240,9.9318,9.9318,9.9404,0.2229
4.8900,10.0000,9.8915,9.8915,9.8988,0.2240,9.9301,9.9301,9.9387,0.2230
4.8910,10.0000,9.8900,9.8900,9.8973,0.2241,9.9283,9.9283,9.9370,0.2231
4.8920,10.0000,9.8886,9.8886,9.8959,0.2242,9.9266,9.9266,9.9352,0.2232
4.8930,10.0000,9.8871,9.8871,9.8944,0.2243,9.9249,9.9249,9.9335,0.2232
4.8940,10.0000,9.8857,9.8857,9.8930,0.2244,9.9232,9.9232,9.9318,0.2233
4.8950,10.0000,9.8843,9.8843,9.8915,0.2244,9.9215,9.9215,9.9301,0.2234
4.8960,10.0000,9.8828,9.8828,9.8901,0.2245,9.9198,9.9198,9.9284,0.2234
4.8970,10.0000,9.8814,9.8814,9.8886,0.2246,9.9181,9.9181,9.9266,0.2235
4.8980,10.0000,9.8799,9.8799,9.8872,0.2247,9.9164,9.9164,9.9249,0.2236
4.8990,10.0000,9.8785,9.8785,9.8857,0.2247,9.9146,9.9146,9.9232,0.2237
4.9000,10.0000,9.8770,9.8770,9.8843,0.2248,9.9129,9.9129,9.9215,0.2237
4.9010,10.0000,9.8756,9.8756,9.8828,0.2249,9.9112,9.9112,9.9198,0.2238
4.9020,10.0000,9.8742,9.8742,9.8814,0.2250,9.9095,9.9095,9.9181,0.2239
4.9030,10.0000,9.8727,9.8727,9.8799,0.2250,9.9078,9.9078,9.9164,0.2239
4.9040,10.0000,9.8713,9.8713,9.8785,0.2251,9.9061,9.9061,9.9147,0.2240
4.9050,10.0000,9.8699,9.8699,9.8771,0.2252,9.9045,9.9045,9.9130,0.2241
4.9060,10.0000,9.8685,9.8685,9.8756,0.2253,9.9028,9.9028,9.9113,0.2242
4.9070,10.0000,9.8670,9.8670,9.8742,0.2254,9.9011,9.9011,9.9096,0.2242
4.9080,10.0000,9.8656,9.8656,9.8728,0.2254,9.8994,9.8994,9.9079,0.2243
4.9090,10.0000,9.8642,9.8642,9.8713,0.2255,9.8977,9.8977,9.9062,0.2244
4.9100,10.0000,9.8628,9.8628,9.8699,0.2256,9.8960,9.8960,9.9045,0.2244
4.9110,10.0000,9.8614,9.8614,9.8685,0.2257,9.8943,9.8943,9.9028,0.2245
4.9120,10.0000,9.8599,9.8599,9.8671,0.2257,9.8927,9.8927,9.9011,0.2246
4.9130,10.0000,9.8585,9.8585,9.8656,0.2258,9.8910,9.8910,9.8994,0.2247
4.9140,10.0000,9.8571,9.8571,9.8642,0.2259,9.8893,9.8893,9.8977,0.2247
4.9150,10.0000,9.8557,9.8557,9.8628,0.2260,9.8876,9.8876,9.8960,0.2248
4.9160,10.0000,9.8543,9.8543,9.8614,0.2260,9.8860,9.8860,9.8944,0.2249
4.9170,10.0000,9.8529,9.8529,9.8600,0.2261,9.8843,9.8843,9.8927,0.2249
4.9180,10.0000,9.8515,9.8515,9.8586,0.2262,9.8826,9.8826,9.8910,0.2250
4.9190,10.0000,9.8501,9.8501,9.8572,0.2263,9.8810,9.8810,9.8893,0.2251
4.9200,10.0000,9.8487,9.8487,9.8558,0.2263,9.8793,9.8793,9.8877,0.2252
4.9210,10.0000,9.8474,9.8474,9.8544,0.2264,9.8777,9.8777,9.8860,0.2252
4.9220,10.0000,9.8460,9.8460,9.8530,0.2265,9.8760,9.8760,9.8843,0.2253
4.9230,10.0000,9.8446,9.8446,9.8516,0.2266,9.8744,9.8744,9.8827,0.2254
4.9240,10.0000,9.8432,9.8432,9.8502,0.2266,9.8727,9.8727,9.8810,0.2255
4.9250,10.0000,9.8418,7.5352,9.8488,0.2267,9.8711,9.8711,9.8793,0.2255
4.9260,10.0000,9.8405,7.5348,9.3861,0.2499,9.8694,9.8694,9.8777,0.2256
4.9270,10.0000,9.8394,7.5350,9.0158,0.2684,9.8678,9.8678,9.8760,0.2257
4.9280,10.0000,9.8385,7.5358,8.7196,0.2832,9.8662,7.5532,9.8744,0.2257
4.9290,10.0000,9.8377,7.5372,8.4829,0.2951,9.8646,7.5525,9.4102,0.2444
4.9300,10.0000,9.8373,7.5392,8.2938,0.3047,9.8632,7.5524,9.0386,0.2594
4.9310,10.0000,9.8371,7.5417,8.1428,0.3123,9.8619,7.5528,8.7414,0.2714
4.9320,10.0000,9.8372,7.5447,8.0226,0.3183,9.8608,7.5537,8.5037,0.2811
4.9330,10.0000,9.8376,7.5482,7.9270,0.3232,9.8599,7.5551,8.3137,0.2888
4.9340,10.0000,9.8384,7.5522,7.8513,0.3271,9.8592,7.5571,8.1620,0.2950
4.9350,10.0000,9.8394,7.5568,7.7915,0.3301,9.8588,7.5594,8.0410,0.2999
4.9360,10.0000,9.8408,7.5618,7.7445,0.3326,9.8586,7.5623,7.9447,0.3039
4.9370,10.0000,9.8425,7.5673,7.7080,0.3345,9.8587,7.5656,7.8682,0.3071
4.9380,10.0000,9.8445,7.5734,7.6798,0.3360,9.8591,7.5694,7.8077,0.3096
4.9390,10.0000,9.8468,7.5799,7.6586,0.3371,9.8596,7.5736,7.7600,0.3116
4.9400,10.0000,9.8494,7.5869,7.6428,0.3380,9.8605,7.5782,7.7227,0.3132
4.9410,10.0000,9.8523,7.5944,7.6316,0.3387,9.8616,7.5834,7.6938,0.3144
4.9420,10.0000,9.8556,7.6024,7.6242,0.3391,9.8630,7.5889,7.6717,0.3154
4.9430,10.0000,9.8591,7.6109,7.6198,0.3394,9.8646,7.5950,7.6552,0.3162
4.9440,10.0000,9.8629,7.6199,7.6181,0.3396,9.8664,7.6014,7.6431,0.3168
4.9450,10.0000,9.8669,7.6294,7.6184,0.3397,9.8685,7.6084,7.6348,0.3172
4.9460,10.0000,9.8713,7.6394,7.6206,0.3397,9.8709,7.6157,7.6295,0.3175
4.9470,10.0000,9.8759,7.6498,7.6244,0.3396,9.8735,7.6235,7.6267,0.3177
4.9480,10.0000,9.8808,7.6608,7.6295,0.3394,9.8763,7.6318,7.6261,0.3178
4.9490,10.0000,9.8859,7.6722,7.6357,0.3392,9.8793,7.6405,7.6272,0.3179
4.9500,10.0000,9.8912,7.6841,7.6430,0.3389,9.8825,7.6496,7.6299,0.3178
4.9510,10.0000,9.8968,7.6965,7.6512,0.3386,9.8860,7.6592,7.6338,0.3178
4.9520,10.0000,9.9027,7.7094,7.6603,0.3382,9.8896,7.6693,7.6389,0.3177
4.9530,10.0000,9.9087,7.7228,7.6701,0.3378,9.8935,7.6797,7.6450,0.3175
4.9540,10.0000,9.9150,7.7366,7.6806,0.3374,9.8975,7.6906,7.6519,0.3173
4.9550,10.0000,9.9215,7.7509,7.6918,0.3369,9.9018,7.7020,7.6597,0.3171
4.9560,10.0000,9.9281,7.7657,7.7037,0.3364,9.9062,7.7138,7.6681,0.3169
4.9570,10.0000,9.9350,7.7810,7.7161,0.3359,9.9108,7.7260,7.6773,0.3166
4.9580,10.0000,9.9421,7.7968,7.7291,0.3353,9.9156,7.7387,7.6870,0.3163
4.9590,10.0000,9.9493,7.8130,7.7426,0.3347,9.9205,7.7518,7.6973,0.3160
4.9600,10.0000,9.9567,7.8297,7.7567,0.3341,9.9256,7.7653,7.7082,0.3156
4.9610,10.0000,9.9643,7.8468,7.7713,0.3335,9.9309,7.7792,7.7196,0.3152
4.9620,10.0000,9.9720,7.8644,7.7864,0.3328,9.9363,7.7936,7.7316,0.3148
4.9630,10.0000,9.9799,7.8825,7.8020,0.3321,9.9418,7.8084,7.7440,0.3144
4.9640,10.0000,9.9879,7.9010,7.8181,0.3314,9.9475,7.8236,7.7569,0.3140
4.9650,10.0000,9.9961,7.9200,7.8347,0.3306,9.9533,7.8393,7.7702,0.3136
4.9660,10.0000,10.0044,7.9394,7.8517,0.3299,9.9593,7.8553,7.7840,0.3131
4.9670,10.0000,10.0129,7.9592,7.8693,0.3291,9.9654,7.8718,7.7983,0.3126
4.9680,10.0000,10.0214,7.9795,7.8873,0.3283,9.9716,7.8887,7.8130,0.3121
4.9690,10.0000,10.0301,8.0003,7.9057,0.3274,9.9779,7.9060,7.8281,0.3116
4.9700,10.0000,10.0389,8.0214,7.9246,0.3265,9.9843,7.9236,7.8437,0.3110
4.9710,10.0000,10.0477,8.0430,7.9440,0.3257,9.9908,7.9417,7.8597,0.3105
4.9720,10.0000,10.0567,8.0650,7.9638,0.3247,9.9975,7.9602,7.8761,0.3099
4.9730,10.0000,10.0658,8.0874,7.9840,0.3238,10.0042,7.9791,7.8929,0.3093
4.9740,10.0000,10.0749,8.1101,8.0047,0.3229,10.0110,7.9983,7.9101,0.3087
4.9750,10.0000,10.0841,8.1333,8.0258,0.3219,10.0179,8.0179,7.9278,0.3080
4.9760,10.0000,10.0934,8.1569,8.0473,0.3209,10.0248,8.0379,7.9458,0.3074
4.9770,10.0000,10.1028,8.1809,8.0692,0.3199,10.0319,8.0583,7.9642,0.3067
4.9780,10.0000,10.1122,8.2052,8.0915,0.3188,10.0390,8.0790,7.9830,0.3061
4.9790,10.0000,10.1216,8.2299,8.1143,0.3178,10.0462,8.1001,8.0022,0.3054
4.9800,10.0000,10.1311,8.2550,8.1374,0.3167,10.0534,8.1216,8.0218,0.3047
4.9810,10.0000,10.1407,8.2804,8.1609,0.3156,10.0607,8.1433,8.0418,0.3039
4.9820,10.0000,10.1503,8.3062,8.1848,0.3144,10.0681,8.1655,8.0621,0.3032
4.9830,10.0000,10.1599,8.3322,8.2091,0.3133,10.0755,8.1879,8.0828,0.3024
4.9840,10.0000,10.1695,8.3587,8.2337,0.3121,10.0829,8.2107,8.1038,0.3017
4.9850,10.0000,10.1792,8.3854,8.2587,0.3110,10.0904,8.2338,8.1252,0.3009
4.9860,10.0000,10.1888,8.4124,8.2840,0.3098,10.0979,8.2572,8.1469,0.3001
4.9870,10.0000,10.1985,8.4398,8.3097,0.3085,10.1054,8.2809,8.1690,0.2993
4.9880,10.0000,10.2082,8.4674,8.3357,0.3073,10.1130,8.3049,8.1913,0.2984
4.9890,10.0000,10.2179,8.4952,8.3621,0.3060,10.1206,8.3292,8.2141,0.2976
4.9900,10.0000,10.2275,8.5234,8.3887,0.3048,10.1282,8.3538,8.2371,0.2967
4.9910,10.0000,10.2372,8.5518,8.4156,0.3035,10.1358,8.3786,8.2604,0.2958
4.9920,10.0000,10.2468,8.5804,8.4429,0.3022,10.1434,8.4037,8.2841,0.2950
4.9930,10.0000,10.2564,8.6093,8.4704,0.3009,10.1510,8.4291,8.3080,0.2941
4.9940,10.0000,10.2660,8.6384,8.4982,0.2995,10.1586,8.4547,8.3322,0.2932
4.9950,10.0000,10.2755,8.6677,8.5262,0.2982,10.1663,8.4805,8.3567,0.2922
4.9960,10.0000,10.2851,8.6972,8.5545,0.2968,10.1739,8.5066,8.3815,0.2913
4.9970,10.0000,10.2945,8.7269,8.5830,0.2955,10.1815,8.5329,8.4065,0.2904
4.9980,10.0000,10.3039,8.7567,8.6118,0.2941,10.1891,8.5593,8.4318,0.2894
4.9990,10.0000,10.3133,8.7867,8.6408,0.2927,10.1967,8.5860,8.4573,0.2884
5.0000,10.0000,10.3226,8.8168,8.6700,0.2913,10.2042,8.6129,8.4830,0.2875
5.0010,10.0000,10.3319,8.8471,8.6993,0.2899,10.2117,8.6399,8.5090,0.2865
5.0020,10.0000,10.3410,8.8775,8.7289,0.2884,10.2192,8.6671,8.5352,0.2855
5.0030,10.0000,10.3502,8.9080,8.7586,0.2870,10.2267,8.6945,8.5616,0.2845
5.0040,10.0000,10.3592,8.9386,8.7885,0.2856,10.2341,8.7220,8.5882,0.2834
5.0050,10.0000,10.3682,8.9692,8.8185,0.2841,10.2415,8.7496,8.6149,0.2824
5.0060,10.0000,10.3770,8.9999,8.8487,0.2826,10.2488,8.7774,8.6419,0.2814
5.0070,10.0000,10.3858,9.0307,8.8789,0.2812,10.2561,8.8053,8.6690,0.2804
5.0080,10.0000,10.3945,9.0615,8.9093,0.2797,10.2634,8.8333,8.6962,0.2793
5.0090,10.0000,10.4031,9.0923,8.9397,0.2782,10.2706,8.8613,8.7236,0.2783
5.0100,10.0000,10.4117,9.1232,8.9702,0.2767,10.2777,8.8894,8.7512,0.2772
5.0110,10.0000,10.4201,9.1540,9.0008,0.2752,10.2848,8.9176,8.7788,0.2761
5.0120,10.0000,10.4284,9.1848,9.0315,0.2737,10.2919,8.9459,8.8066,0.2751
5.0130,10.0000,10.4366,9.2156,9.0621,0.2722,10.2988,8.9742,8.8345,0.2740
5.0140,10.0000,10.4447,9.2463,9.0928,0.2707,10.3057,9.0025,8.8624,0.2729
5.0150,10.0000,10.4526,9.2769,9.1235,0.2692,10.3125,9.0309,8.8904,0.2718
5.0160,10.0000,10.4605,9.3075,9.1542,0.2677,10.3193,9.0592,8.9185,0.2707
5.0170,10.0000,10.4682,9.3379,9.1848,0.2662,10.3260,9.0876,8.9467,0.2696
5.0180,10.0000,10.4758,9.3683,9.2155,0.2647,10.3325,9.1159,8.9748,0.2685
5.0190,10.0000,10.4833,9.3985,9.2460,0.2632,10.3391,9.1442,9.0031,0.2675
5.0200,10.0000,10.4906,9.4286,9.2765,0.2617,10.3455,9.1725,9.0313,0.2664
5.0210,10.0000,10.4979,9.4586,9.3070,0.2603,10.3518,9.2007,9.0595,0.2653
5.0220,10.0000,10.5049,9.4884,9.3373,0.2588,10.3581,9.2288,9.0877,0.2642
5.0230,10.0000,10.5119,9.5180,9.3675,0.2573,10.3643,9.2569,9.1160,0.2631
5.0240,10.0000,10.5187,9.5474,9.3976,0.2558,10.3704,9.2849,9.1441,0.2620
5.0250,10.0000,10.5253,9.5766,9.4275,0.2543,10.3763,9.3127,9.1723,0.2609
5.0260,10.0000,10.5318,9.6056,9.4574,0.2529,10.3822,9.3405,9.2004,0.2598
5.0270,10.0000,10.5382,9.6343,9.4870,0.2514,10.3880,9.3681,9.2284,0.2587
5.0280,10.0000,10.5444,9.6628,9.5165,0.2499,10.3937,9.3956,9.2563,0.2576
5.0290,10.0000,10.5505,9.6911,9.5457,0.2485,10.3993,9.4230,9.2842,0.2565
5.0300,10.0000,10.5564,9.7191,9.5748,0.2471,10.4048,9.4502,9.3120,0.2554
5.0310,10.0000,10.5621,9.7467,9.6037,0.2456,10.4101,9.4772,9.3396,0.2543
5.0320,10.0000,10.5677,9.7742,9.6323,0.2442,10.4154,9.5041,9.3671,0.2532
5.0330,10.0000,10.5732,9.8012,9.6607,0.2428,10.4206,9.5307,9.3945,0.2521
5.0340,10.0000,10.5784,9.8280,9.6888,0.2414,10.4256,9.5572,9.4218,0.2511
5.0350,10.0000,10.5835,9.8544,9.7166,0.2400,10.4305,9.5834,9.4488,0.2500
5.0360,10.0000,10.5885,9.8805,9.7442,0.2387,10.4353,9.6094,9.4757,0.2489
5.0370,10.0000,10.5932,9.9063,9.7715,0.2373,10.4400,9.6352,9.5025,0.2479
5.0380,10.0000,10.5979,9.9316,9.7984,0.2360,10.4446,9.6607,9.5290,0.2468
5.0390,10.0000,10.6023,9.9566,9.8251,0.2347,10.4491,9.6860,9.5553,0.2458
5.0400,10.0000,10.6066,9.9812,9.8514,0.2333,10.4534,9.7110,9.5815,0.2447
5.0410,10.0000,10.6107,10.0054,9.8773,0.2321,10.4577,9.7357,9.6074,0.2437
5.0420,10.0000,10.6146,10.0292,9.9030,0.2308,10.4618,9.7601,9.6330,0.2427
5.0430,10.0000,10.6184,10.0526,9.9282,0.2295,10.4657,9.7842,9.6584,0.2417
5.0440,10.0000,10.6219,10.0756,9.9531,0.2283,10.4696,9.8081,9.6836,0.2407
5.0450,10.0000,10.6254,10.0981,9.9776,0.2271,10.4733,9.8316,9.7085,0.2397
5.0460,10.0000,10.6286,10.1202,10.0017,0.2258,10.4769,9.8548,9.7331,0.2387
5.0470,10.0000,10.6317,10.1419,10.0254,0.2247,10.4804,9.8777,9.7575,0.2377
5.0480,10.0000,10.6346,10.1630,10.0487,0.2235,10.4838,9.9002,9.7815,0.2368
5.0490,10.0000,10.6373,10.1838,10.0716,0.2223,10.4870,9.9224,9.8052,0.2358
5.0500,10.0000,10.6398,10.2040,10.0940,0.2212,10.4901,9.9442,9.8287,0.2349
5.0510,10.0000,10.6422,10.2238,10.1160,0.2201,10.4931,9.9656,9.8518,0.2340
5.0520,10.0000,10.6444,10.2431,10.1376,0.2190,10.4959,9.9867,9.8745,0.2331
5.0530,10.0000,10.6464,10.2619,10.1587,0.2180,10.4986,10.0074,9.8970,0.2322
5.0540,10.0000,10.6482,10.2802,10.1793,0.2169,10.5012,10.0277,9.9191,0.2313
5.0550,10.0000,10.6499,10.2980,10.1995,0.2159,10.5036,10.0476,9.9408,0.2304
5.0560,10.0000,10.6514,10.3153,10.2192,0.2149,10.5060,10.0672,9.9622,0.2296
5.0570,10.0000,10.6527,10.3321,10.2384,0.2140,10.5081,10.0863,9.9832,0.2287
5.0580,10.0000,10.6539,10.3484,10.2572,0.2130,10.5102,10.1050,10.0038,0.2279
5.0590,10.0000,10.6549,10.3642,10.2754,0.2121,10.5121,10.1233,10.0240,0.2271
5.0600,10.0000,10.6557,10.3794,10.2931,0.2112,10.5139,10.1411,10.0439,0.2263
5.0610,10.0000,10.6563,10.3941,10.3104,0.2103,10.5156,10.1586,10.0633,0.2255
5.0620,10.0000,10.6568,10.4083,10.3271,0.2095,10.5171,10.1756,10.0824,0.2247
5.0630,10.0000,10.6571,10.4220,10.3434,0.2086,10.5186,10.1922,10.1010,0.2240
5.0640,10.0000,10.6572,10.4351,10.3591,0.2078,10.5198,10.2083,10.1192,0.2232
5.0650,10.0000,10.6572,10.4478,10.3743,0.2071,10.5210,10.2240,10.1371,0.2225
5.0660,10.0000,10.6570,10.4598,10.3890,0.2063,10.5220,10.2392,10.1544,0.2218
5.0670,10.0000,10.6566,10.4714,10.4032,0.2056,10.5229,10.2540,10.1714,0.2211
5.0680,10.0000,10.6561,10.4824,10.4168,0.2049,10.5237,10.2683,10.1879,0.2204
5.0690,10.0000,10.6554,10.4929,10.4299,0.2042,10.5243,10.2822,10.2040,0.2198
5.0700,10.0000,10.6546,10.5028,10.4425,0.2036,10.5248,10.2956,10.2196,0.2191
5.0710,10.0000,10.6536,10.5123,10.4546,0.2030,10.5252,10.3085,10.2348,0.2185
5.0720,10.0000,10.6524,10.5211,10.4661,0.2024,10.5255,10.3210,10.2496,0.2179
5.0730,10.0000,10.6511,10.5295,10.4771,0.2018,10.5257,10.3330,10.2639,0.2173
5.0740,10.0000,10.6497,10.5373,10.4876,0.2013,10.5257,10.3446,10.2777,0.2168
5.0750,10.0000,10.6480,10.5446,10.4975,0.2007,10.5256,10.3557,10.2911,0.2162
5.0760,10.0000,10.6463,10.5514,10.5070,0.2003,10.5254,10.3663,10.3040,0.2157
5.0770,10.0000,10.6444,10.5576,10.5158,0.1998,10.5250,10.3764,10.3164,0.2152
5.0780,10.0000,10.6423,10.5633,10.5242,0.1994,10.5246,10.3861,10.3284,0.2147
5.0790,10.0000,10.6401,10.5686,10.5320,0.1989,10.5240,10.3952,10.3400,0.2142
5.0800,10.0000,10.6378,10.5732,10.5393,0.1986,10.5233,10.4040,10.3510,0.2137
5.0810,10.0000,10.6353,10.5774,10.5461,0.1982,10.5225,10.4122,10.3616,0.2133
5.0820,10.0000,10.6327,10.5811,10.5524,0.1979,10.5216,10.4200,10.3717,0.2129
5.0830,10.0000,10.6299,10.5842,10.5581,0.1976,10.5205,10.4273,10.3814,0.2125
5.0840,10.0000,10.6270,10.5869,10.5633,0.1973,10.5194,10.4341,10.3905,0.2121
5.0850,10.0000,10.6240,10.5891,10.5681,0.1970,10.5181,10.4404,10.3993,0.2117
5.0860,10.0000,10.6209,10.5907,10.5723,0.1968,10.5168,10.4463,10.4075,0.2114
5.0870,10.0000,10.6176,10.5919,10.5760,0.1966,10.5153,10.4518,10.4153,0.2110
5.0880,10.0000,10.6142,10.5926,10.5791,0.1964,10.5137,10.4567,10.4226,0.2107
5.0890,10.0000,10.6107,10.5928,10.5818,0.1962,10.5121,10.4612,10.4294,0.2104
5.0900,10.0000,10.6071,10.5926,10.5840,0.1961,10.5103,10.4653,10.4358,0.2102
5.0910,10.0000,10.6034,10.5918,10.5857,0.1960,10.5084,10.4688,10.4417,0.2099
5.0920,10.0000,10.5995,10.5906,10.5870,0.1959,10.5064,10.4719,10.4471,0.2097
5.0930,10.0000,10.5956,10.5890,10.5877,0.1959,10.5044,10.4746,10.4521,0.2095
5.0940,10.0000,10.5915,10.5869,10.5879,0.1958,10.5022,10.4768,10.4566,0.2093
5.0950,10.0000,10.5874,10.5843,10.5877,0.1958,10.4999,10.4786,10.4606,0.2091
5.0960,10.0000,10.5831,10.5813,10.5870,0.1958,10.4976,10.4799,10.4642,0.2089
5.0970,10.0000,10.5787,10.5779,10.5859,0.1959,10.4951,10.4808,10.4674,0.2088
5.0980,10.0000,10.5743,10.5740,10.5843,0.1959,10.4926,10.4812,10.4700,0.2086
5.0990,10.0000,10.5697,10.5697,10.5822,0.1960,10.4900,10.4812,10.4723,0.2085
5.1000,10.0000,10.5651,10.5651,10.5797,0.1961,10.4873,10.4808,10.4741,0.2084
5.1010,10.0000,10.5603,10.5603,10.5768,0.1962,10.4845,10.4800,10.4754,0.2084
5.1020,10.0000,10.5555,10.5555,10.5735,0.1964,10.4817,10.4787,10.4763,0.2083
5.1030,10.0000,10.5506,10.5506,10.5699,0.1965,10.4787,10.4770,10.4768,0.2083
5.1040,10.0000,10.5457,10.5457,10.5660,0.1967,10.4757,10.4749,10.4769,0.2083
5.1050,10.0000,10.5406,10.5406,10.5620,0.1969,10.4726,10.4724,10.4765,0.2082
5.1060,10.0000,10.5355,10.5355,10.5577,0.1971,10.4695,10.4695,10.4756,0.2083
5.1070,10.0000,10.5303,10.5303,10.5533,0.1973,10.4662,10.4662,10.4744,0.2083
5.1080,10.0000,10.5250,10.5250,10.5487,0.1975,10.4630,10.4630,10.4728,0.2083
5.1090,10.0000,10.5197,10.5197,10.5439,0.1977,10.4596,10.4596,10.4708,0.2084
5.1100,10.0000,10.5143,10.5143,10.5391,0.1979,10.4562,10.4562,10.4686,0.2085
5.1110,10.0000,10.5089,10.5089,10.5341,0.1981,10.4527,10.4527,10.4661,0.2086
5.1120,10.0000,10.5034,10.5034,10.5291,0.1984,10.4491,10.4491,10.4634,0.2086
5.1130,10.0000,10.4979,10.4979,10.5240,0.1986,10.4455,10.4455,10.4606,0.2087
5.1140,10.0000,10.4923,10.4923,10.5187,0.1988,10.4419,10.4419,10.4576,0.2088
5.1150,10.0000,10.4866,10.4866,10.5134,0.1991,10.4382,10.4382,10.4544,0.2090
5.1160,10.0000,10.4809,10.4809,10.5081,0.1993,10.4344,10.4344,10.4512,0.2091
5.1170,10.0000,10.4752,10.4752,10.5027,0.1996,10.4306,10.4306,10.4478,0.2092
5.1180,10.0000,10.4694,10.4694,10.4972,0.1998,10.4268,10.4268,10.4444,0.2093
5.1190,10.0000,10.4636,10.4636,10.4916,0.2001,10.4229,10.4229,10.4409,0.2094
5.1200,10.0000,10.4578,10.4578,10.4860,0.2004,10.4189,10.4189,10.4373,0.2096
5.1210,10.0000,10.4519,10.4519,10.4804,0.2006,10.4150,10.4150,10.4336,0.2097
5.1220,10.0000,10.4460,10.4460,10.4747,0.2009,10.4109,10.4109,10.4299,0.2098
5.1230,10.0000,10.4400,10.4400,10.4689,0.2012,10.4069,10.4069,10.4261,0.2100
5.1240,10.0000,10.4341,10.4341,10.4632,0.2014,10.4028,10.4028,10.4222,0.2101
5.1250,10.0000,10.4281,10.4281,10.4573,0.2017,10.3987,10.3987,10.4184,0.2102
5.1260,10.0000,10.4221,10.4221,10.4515,0.2020,10.3945,10.3945,10.4144,0.2104
5.1270,10.0000,10.4160,10.4160,10.4456,0.2023,10.3903,10.3903,10.4104,0.2105
5.1280,10.0000,10.4100,10.4100,10.4397,0.2025,10.3861,10.3861,10.4064,0.2107
5.1290,10.0000,10.4039,10.4039,10.4337,0.2028,10.3819,10.3819,10.4024,0.2108
5.1300,10.0000,10.3978,10.3978,10.4278,0.2031,10.3776,10.3776,10.3983,0.2110
5.1310,10.0000,10.3917,10.3917,10.4218,0.2034,10.3733,10.3733,10.3941,0.2111
5.1320,10.0000,10.3856,10.3856,10.4158,0.2037,10.3690,10.3690,10.3900,0.2113
5.1330,10.0000,10.3795,10.3795,10.4098,0.2040,10.3647,10.3647,10.3858,0.2114
5.1340,10.0000,10.3734,10.3734,10.4037,0.2042,10.3603,10.3603,10.3815,0.2116
5.1350,10.0000,10.3673,10.3673,10.3977,0.2045,10.3560,10.3560,10.3773,0.2117
5.1360,10.0000,10.3612,10.3612,10.3916,0.2048,10.3516,10.3516,10.3730,0.2119
5.1370,10.0000,10.3550,10.3550,10.3855,0.2051,10.3472,10.3472,10.3687,0.2120
5.1380,10.0000,10.3489,10.3489,10.3794,0.2054,10.3428,10.3428,10.3644,0.2122
5.1390,10.0000,10.3428,10.3428,10.3733,0.2057,10.3384,10.3384,10.3601,0.2124
5.1400,10.0000,10.3367,10.3367,10.3672,0.2060,10.3339,10.3339,10.3557,0.2125
5.1410,10.0000,10.3306,10.3306,10.3611,0.2063,10.3295,10.3295,10.3514,0.2127
5.1420,10.0000,10.3245,10.3245,10.3550,0.2066,10.3250,10.3250,10.3470,0.2128
5.1430,10.0000,10.3184,10.3184,10.3489,0.2069,10.3206,10.3206,10.3426,0.2130
5.1440,10.0000,10.3123,10.3123,10.3428,0.2071,10.3161,10.3161,10.3382,0.2132
5.1450,10.0000,10.3062,10.3062,10.3367,0.2074,10.3117,10.3117,10.3338,0.2133
5.1460,10.0000,10.3002,10.3002,10.3306,0.2077,10.3072,10.3072,10.3294,0.2135
5.1470,10.0000,10.2941,10.2941,10.3245,0.2080,10.3028,10.3028,10.3249,0.2137
5.1480,10.0000,10.2881,10.2881,10.3184,0.2083,10.2983,10.2983,10.3205,0.2138
5.1490,10.0000,10.2821,10.2821,10.3124,0.2086,10.2938,10.2938,10.3161,0.2140
5.1500,10.0000,10.2761,10.2761,10.3063,0.2089,10.2894,10.2894,10.3116,0.2142
5.1510,10.0000,10.2701,10.2701,10.3003,0.2092,10.2849,10.2849,10.3072,0.2143
5.1520,10.0000,10.2642,10.2642,10.2942,0.2095,10.2805,10.2805,10.3027,0.2145
5.1530,10.0000,10.2583,10.2583,10.2882,0.2098,10.2761,10.2761,10.2983,0.2147
5.1540,10.0000,10.2524,10.2524,10.2822,0.2101,10.2716,10.2716,10.2938,0.2148
5.1550,10.0000,10.2465,10.2465,10.2763,0.2103,10.2672,10.2672,10.2894,0.2150
5.1560,10.0000,10.2407,10.2407,10.2703,0.2106,10.2628,10.2628,10.2850,0.2152
5.1570,10.0000,10.2348,10.2348,10.2644,0.2109,10.2584,10.2584,10.2805,0.2153
5.1580,10.0000,10.2291,10.2291,10.2585,0.2112,10.2540,10.2540,10.2761,0.2155
5.1590,10.0000,10.2233,10.2233,10.2526,0.2115,10.2496,10.2496,10.2717,0.2157
5.1600,10.0000,10.2176,10.2176,10.2467,0.2118,10.2453,10.2453,10.2673,0.2158
5.1610,10.0000,10.2119,10.2119,10.2409,0.2120,10.2409,10.2409,10.2629,0.2160
5.1620,10.0000,10.2062,10.2062,10.2351,0.2123,10.2366,10.2366,10.2585,0.2162
5.1630,10.0000,10.2006,10.2006,10.2293,0.2126,10.2323,10.2323,10.2541,0.2163
5.1640,10.0000,10.1950,10.1950,10.2236,0.2129,10.2280,10.2280,10.2497,0.2165
5.1650,10.0000,10.1894,10.1894,10.2179,0.2132,10.2237,10.2237,10.2454,0.2167
5.1660,10.0000,10.1839,10.1839,10.2122,0.2134,10.2194,10.2194,10.2410,0.2168
5.1670,10.0000,10.1785,10.1785,10.2065,0.2137,10.2152,10.2152,10.2367,0.2170
5.1680,10.0000,10.1730,10.1730,10.2009,0.2140,10.2110,10.2110,10.2324,0.2172
5.1690,10.0000,10.1676,10.1676,10.1953,0.2143,10.2068,10.2068,10.2281,0.2173
5.1700,10.0000,10.1623,10.1623,10.1898,0.2145,10.2026,10.2026,10.2238,0.2175
5.1710,10.0000,10.1569,10.1569,10.1843,0.2148,10.1984,10.1984,10.2196,0.2177
5.1720,10.0000,10.1517,10.1517,10.1788,0.2151,10.1943,10.1943,10.2154,0.2178
5.1730,10.0000,10.1464,10.1464,10.1734,0.2153,10.1902,10.1902,10.2111,0.2180
5.1740,10.0000,10.1412,10.1412,10.1680,0.2156,10.1861,10.1861,10.2069,0.2181
5.1750,10.0000,10.1361,10.1361,10.1626,0.2159,10.1820,10.1820,10.2028,0.2183
5.1760,10.0000,10.1310,10.1310,10.1573,0.2161,10.1780,10.1780,10.1986,0.2185
5.1770,10.0000,10.1260,10.1260,10.1521,0.2164,10.1740,10.1740,10.1945,0.2186
5.1780,10.0000,10.1209,10.1209,10.1468,0.2166,10.1700,10.1700,10.1904,0.2188
5.1790,10.0000,10.1160,10.1160,10.1417,0.2169,10.1661,10.1661,10.1863,0.2189
5.1800,10.0000,10.1111,10.1111,10.1365,0.2171,10.1621,10.1621,10.1823,0.2191
5.1810,10.0000,10.1062,10.1062,10.1314,0.2174,10.1583,10.1583,10.1782,0.2192
5.1820,10.0000,10.1014,10.1014,10.1264,0.2176,10.1544,10.1544,10.1742,0.2194
5.1830,10.0000,10.0966,10.0966,10.1214,0.2179,10.1506,10.1506,10.1703,0.2196
5.1840,10.0000,10.0919,10.0919,10.1164,0.2181,10.1468,10.1468,10.1663,0.2197
5.1850,10.0000,10.0873,10.0873,10.1115,0.2184,10.1430,10.1430,10.1624,0.2199
5.1860,10.0000,10.0826,10.0826,10.1067,0.2186,10.1393,10.1393,10.1585,0.2200
5.1870,10.0000,10.0781,10.0781,10.1019,0.2188,10.1355,10.1355,10.1547,0.2202
5.1880,10.0000,10.0736,10.0736,10.0971,0.2191,10.1319,10.1319,10.1508,0.2203
5.1890,10.0000,10.0691,10.0691,10.0924,0.2193,10.1282,10.1282,10.1471,0.2204
5.1900,10.0000,10.0647,10.0647,10.0877,0.2195,10.1246,10.1246,10.1433,0.2206
5.1910,10.0000,10.0604,10.0604,10.0831,0.2198,10.1211,10.1211,10.1396,0.2207
5.1920,10.0000,10.0561,10.0561,10.0786,0.2200,10.1175,10.1175,10.1359,0.2209
5.1930,10.0000,10.0518,10.0518,10.0741,0.2202,10.1140,10.1140,10.1322,0.2210
5.1940,10.0000,10.0476,10.0476,10.0696,0.2204,10.1106,10.1106,10.1286,0.2212
5.1950,10.0000,10.0435,10.0435,10.0652,0.2206,10.1071,10.1071,10.1250,0.2213
5.1960,10.0000,10.0394,10.0394,10.0609,0.2209,10.1037,10.1037,10.1214,0.2214
5.1970,10.0000,10.0354,10.0354,10.0566,0.2211,10.1004,10.1004,10.1179,0.2216
5.1980,10.0000,10.0314,10.0314,10.0523,0.2213,10.0971,10.0971,10.1144,0.2217
5.1990,10.0000,10.0275,10.0275,10.0482,0.2215,10.0938,10.0938,10.1109,0.2219
5.2000,10.0000,10.0236,10.0236,10.0440,0.2217,10.0905,10.0905,10.1075,0.2220
5.2010,10.0000,10.0198,10.0198,10.0399,0.2219,10.0873,10.0873,10.1041,0.2221
5.2020,10.0000,10.0161,10.0161,10.0359,0.2221,10.0842,10.0842,10.1007,0.2222
5.2030,10.0000,10.0124,10.0124,10.0319,0.2223,10.0810,10.0810,10.0974,0.2224
5.2040,10.0000,10.0087,10.0087,10.0280,0.2225,10.0779,10.0779,10.0941,0.2225
5.2050,10.0000,10.0052,10.0052,10.0242,0.2227,10.0749,10.0749,10.0909,0.2226
5.2060,10.0000,10.0016,10.0016,10.0204,0.2229,10.0719,10.0719,10.0877,0.2228
5.2070,10.0000,9.9982,9.9982,10.0166,0.2230,10.0689,10.0689,10.0845,0.2229
5.2080,10.0000,9.9948,9.9948,10.0129,0.2232,10.0660,10.0660,10.0814,0.2230
5.2090,10.0000,9.9914,9.9914,10.0093,0.2234,10.0631,10.0631,10.0783,0.2231
5.2100,10.0000,9.9881,9.9881,10.0057,0.2236,10.0602,10.0602,10.0753,0.2232
5.2110,10.0000,9.9849,9.9849,10.0022,0.2238,10.0574,10.0574,10.0723,0.2234
5.2120,10.0000,9.9817,9.9817,9.9987,0.2239,10.0546,10.0546,10.0693,0.2235
5.2130,10.0000,9.9786,9.9786,9.9953,0.2241,10.0519,10.0519,10.0663,0.2236
5.2140,10.0000,9.9755,9.9755,9.9920,0.2243,10.0492,10.0492,10.0635,0.2237
5.2150,10.0000,9.9725,9.9725,9.9887,0.2244,10.0465,10.0465,10.0606,0.2238
5.2160,10.0000,9.9695,9.9695,9.9854,0.2246,10.0439,10.0439,10.0578,0.2239
5.2170,10.0000,9.9666,9.9666,9.9822,0.2248,10.0414,10.0414,10.0550,0.2240
5.2180,10.0000,9.9638,9.9638,9.9791,0.2249,10.0388,10.0388,10.0523,0.2242
5.2190,10.0000,9.9610,9.9610,9.9761,0.2251,10.0363,10.0363,10.0496,0.2243
5.2200,10.0000,9.9583,9.9583,9.9730,0.2252,10.0339,10.0339,10.0469,0.2244
5.2210,10.0000,9.9556,9.9556,9.9701,0.2254,10.0315,10.0315,10.0443,0.2245
5.2220,10.0000,9.9530,9.9530,9.9672,0.2255,10.0291,10.0291,10.0418,0.2246
5.2230,10.0000,9.9504,9.9504,9.9643,0.2257,10.0268,10.0268,10.0392,0.2247
5.2240,10.0000,9.9479,9.9479,9.9616,0.2258,10.0245,10.0245,10.0367,0.2248
5.2250,10.0000,9.9455,9.9455,9.9588,0.2259,10.0223,10.0223,10.0343,0.2249
5.2260,10.0000,9.9431,9.9431,9.9562,0.2261,10.0201,10.0201,10.0319,0.2250
5.2270,10.0000,9.9408,9.9408,9.9536,0.2262,10.0179,10.0179,10.0295,0.2251
5.2280,10.0000,9.9385,9.9385,9.9510,0.2263,10.0158,10.0158,10.0272,0.2251
5.2290,10.0000,9.9363,9.9363,9.9485,0.2265,10.0137,10.0137,10.0249,0.2252
5.2300,10.0000,9.9341,9.9341,9.9461,0.2266,10.0117,10.0117,10.0227,0.2253
5.2310,10.0000,9.9320,9.9320,9.9437,0.2267,10.0097,10.0097,10.0205,0.2254
5.2320,10.0000,9.9300,9.9300,9.9413,0.2268,10.0077,10.0077,10.0183,0.2255
5.2330,10.0000,9.9280,9.9280,9.9391,0.2269,10.0058,10.0058,10.0162,0.2256
5.2340,10.0000,9.9260,9.9260,9.9369,0.2271,10.0040,10.0040,10.0141,0.2257
5.2350,10.0000,9.9242,9.9242,9.9347,0.2272,10.0021,10.0021,10.0121,0.2257
5.2360,10.0000,9.9223,9.9223,9.9326,0.2273,10.0004,10.0004,10.0101,0.2258
5.2370,10.0000,9.9206,9.9206,9.9305,0.2274,9.9986,9.9986,10.0082,0.2259
5.2380,10.0000,9.9188,9.9188,9.9285,0.2275,9.9969,9.9969,10.0062,0.2260
5.2390,10.0000,9.9172,9.9172,9.9266,0.2276,9.9953,9.9953,10.0044,0.2261
5.2400,10.0000,9.9156,9.9156,9.9247,0.2277,9.9936,9.9936,10.0026,0.2261
5.2410,10.0000,9.9140,9.9140,9.9229,0.2278,9.9921,9.9921,10.0008,0.2262
5.2420,10.0000,9.9125,9.9125,9.9211,0.2279,9.9905,9.9905,9.9990,0.2263
5.2430,10.0000,9.9110,9.9110,9.9194,0.2280,9.9890,9.9890,9.9973,0.2263
5.2440,10.0000,9.9096,9.9096,9.9177,0.2280,9.9876,9.9876,9.9957,0.2264
5.2450,10.0000,9.9083,9.9083,9.9161,0.2281,9.9862,9.9862,9.9941,0.2265
5.2460,10.0000,9.9070,9.9070,9.9145,0.2282,9.9848,9.9848,9.9925,0.2265
5.2470,10.0000,9.9058,9.9058,9.9130,0.2283,9.9835,9.9835,9.9909,0.2266
5.2480,10.0000,9.9046,9.9046,9.9116,0.2284,9.9822,9.9822,9.9894,0.2267
5.2490,10.0000,9.9034,9.9034,9.9102,0.2284,9.9809,9.9809,9.9880,0.2267
5.2500,10.0000,9.9023,9.9023,9.9088,0.2285,9.9797,9.9797,9.9866,0.2268
5.2510,10.0000,9.9013,9.9013,9.9075,0.2286,9.9786,9.9786,9.9852,0.2268
5.2520,10.0000,9.9003,9.9003,9.9063,0.2286,9.9774,9.9774,9.9839,0.2269
5.2530,10.0000,9.8994,9.8994,9.9051,0.2287,9.9763,9.9763,9.9826,0.2269
5.2540,10.0000,9.8985,9.8985,9.9039,0.2288,9.9753,9.9753,9.9813,0.2270
5.2550,10.0000,9.8977,9.8977,9.9029,0.2288,9.9743,9.9743,9.9801,0.2270
5.2560,10.0000,9.8969,9.8969,9.9018,0.2289,9.9733,9.9733,9.9790,0.2271
5.2570,10.0000,9.8961,9.8961,9.9008,0.2289,9.9724,9.9724,9.9778,0.2271
5.2580,10.0000,9.8954,9.8954,9.8999,0.2290,9.9715,9.9715,9.9767,0.2272
5.2590,10.0000,9.8948,9.8948,9.8990,0.2290,9.9706,9.9706,9.9757,0.2272
5.2600,10.0000,9.8942,9.8942,9.8982,0.2291,9.9698,9.9698,9.9747,0.2273
5.2610,10.0000,9.8936,9.8936,9.8974,0.2291,9.9690,9.9690,9.9737,0.2273
5.2620,10.0000,9.8931,9.8931,9.8966,0.2292,9.9683,9.9683,9.9728,0.2273
5.2630,10.0000,9.8927,9.8927,9.8959,0.2292,9.9676,9.9676,9.9719,0.2274
5.2640,10.0000,9.8923,9.8923,9.8953,0.2292,9.9669,9.9669,9.9710,0.2274
5.2650,10.0000,9.8919,9.8919,9.8947,0.2293,9.9663,9.9663,9.9702,0.2275
5.2660,10.0000,9.8916,9.8916,9.8941,0.2293,9.9657,9.9657,9.9694,0.2275
5.2670,10.0000,9.8913,9.8913,9.8936,0.2293,9.9652,9.9652,9.9687,0.2275
5.2680,10.0000,9.8911,9.8911,9.8932,0.2294,9.9647,9.9647,9.9680,0.2275
5.2690,10.0000,9.8909,9.8909,9.8927,0.2294,9.9642,9.9642,9.9673,0.2276
5.2700,10.0000,9.8908,9.8908,9.8924,0.2294,9.9637,9.9637,9.9667,0.2276
5.2710,10.0000,9.8907,9.8907,9.8921,0.2294,9.9633,9.9633,9.9661,0.2276
5.2720,10.0000,9.8906,9.8906,9.8918,0.2294,9.9630,9.9630,9.9655,0.2276
5.2730,10.0000,9.8906,9.8906,9.8915,0.2295,9.9626,9.9626,9.9650,0.2277
5.2740,10.0000,9.8906,9.8906,9.8914,0.2295,9.9624,9.9624,9.9646,0.2277
5.2750,10.0000,9.8907,9.8907,9.8912,0.2295,9.9621,9.9621,9.9641,0.2277
5.2760,10.0000,9.8908,9.8908,9.8911,0.2295,9.9619,9.9619,9.9637,0.2277
5.2770,10.0000,9.8910,9.8910,9.8911,0.2295,9.9617,9.9617,9.9633,0.2277
5.2780,10.0000,9.8912,9.8912,9.8910,0.2295,9.9615,9.9615,9.9630,0.2278
5.2790,10.0000,9.8914,9.8914,9.8911,0.2295,9.9614,9.9614,9.9627,0.2278
5.2800,10.0000,9.8917,9.8917,9.8911,0.2295,9.9613,9.9613,9.9625,0.2278
5.2810,10.0000,9.8920,9.8920,9.8912,0.2295,9.9613,9.9613,9.9622,0.2278
5.2820,10.0000,9.8923,9.8923,9.8914,0.2295,9.9613,9.9613,9.9620,0.2278
5.2830,10.0000,9.8927,9.8927,9.8916,0.2295,9.9613,9.9613,9.9619,0.2278
5.2840,10.0000,9.8932,9.8932,9.8918,0.2295,9.9613,9.9613,9.9618,0.2278
5.2850,10.0000,9.8936,9.8936,9.8921,0.2295,9.9614,9.9614,9.9617,0.2278
5.2860,10.0000,9.8941,9.8941,9.8924,0.2295,9.9615,9.9615,9.9616,0.2278
5.2870,10.0000,9.8947,9.8947,9.8927,0.2295,9.9617,9.9617,9.9616,0.2278
5.2880,10.0000,9.8953,9.8953,9.8931,0.2294,9.9618,9.9618,9.9616,0.2278
5.2890,10.0000,9.8959,9.8959,9.8936,0.2294,9.9621,9.9621,9.9617,0.2278
5.2900,10.0000,9.8965,9.8965,9.8940,0.2294,9.9623,9.9623,9.9617,0.2278
5.2910,10.0000,9.8972,9.8972,9.8945,0.2294,9.9626,9.9626,9.9618,0.2278
5.2920,10.0000,9.8979,9.8979,9.8950,0.2294,9.9629,9.9629,9.9620,0.2278
5.2930,10.0000,9.8987,9.8987,9.8956,0.2293,9.9632,9.9632,9.9622,0.2278
5.2940,10.0000,9.8994,9.8994,9.8962,0.2293,9.9636,9.9636,9.9624,0.2278
5.2950,10.0000,9.9003,9.9003,9.8969,0.2293,9.9640,9.9640,9.9626,0.2278
5.2960,10.0000,9.9011,9.9011,9.8975,0.2293,9.9644,9.9644,9.9629,0.2278
5.2970,10.0000,9.9020,9.9020,9.8983,0.2292,9.9649,9.9649,9.9632,0.2278
5.2980,10.0000,9.9029,9.9029,9.8990,0.2292,9.9653,9.9653,9.9635,0.2278
5.2990,10.0000,9.9038,9.9038,9.8998,0.2292,9.9659,9.9659,9.9639,0.2278
5.3000,10.0000,9.9048,9.9048,9.9006,0.2291,9.9664,9.9664,9.9643,0.2277
5.3010,10.0000,9.9058,9.9058,9.9014,0.2291,9.9670,9.9670,9.9647,0.2277
5.3020,10.0000,9.9069,9.9069,9.9023,0.2290,9.9676,9.9676,9.9652,0.2277
5.3030,10.0000,9.9079,9.9079,9.9032,0.2290,9.9682,9.9682,9.9656,0.2277
5.3040,10.0000,9.9090,9.9090,9.9042,0.2290,9.9689,9.9689,9.9662,0.2277
5.3050,10.0000,9.9101,9.9101,9.9051,0.2289,9.9695,9.9695,9.9667,0.2276
5.3060,10.0000,9.9113,9.9113,9.9061,0.2289,9.9702,9.9702,9.9673,0.2276
5.3070,10.0000,9.9125,9.9125,9.9072,0.2288,9.9710,9.9710,9.9679,0.2276
5.3080,10.0000,9.9137,9.9137,9.9082,0.2288,9.9717,9.9717,9.9685,0.2276
5.3090,10.0000,9.9149,9.9149,9.9093,0.2287,9.9725,9.9725,9.9691,0.2276
5.3100,10.0000,9.9162,9.9162,9.9104,0.2287,9.9733,9.9733,9.9698,0.2275
5.3110,10.0000,9.9174,9.9174,9.9116,0.2286,9.9742,9.9742,9.9705,0.2275
5.3120,10.0000,9.9188,9.9188,9.9128,0.2286,9.9751,9.9751,9.9713,0.2275
5.3130,10.0000,9.9201,9.9201,9.9140,0.2285,9.9759,9.9759,9.9720,0.2274
5.3140,10.0000,9.9214,9.9214,9.9152,0.2284,9.9769,9.9769,9.9728,0.2274
5.3150,10.0000,9.9228,9.9228,9.9164,0.2284,9.9778,9.9778,9.9736,0.2274
5.3160,10.0000,9.9242,9.9242,9.9177,0.2283,9.9788,9.9788,9.9744,0.2273
5.3170,10.0000,9.9257,9.9257,9.9190,0.2283,9.9797,9.9797,9.9753,0.2273
5.3180,10.0000,9.9271,9.9271,9.9204,0.2282,9.9808,9.9808,9.9762,0.2273
5.3190,10.0000,9.9286,9.9286,9.9217,0.2281,9.9818,9.9818,9.9771,0.2272
5.3200,10.0000,9.9301,9.9301,9.9231,0.2281,9.9828,9.9828,9.9780,0.2272
5.3210,10.0000,9.9316,9.9316,9.9245,0.2280,9.9839,9.9839,9.9790,0.2272
5.3220,10.0000,9.9332,9.9332,9.9259,0.2279,9.9850,9.9850,9.9800,0.2271
5.3230,10.0000,9.9347,9.9347,9.9274,0.2279,9.9861,9.9861,9.9810,0.2271
5.3240,10.0000,9.9363,9.9363,9.9288,0.2278,9.9873,9.9873,9.9820,0.2271
5.3250,10.0000,9.9379,9.9379,9.9303,0.2277,9.9884,9.9884,9.9831,0.2270
5.3260,10.0000,9.9395,9.9395,9.9318,0.2276,9.9896,9.9896,9.9841,0.2270
5.3270,10.0000,9.9412,9.9412,9.9334,0.2276,9.9908,9.9908,9.9852,0.2269
5.3280,10.0000,9.9428,9.9428,9.9349,0.2275,9.9921,9.9921,9.9864,0.2269
5.3290,10.0000,9.9445,9.9445,9.9365,0.2274,9.9933,9.9933,9.9875,0.2268
5.3300,10.0000,9.9462,9.9462,9.9381,0.2273,9.9946,9.9946,9.9887,0.2268
5.3310,10.0000,9.9479,9.9479,9.9397,0.2273,9.9959,9.9959,9.9898,0.2267
5.3320,10.0000,9.9496,9.9496,9.9413,0.2272,9.9972,9.9972,9.9910,0.2267
5.3330,10.0000,9.9514,9.9514,9.9430,0.2271,9.9985,9.9985,9.9923,0.2266
5.3340,10.0000,9.9531,9.9531,9.9447,0.2270,9.9998,9.9998,9.9935,0.2266
5.3350,10.0000,9.9549,9.9549,9.9464,0.2269,10.0012,10.0012,9.9948,0.2265
5.3360,10.0000,9.9567,9.9567,9.9481,0.2269,10.0026,10.0026,9.9961,0.2265
5.3370,10.0000,9.9585,9.9585,9.9498,0.2268,10.0040,10.0040,9.9974,0.2264
5.3380,10.0000,9.9603,9.9603,9.9515,0.2267,10.0054,10.0054,9.9987,0.2264
5.3390,10.0000,9.9621,9.9621,9.9533,0.2266,10.0068,10.0068,10.0000,0.2263
5.3400,10.0000,9.9640,9.9640,9.9551,0.2265,10.0082,10.0082,10.0014,0.2263
5.3410,10.0000,9.9658,9.9658,9.9568,0.2264,10.0097,10.0097,10.0027,0.2262
5.3420,10.0000,9.9677,9.9677,9.9586,0.2263,10.0112,10.0112,10.0041,0.2262
5.3430,10.0000,9.9696,9.9696,9.9605,0.2263,10.0127,10.0127,10.0055,0.2261
5.3440,10.0000,9.9715,9.9715,9.9623,0.2262,10.0142,10.0142,10.0070,0.2261
5.3450,10.0000,9.9734,9.9734,9.9641,0.2261,10.0157,10.0157,10.0084,0.2260
5.3460,10.0000,9.9753,9.9753,9.9660,0.2260,10.0172,10.0172,10.0099,0.2259
5.3470,10.0000,9.9773,9.9773,9.9678,0.2259,10.0188,10.0188,10.0113,0.2259
5.3480,10.0000,9.9792,9.9792,9.9697,0.2258,10.0204,10.0204,10.0128,0.2258
5.3490,10.0000,9.9811,9.9811,9.9716,0.2257,10.0219,10.0219,10.0143,0.2258
5.3500,10.0000,9.9831,9.9831,9.9735,0.2256,10.0235,10.0235,10.0159,0.2257
5.3510,10.0000,9.9851,9.9851,9.9754,0.2255,10.0251,10.0251,10.0174,0.2256
5.3520,10.0000,9.9871,9.9871,9.9774,0.2254,10.0268,10.0268,10.0189,0.2256
5.3530,10.0000,9.9890,9.9890,9.9793,0.2253,10.0284,10.0284,10.0205,0.2255
5.3540,10.0000,9.9910,9.9910,9.9813,0.2252,10.0300,10.0300,10.0221,0.2254
5.3550,10.0000,9.9930,9.9930,9.9832,0.2251,10.0317,10.0317,10.0237,0.2254
5.3560,10.0000,9.9951,9.9951,9.9852,0.2250,10.0334,10.0334,10.0253,0.2253
5.3570,10.0000,9.9971,9.9971,9.9872,0.2249,10.0350,10.0350,10.0269,0.2252
5.3580,10.0000,9.9991,9.9991,9.9891,0.2248,10.0367,10.0367,10.0285,0.2252
5.3590,10.0000,10.0011,10.0011,9.9911,0.2247,10.0384,10.0384,10.0302,0.2251
5.3600,10.0000,10.0032,10.0032,9.9931,0.2246,10.0402,10.0402,10.0318,0.2250
5.3610,10.0000,10.0052,10.0052,9.9951,0.2245,10.0419,10.0419,10.0335,0.2250
5.3620,10.0000,10.0073,10.0073,9.9972,0.2244,10.0436,10.0436,10.0352,0.2249
5.3630,10.0000,10.0093,10.0093,9.9992,0.2243,10.0454,10.0454,10.0369,0.2248
5.3640,10.0000,10.0114,10.0114,10.0012,0.2242,10.0471,10.0471,10.0386,0.2248
5.3650,10.0000,10.0135,10.0135,10.0032,0.2241,10.0489,10.0489,10.0403,0.2247
5.3660,10.0000,10.0155,10.0155,10.0053,0.2240,10.0506,10.0506,10.0420,0.2246
5.3670,10.0000,10.0176,10.0176,10.0073,0.2239,10.0524,10.0524,10.0437,0.2245
5.3680,10.0000,10.0197,10.0197,10.0094,0.2238,10.0542,10.0542,10.0455,0.2245
5.3690,10.0000,10.0218,10.0218,10.0114,0.2237,10.0560,10.0560,10.0472,0.2244
5.3700,10.0000,10.0238,10.0238,10.0135,0.2236,10.0578,10.0578,10.0490,0.2243
5.3710,10.0000,10.0259,10.0259,10.0156,0.2235,10.0596,10.0596,10.0507,0.2243
5.3720,10.0000,10.0280,10.0280,10.0176,0.2234,10.0615,10.0615,10.0525,0.2242
5.3730,10.0000,10.0301,10.0301,10.0197,0.2233,10.0633,10.0633,10.0543,0.2241
5.3740,10.0000,10.0322,10.0322,10.0218,0.2232,10.0651,10.0651,10.0561,0.2240
5.3750,10.0000,10.0343,10.0343,10.0239,0.2231,10.0670,10.0670,10.0579,0.2240
5.3760,10.0000,10.0364,10.0364,10.0260,0.2230,10.0688,10.0688,10.0597,0.2239
5.3770,10.0000,10.0385,10.0385,10.0280,0.2229,10.0707,10.0707,10.0615,0.2238
5.3780,10.0000,10.0406,10.0406,10.0301,0.2228,10.0725,10.0725,10.0634,0.2237
5.3790,10.0000,10.0427,10.0427,10.0322,0.2227,10.0744,10.0744,10.0652,0.2237
5.3800,10.0000,10.0448,10.0448,10.0343,0.2226,10.0762,10.0762,10.0670,0.2236
5.3810,10.0000,10.0468,10.0468,10.0364,0.2225,10.0781,10.0781,10.0689,0.2235
5.3820,10.0000,10.0489,10.0489,10.0385,0.2224,10.0800,10.0800,10.0707,0.2234
5.3830,10.0000,10.0510,10.0510,10.0406,0.2222,10.0819,10.0819,10.0726,0.2234
5.3840,10.0000,10.0531,10.0531,10.0427,0.2221,10.0838,10.0838,10.0744,0.2233
5.3850,10.0000,10.0552,10.0552,10.0448,0.2220,10.0857,10.0857,10.0763,0.2232
5.3860,10.0000,10.0573,10.0573,10.0468,0.2219,10.0876,10.0876,10.0782,0.2231
5.3870,10.0000,10.0594,10.0594,10.0489,0.2218,10.0895,10.0895,10.0801,0.2230
5.3880,10.0000,10.0615,10.0615,10.0510,0.2217,10.0914,10.0914,10.0819,0.2230
5.3890,10.0000,10.0636,10.0636,10.0531,0.2216,10.0933,10.0933,10.0838,0.2229
5.3900,10.0000,10.0656,10.0656,10.0552,0.2215,10.0952,10.0952,10.0857,0.2228
5.3910,10.0000,10.0677,10.0677,10.0573,0.2214,10.0971,10.0971,10.0876,0.2227
5.3920,10.0000,10.0698,10.0698,10.0594,0.2213,10.0990,10.0990,10.0895,0.2226
5.3930,10.0000,10.0719,10.0719,10.0615,0.2212,10.1009,10.1009,10.0914,0.2226
5.3940,10.0000,10.0739,10.0739,10.0635,0.2211,10.1028,10.1028,10.0933,0.2225
5.3950,10.0000,10.0760,10.0760,10.0656,0.2210,10.1048,10.1048,10.0952,0.2224
5.3960,10.0000,10.0780,10.0780,10.0677,0.2209,10.1067,10.1067,10.0971,0.2223
5.3970,10.0000,10.0801,10.0801,10.0698,0.2208,10.1086,10.1086,10.0990,0.2222
5.3980,10.0000,10.0822,10.0822,10.0718,0.2207,10.1105,10.1105,10.1009,0.2222
5.3990,10.0000,10.0842,10.0842,10.0739,0.2205,10.1124,10.1124,10.1029,0.2221
5.4000,10.0000,10.0862,10.0862,10.0760,0.2204,10.1144,10.1144,10.1048,0.2220
5.4010,10.0000,10.0883,10.0883,10.0780,0.2203,10.1163,10.1163,10.1067,0.2219
5.4020,10.0000,10.0903,10.0903,10.0801,0.2202,10.1182,10.1182,10.1086,0.2218
5.4030,10.0000,10.0923,10.0923,10.0821,0.2201,10.1201,10.1201,10.1105,0.2218
5.4040,10.0000,10.0943,10.0943,10.0842,0.2200,10.1221,10.1221,10.1125,0.2217
5.4050,10.0000,10.0963,10.0963,10.0862,0.2199,10.1240,10.1240,10.1144,0.2216
5.4060,10.0000,10.0984,10.0984,10.0882,0.2198,10.1259,10.1259,10.1163,0.2215
5.4070,10.0000,10.1004,10.1004,10.0902,0.2197,10.1278,10.1278,10.1182,0.2214
5.4080,10.0000,10.1023,10.1023,10.0923,0.2196,10.1298,10.1298,10.1201,0.2213
5.4090,10.0000,10.1043,10.1043,10.0943,0.2195,10.1317,10.1317,10.1221,0.2213
5.4100,10.0000,10.1063,10.1063,10.0963,0.2194,10.1336,10.1336,10.1240,0.2212
5.4110,10.0000,10.1083,10.1083,10.0983,0.2193,10.1355,10.1355,10.1259,0.2211
5.4120,10.0000,10.1102,10.1102,10.1003,0.2192,10.1374,10.1374,10.1278,0.2210
5.4130,10.0000,10.1122,10.1122,10.1023,0.2191,10.1393,10.1393,10.1297,0.2209
5.4140,10.0000,10.1141,10.1141,10.1043,0.2190,10.1412,10.1412,10.1317,0.2208
5.4150,10.0000,10.1161,10.1161,10.1062,0.2189,10.1432,10.1432,10.1336,0.2208
5.4160,10.0000,10.1180,10.1180,10.1082,0.2188,10.1451,10.1451,10.1355,0.2207
5.4170,10.0000,10.1199,10.1199,10.1102,0.2187,10.1470,10.1470,10.1374,0.2206
5.4180,10.0000,10.1219,10.1219,10.1121,0.2186,10.1489,10.1489,10.1393,0.2205
5.4190,10.0000,10.1238,10.1238,10.1141,0.2185,10.1507,10.1507,10.1412,0.2204
5.4200,10.0000,10.1257,10.1257,10.1160,0.2184,10.1526,10.1526,10.1431,0.2204
5.4210,10.0000,10.1275,10.1275,10.1179,0.2183,10.1545,10.1545,10.1450,0.2203
5.4220,10.0000,10.1294,10.1294,10.1199,0.2182,10.1564,10.1564,10.1469,0.2202
5.4230,10.0000,10.1313,10.1313,10.1218,0.2181,10.1583,10.1583,10.1488,0.2201
5.4240,10.0000,10.1332,10.1332,10.1237,0.2180,10.1602,10.1602,10.1507,0.2200
5.4250,10.0000,10.1350,10.1350,10.1256,0.2179,10.1620,10.1620,10.1526,0.2199
5.4260,10.0000,10.1369,10.1369,10.1275,0.2178,10.1639,10.1639,10.1545,0.2199
5.4270,10.0000,10.1387,10.1387,10.1293,0.2177,10.1658,10.1658,10.1564,0.2198
5.4280,10.0000,10.1405,10.1405,10.1312,0.2176,10.1676,10.1676,10.1583,0.2197
5.4290,10.0000,10.1423,10.1423,10.1331,0.2175,10.1695,10.1695,10.1601,0.2196
5.4300,10.0000,10.1441,10.1441,10.1349,0.2174,10.1713,10.1713,10.1620,0.2195
5.4310,10.0000,10.1459,10.1459,10.1368,0.2173,10.1732,10.1732,10.1639,0.2195
5.4320,10.0000,10.1477,10.1477,10.1386,0.2172,10.1750,10.1750,10.1657,0.2194
5.4330,10.0000,10.1495,10.1495,10.1404,0.2171,10.1768,10.1768,10.1676,0.2193
5.4340,10.0000,10.1512,10.1512,10.1422,0.2170,10.1786,10.1786,10.1694,0.2192
5.4350,10.0000,10.1530,10.1530,10.1440,0.2169,10.1805,10.1805,10.1713,0.2191
5.4360,10.0000,10.1547,10.1547,10.1458,0.2168,10.1823,10.1823,10.1731,0.2190
5.4370,10.0000,10.1564,10.1564,10.1476,0.2167,10.1841,10.1841,10.1749,0.2190
5.4380,10.0000,10.1582,10.1582,10.1494,0.2166,10.1859,10.1859,10.1768,0.2189
5.4390,10.0000,10.1599,10.1599,10.1511,0.2165,10.1877,10.1877,10.1786,0.2188
5.4400,10.0000,10.1616,10.1616,10.1529,0.2164,10.1895,10.1895,10.1804,0.2187
5.4410,10.0000,10.1632,10.1632,10.1546,0.2163,10.1912,10.1912,10.1822,0.2186
5.4420,10.0000,10.1649,10.1649,10.1563,0.2162,10.1930,10.1930,10.1840,0.2186
5.4430,10.0000,10.1666,10.1666,10.1580,0.2161,10.1948,10.1948,10.1858,0.2185
5.4440,10.0000,10.1682,10.1682,10.1598,0.2160,10.1965,10.1965,10.1876,0.2184
5.4450,10.0000,10.1699,10.1699,10.1614,0.2160,10.1983,10.1983,10.1894,0.2183
5.4460,10.0000,10.1715,10.1715,10.1631,0.2159,10.2000,10.2000,10.1912,0.2182
5.4470,10.0000,10.1731,10.1731,10.1648,0.2158,10.2018,10.2018,10.1929,0.2182
5.4480,10.0000,10.1747,10.1747,10.1665,0.2157,10.2035,10.2035,10.1947,0.2181
5.4490,10.0000,10.1763,10.1763,10.1681,0.2156,10.2052,10.2052,10.1965,0.2180
5.4500,10.0000,10.1779,10.1779,10.1697,0.2155,10.2069,10.2069,10.1982,0.2179
5.4510,10.0000,10.1794,10.1794,10.1714,0.2154,10.2086,10.2086,10.2000,0.2179
5.4520,10.0000,10.1810,10.1810,10.1730,0.2153,10.2103,10.2103,10.2017,0.2178
5.4530,10.0000,10.1825,10.1825,10.1746,0.2153,10.2120,10.2120,10.2034,0.2177
5.4540,10.0000,10.1840,10.1840,10.1762,0.2152,10.2137,10.2137,10.2051,0.2176
5.4550,10.0000,10.1855,10.1855,10.1777,0.2151,10.2153,10.2153,10.2068,0.2175
5.4560,10.0000,10.1870,10.1870,10.1793,0.2150,10.2170,10.2170,10.2085,0.2175
5.4570,10.0000,10.1885,10.1885,10.1808,0.2149,10.2187,10.2187,10.2102,0.2174
5.4580,10.0000,10.1900,10.1900,10.1824,0.2148,10.2203,10.2203,10.2119,0.2173
5.4590,10.0000,10.1915,10.1915,10.1839,0.2147,10.2219,10.2219,10.2136,0.2172
5.4600,10.0000,10.1929,10.1929,10.1854,0.2147,10.2236,10.2236,10.2153,0.2172
5.4610,10.0000,10.1944,10.1944,10.1869,0.2146,10.2252,10.2252,10.2169,0.2171
5.4620,10.0000,10.1958,10.1958,10.1884,0.2145,10.2268,10.2268,10.2186,0.2170
5.4630,10.0000,10.1972,10.1972,10.1899,0.2144,10.2284,10.2284,10.2202,0.2169
5.4640,10.0000,10.1986,10.1986,10.1913,0.2143,10.2300,10.2300,10.2218,0.2169
5.4650,10.0000,10.2000,10.2000,10.1928,0.2143,10.2315,10.2315,10.2235,0.2168
5.4660,10.0000,10.2013,10.2013,10.1942,0.2142,10.2331,10.2331,10.2251,0.2167
5.4670,10.0000,10.2027,10.2027,10.1957,0.2141,10.2347,10.2347,10.2267,0.2166
5.4680,10.0000,10.2041,10.2041,10.1971,0.2140,10.2362,10.2362,10.2283,0.2166
5.4690,10.0000,10.2054,10.2054,10.1985,0.2139,10.2377,10.2377,10.2299,0.2165
5.4700,10.0000,10.2067,10.2067,10.1998,0.2139,10.2393,10.2393,10.2314,0.2164
5.4710,10.0000,10.2080,10.2080,10.2012,0.2138,10.2408,10.2408,10.2330,0.2164
5.4720,10.0000,10.2093,10.2093,10.2026,0.2137,10.2423,10.2423,10.2346,0.2163
5.4730,10.0000,10.2106,10.2106,10.2039,0.2136,10.2438,10.2438,10.2361,0.2162
5.4740,10.0000,10.2118,10.2118,10.2053,0.2136,10.2453,10.2453,10.2376,0.2161
5.4750,10.0000,10.2131,10.2131,10.2066,0.2135,10.2467,10.2467,10.2392,0.2161
5.4760,10.0000,10.2143,10.2143,10.2079,0.2134,10.2482,10.2482,10.2407,0.2160
5.4770,10.0000,10.2156,10.2156,10.2092,0.2133,10.2497,10.2497,10.2422,0.2159
5.4780,10.0000,10.2168,10.2168,10.2104,0.2133,10.2511,10.2511,10.2437,0.2159
5.4790,10.0000,10.2180,10.2180,10.2117,0.2132,10.2525,10.2525,10.2452,0.2158
5.4800,10.0000,10.2192,10.2192,10.2130,0.2131,10.2539,10.2539,10.2466,0.2157
5.4810,10.0000,10.2203,10.2203,10.2142,0.2131,10.2554,10.2554,10.2481,0.2157
5.4820,10.0000,10.2215,10.2215,10.2154,0.2130,10.2568,10.2568,10.2495,0.2156
5.4830,10.0000,10.2226,10.2226,10.2166,0.2129,10.2581,10.2581,10.2510,0.2155
5.4840,10.0000,10.2238,10.2238,10.2178,0.2129,10.2595,10.2595,10.2524,0.2154
5.4850,10.0000,10.2249,10.2249,10.2190,0.2128,10.2609,10.2609,10.2538,0.2154
5.4860,10.0000,10.2260,10.2260,10.2202,0.2127,10.2622,10.2622,10.2552,0.2153
5.4870,10.0000,10.2271,10.2271,10.2213,0.2127,10.2636,10.2636,10.2566,0.2152
5.4880,10.0000,10.2281,10.2281,10.2225,0.2126,10.2649,10.2649,10.2580,0.2152
5.4890,10.0000,10.2292,10.2292,10.2236,0.2125,10.2662,10.2662,10.2594,0.2151
5.4900,10.0000,10.2303,10.2303,10.2247,0.2125,10.2675,10.2675,10.2608,0.2151
5.4910,10.0000,10.2313,10.2313,10.2258,0.2124,10.2688,10.2688,10.2621,0.2150
5.4920,10.0000,10.2323,10.2323,10.2269,0.2123,10.2701,10.2701,10.2635,0.2149
5.4930,10.0000,10.2333,10.2333,10.2280,0.2123,10.2714,10.2714,10.2648,0.2149
5.4940,10.0000,10.2343,10.2343,10.2291,0.2122,10.2726,10.2726,10.2661,0.2148
5.4950,10.0000,10.2353,10.2353,10.2301,0.2121,10.2739,10.2739,10.2674,0.2147
5.4960,10.0000,10.2363,10.2363,10.2312,0.2121,10.2751,10.2751,10.2687,0.2147
5.4970,10.0000,10.2372,10.2372,10.2322,0.2120,10.2763,10.2763,10.2700,0.2146
5.4980,10.0000,10.2382,10.2382,10.2332,0.2120,10.2775,10.2775,10.2713,0.2145
5.4990,10.0000,10.2391,10.2391,10.2342,0.2119,10.2787,10.2787,10.2725,0.2145
5.5000,10.0000,10.2400,10.2400,10.2352,0.2118,10.2799,10.2799,10.2738,0.2144
5.5010,10.0000,10.2409,10.2409,10.2361,0.2118,10.2811,10.2811,10.2750,0.2144
5.5020,10.0000,10.2418,10.2418,10.2371,0.2117,10.2823,10.2823,10.2762,0.2143
5.5030,10.0000,10.2427,10.2427,10.2380,0.2117,10.2834,10.2834,10.2774,0.2142
5.5040,10.0000,10.2435,10.2435,10.2390,0.2116,10.2846,10.2846,10.2786,0.2142
5.5050,10.0000,10.2444,10.2444,10.2399,0.2116,10.2857,10.2857,10.2798,0.2141
5.5060,10.0000,10.2452,10.2452,10.2408,0.2115,10.2868,10.2868,10.2810,0.2141
5.5070,10.0000,10.2460,10.2460,10.2417,0.2115,10.2879,10.2879,10.2821,0.2140
5.5080,10.0000,10.2468,10.2468,10.2425,0.2114,10.2890,10.2890,10.2833,0.2140
5.5090,10.0000,10.2476,10.2476,10.2434,0.2114,10.2901,10.2901,10.2844,0.2139
5.5100,10.0000,10.2484,10.2484,10.2442,0.2113,10.2911,10.2911,10.2856,0.2138
5.5110,10.0000,10.2492,10.2492,10.2451,0.2113,10.2922,10.2922,10.2867,0.2138
5.5120,10.0000,10.2499,10.2499,10.2459,0.2112,10.2932,10.2932,10.2878,0.2137
5.5130,10.0000,10.2507,10.2507,10.2467,0.2112,10.2942,10.2942,10.2889,0.2137
5.5140,10.0000,10.2514,10.2514,10.2475,0.2111,10.2952,10.2952,10.2899,0.2136
5.5150,10.0000,10.2521,10.2521,10.2483,0.2111,10.2962,10.2962,10.2910,0.2136
5.5160,10.0000,10.2528,10.2528,10.2490,0.2110,10.2972,10.2972,10.2920,0.2135
5.5170,10.0000,10.2535,10.2535,10.2498,0.2110,10.2982,10.2982,10.2931,0.2135
5.5180,10.0000,10.2542,10.2542,10.2505,0.2109,10.2992,10.2992,10.2941,0.2134
5.5190,10.0000,10.2548,10.2548,10.2513,0.2109,10.3001,10.3001,10.2951,0.2134
5.5200,10.0000,10.2555,10.2555,10.2520,0.2108,10.3011,10.3011,10.2961,0.2133
5.5210,10.0000,10.2561,10.2561,10.2527,0.2108,10.3020,10.3020,10.2971,0.2132
5.5220,10.0000,10.2567,10.2567,10.2534,0.2107,10.3029,10.3029,10.2981,0.2132
5.5230,10.0000,10.2573,10.2573,10.2540,0.2107,10.3038,10.3038,10.2990,0.2131
5.5240,10.0000,10.2579,10.2579,10.2547,0.2106,10.3047,10.3047,10.3000,0.2131
5.5250,10.0000,10.2585,10.2585,10.2553,0.2106,10.3056,10.3056,10.3009,0.2130
5.5260,10.0000,10.2591,10.2591,10.2560,0.2106,10.3064,10.3064,10.3019,0.2130
5.5270,10.0000,10.2596,10.2596,10.2566,0.2105,10.3073,10.3073,10.3028,0.2129
5.5280,10.0000,10.2602,10.2602,10.2572,0.2105,10.3081,10.3081,10.3037,0.2129
5.5290,10.0000,10.2607,10.2607,10.2578,0.2104,10.3089,10.3089,10.3046,0.2129
5.5300,10.0000,10.2612,10.2612,10.2584,0.2104,10.3097,10.3097,10.3054,0.2128
5.5310,10.0000,10.2618,10.2618,10.2590,0.2104,10.3105,10.3105,10.3063,0.2128
5.5320,10.0000,10.2622,10.2622,10.2595,0.2103,10.3113,10.3113,10.3071,0.2127
5.5330,10.0000,10.2627,10.2627,10.2601,0.2103,10.3121,10.3121,10.3080,0.2127
5.5340,10.0000,10.2632,10.2632,10.2606,0.2103,10.3128,10.3128,10.3088,0.2126
5.5350,10.0000,10.2637,10.2637,10.2611,0.2102,10.3136,10.3136,10.3096,0.2126
5.5360,10.0000,10.2641,10.2641,10.2616,0.2102,10.3143,10.3143,10.3104,0.2125
5.5370,10.0000,10.2645,10.2645,10.2621,0.2101,10.3150,10.3150,10.3112,0.2125
5.5380,10.0000,10.2650,10.2650,10.2626,0.2101,10.3157,10.3157,10.3119,0.2124
5.5390,10.0000,10.2654,10.2654,10.2631,0.2101,10.3164,10.3164,10.3127,0.2124
5.5400,10.0000,10.2658,10.2658,10.2635,0.2100,10.3171,10.3171,10.3134,0.2124
5.5410,10.0000,10.2661,10.2661,10.2640,0.2100,10.3178,10.3178,10.3142,0.2123
5.5420,10.0000,10.2665,10.2665,10.2644,0.2100,10.3184,10.3184,10.3149,0.2123
5.5430,10.0000,10.2669,10.2669,10.2648,0.2100,10.3191,10.3191,10.3156,0.2122
5.5440,10.0000,10.2672,10.2672,10.2652,0.2099,10.3197,10.3197,10.3163,0.2122
5.5450,10.0000,10.2676,10.2676,10.2656,0.2099,10.3203,10.3203,10.3170,0.2122
5.5460,10.0000,10.2679,10.2679,10.2660,0.2099,10.3209,10.3209,10.3176,0.2121
5.5470,10.0000,10.2682,10.2682,10.2664,0.2098,10.3215,10.3215,10.3183,0.2121
5.5480,10.0000,10.2685,10.2685,10.2668,0.2098,10.3221,10.3221,10.3189,0.2120
5.5490,10.0000,10.2688,10.2688,10.2671,0.2098,10.3226,10.3226,10.3196,0.2120
5.5500,10.0000,10.2691,10.2691,10.2674,0.2097,10.3232,10.3232,10.3202,0.2120
5.5510,10.0000,10.2693,10.2693,10.2678,0.2097,10.3237,10.3237,10.3208,0.2119
5.5520,10.0000,10.2696,10.2696,10.2681,0.2097,10.3243,10.3243,10.3214,0.2119
5.5530,10.0000,10.2698,10.2698,10.2684,0.2097,10.3248,10.3248,10.3220,0.2119
5.5540,10.0000,10.2700,10.2700,10.2687,0.2096,10.3253,10.3253,10.3225,0.2118
5.5550,10.0000,10.2703,10.2703,10.2689,0.2096,10.3258,10.3258,10.3231,0.2118
5.5560,10.0000,10.2705,10.2705,10.2692,0.2096,10.3262,10.3262,10.3236,0.2118
5.5570,10.0000,10.2707,10.2707,10.2695,0.2096,10.3267,10.3267,10.3241,0.2117
5.5580,10.0000,10.2708,10.2708,10.2697,0.2096,10.3272,10.3272,10.3246,0.2117
5.5590,10.0000,10.2710,10.2710,10.2699,0.2095,10.3276,10.3276,10.3251,0.2117
5.5600,10.0000,10.2712,10.2712,10.2701,0.2095,10.3280,10.3280,10.3256,0.2116
5.5610,10.0000,10.2713,10.2713,10.2703,0.2095,10.3284,10.3284,10.3261,0.2116
5.5620,10.0000,10.2715,10.2715,10.2705,0.2095,10.3288,10.3288,10.3266,0.2116
5.5630,10.0000,10.2716,10.2716,10.2707,0.2095,10.3292,10.3292,10.3270,0.2115
5.5640,10.0000,10.2717,10.2717,10.2709,0.2094,10.3296,10.3296,10.3275,0.2115
5.5650,10.0000,10.2718,10.2718,10.2711,0.2094,10.3299,10.3299,10.3279,0.2115
5.5660,10.0000,10.2719,10.2719,10.2712,0.2094,10.3303,10.3303,10.3283,0.2114
5.5670,10.0000,10.2720,10.2720,10.2714,0.2094,10.3306,10.3306,10.3287,0.2114
5.5680,10.0000,10.2721,10.2721,10.2715,0.2094,10.3310,10.3310,10.3291,0.2114
5.5690,10.0000,10.2721,10.2721,10.2716,0.2093,10.3313,10.3313,10.3295,0.2113
5.5700,10.0000,10.2722,10.2722,10.2717,0.2093,10.3316,10.3316,10.3298,0.2113
5.5710,10.0000,10.2722,10.2722,10.2718,0.2093,10.3318,10.3318,10.3302,0.2113
5.5720,10.0000,10.2723,10.2723,10.2719,0.2093,10.3321,10.3321,10.3305,0.2113
5.5730,10.0000,10.2723,10.2723,10.2720,0.2093,10.3324,10.3324,10.3308,0.2112
5.5740,10.0000,10.2723,10.2723,10.2720,0.2093,10.3326,10.3326,10.3311,0.2112
5.5750,10.0000,10.2723,10.2723,10.2721,0.2093,10.3329,10.3329,10.3314,0.2112
5.5760,10.0000,10.2723,10.2723,10.2721,0.2092,10.3331,10.3331,10.3317,0.2112
5.5770,10.0000,10.2723,10.2723,10.2721,0.2092,10.3333,10.3333,10.3320,0.2111
5.5780,10.0000,10.2722,10.2722,10.2722,0.2092,10.3335,10.3335,10.3323,0.2111
5.5790,10.0000,10.2722,10.2722,10.2722,0.2092,10.3337,10.3337,10.3325,0.2111
5.5800,10.0000,10.2721,10.2721,10.2722,0.2092,10.3339,10.3339,10.3327,0.2111
5.5810,10.0000,10.2721,10.2721,10.2722,0.2092,10.3340,10.3340,10.3330,0.2111
5.5820,10.0000,10.2720,10.2720,10.2721,0.2092,10.3342,10.3342,10.3332,0.2110
5.5830,10.0000,10.2719,10.2719,10.2721,0.2092,10.3343,10.3343,10.3334,0.2110
5.5840,10.0000,10.2718,10.2718,10.2721,0.2092,10.3344,10.3344,10.3336,0.2110
5.5850,10.0000,10.2717,10.2717,10.2720,0.2092,10.3346,10.3346,10.3337,0.2110
5.5860,10.0000,10.2716,10.2716,10.2720,0.2091,10.3347,10.3347,10.3339,0.2109
5.5870,10.0000,10.2715,10.2715,10.2719,0.2091,10.3348,10.3348,10.3341,0.2109
5.5880,10.0000,10.2713,10.2713,10.2718,0.2091,10.3348,10.3348,10.3342,0.2109
5.5890,10.0000,10.2712,10.2712,10.2717,0.2091,10.3349,10.3349,10.3343,0.2109
5.5900,10.0000,10.2710,10.2710,10.2716,0.2091,10.3349,10.3349,10.3344,0.2109
5.5910,10.0000,10.2709,10.2709,10.2715,0.2091,10.3350,10.3350,10.3345,0.2109
5.5920,10.0000,10.2707,10.2707,10.2714,0.2091,10.3350,10.3350,10.3346,0.2108
5.5930,10.0000,10.2705,10.2705,10.2712,0.2091,10.3350,10.3350,10.3347,0.2108
5.5940,10.0000,10.2703,10.2703,10.2711,0.2091,10.3350,10.3350,10.3348,0.2108
5.5950,10.0000,10.2701,10.2701,10.2709,0.2091,10.3350,10.3350,10.3348,0.2108
5.5960,10.0000,10.2699,10.2699,10.2708,0.2091,10.3350,10.3350,10.3349,0.2108
5.5970,10.0000,10.2697,10.2697,10.2706,0.2091,10.3350,10.3350,10.3349,0.2108
5.5980,10.0000,10.2695,10.2695,10.2704,0.2091,10.3350,10.3350,10.3349,0.2107
5.5990,10.0000,10.2693,10.2693,10.2702,0.2091,10.3349,10.3349,10.3349,0.2107
5.6000,10.0000,10.2690,10.2690,10.2700,0.2091,10.3348,10.3348,10.3349,0.2107
5.6010,10.0000,10.2688,10.2688,10.2698,0.2091,10.3348,10.3348,10.3349,0.2107
5.6020,10.0000,10.2685,10.2685,10.2696,0.2091,10.3347,10.3347,10.3349,0.2107
5.6030,10.0000,10.2682,10.2682,10.2694,0.2091,10.3346,10.3346,10.3348,0.2107
5.6040,10.0000,10.2679,10.2679,10.2692,0.2091,10.3345,10.3345,10.3348,0.2107
5.6050,10.0000,10.2676,10.2676,10.2689,0.2091,10.3344,10.3344,10.3347,0.2107
5.6060,10.0000,10.2673,10.2673,10.2687,0.2091,10.3342,10.3342,10.3347,0.2107
5.6070,10.0000,10.2670,10.2670,10.2684,0.2091,10.3341,10.3341,10.3346,0.2106
5.6080,10.0000,10.2667,10.2667,10.2681,0.2091,10.3339,10.3339,10.3345,0.2106
5.6090,10.0000,10.2664,10.2664,10.2678,0.2091,10.3338,10.3338,10.3344,0.2106
5.6100,10.0000,10.2661,10.2661,10.2675,0.2091,10.3336,10.3336,10.3342,0.2106
5.6110,10.0000,10.2657,10.2657,10.2673,0.2091,10.3334,10.3334,10.3341,0.2106
5.6120,10.0000,10.2654,10.2654,10.2669,0.2091,10.3332,10.3332,10.3340,0.2106
5.6130,10.0000,10.2650,10.2650,10.2666,0.2091,10.3330,10.3330,10.3338,0.2106
5.6140,10.0000,10.2646,10.2646,10.2663,0.2091,10.3328,10.3328,10.3336,0.2106
5.6150,10.0000,10.2642,10.2642,10.2660,0.2091,10.3325,10.3325,10.3335,0.2106
5.6160,10.0000,10.2639,10.2639,10.2656,0.2092,10.3323,10.3323,10.3333,0.2106
5.6170,10.0000,10.2635,10.2635,10.2653,0.2092,10.3320,10.3320,10.3331,0.2106
5.6180,10.0000,10.2631,10.2631,10.2649,0.2092,10.3318,10.3318,10.3329,0.2106
5.6190,10.0000,10.2627,10.2627,10.2645,0.2092,10.3315,10.3315,10.3327,0.2106
5.6200,10.0000,10.2622,10.2622,10.2642,0.2092,10.3312,10.3312,10.3324,0.2106
5.6210,10.0000,10.2618,10.2618,10.2638,0.2092,10.3309,10.3309,10.3322,0.2106
5.6220,10.0000,10.2614,10.2614,10.2634,0.2092,10.3306,10.3306,10.3319,0.2106
5.6230,10.0000,10.2609,10.2609,10.2630,0.2092,10.3303,10.3303,10.3317,0.2106
5.6240,10.0000,10.2605,10.2605,10.2626,0.2092,10.3300,10.3300,10.3314,0.2106
5.6250,10.0000,10.2600,10.2600,10.2621,0.2092,10.3296,10.3296,10.3311,0.2105
5.6260,10.0000,10.2595,10.2595,10.2617,0.2092,10.3293,10.3293,10.3308,0.2105
5.6270,10.0000,10.2591,10.2591,10.2613,0.2093,10.3289,10.3289,10.3305,0.2105
5.6280,10.0000,10.2586,10.2586,10.2608,0.2093,10.3285,10.3285,10.3302,0.2105
5.6290,10.0000,10.2581,10.2581,10.2604,0.2093,10.3281,10.3281,10.3298,0.2105
5.6300,10.0000,10.2576,10.2576,10.2599,0.2093,10.3277,10.3277,10.3295,0.2105
5.6310,10.0000,10.2571,10.2571,10.2595,0.2093,10.3273,10.3273,10.3292,0.2105
5.6320,10.0000,10.2566,10.2566,10.2590,0.2093,10.3269,10.3269,10.3288,0.2106
5.6330,10.0000,10.2560,10.2560,10.2585,0.2093,10.3265,10.3265,10.3284,0.2106
5.6340,10.0000,10.2555,10.2555,10.2580,0.2094,10.3261,10.3261,10.3280,0.2106
5.6350,10.0000,10.2550,10.2550,10.2575,0.2094,10.3256,10.3256,10.3276,0.2106
5.6360,10.0000,10.2544,10.2544,10.2570,0.2094,10.3252,10.3252,10.3272,0.2106
5.6370,10.0000,10.2539,10.2539,10.2565,0.2094,10.3247,10.3247,10.3268,0.2106
5.6380,10.0000,10.2533,10.2533,10.2560,0.2094,10.3242,10.3242,10.3264,0.2106
5.6390,10.0000,10.2527,10.2527,10.2554,0.2094,10.3237,10.3237,10.3260,0.2106
5.6400,10.0000,10.2522,10.2522,10.2549,0.2095,10.3232,10.3232,10.3255,0.2106
5.6410,10.0000,10.2516,10.2516,10.2544,0.2095,10.3227,10.3227,10.3251,0.2106
5.6420,10.0000,10.2510,10.2510,10.2538,0.2095,10.3222,10.3222,10.3246,0.2106
5.6430,10.0000,10.2504,10.2504,10.2532,0.2095,10.3217,10.3217,10.3241,0.2106
5.6440,10.0000,10.2498,10.2498,10.2527,0.2095,10.3212,10.3212,10.3236,0.2106
5.6450,10.0000,10.2492,10.2492,10.2521,0.2095,10.3206,10.3206,10.3231,0.2106
5.6460,10.0000,10.2486,10.2486,10.2515,0.2096,10.3201,10.3201,10.3226,0.2106
5.6470,10.0000,10.2479,10.2479,10.2509,0.2096,10.3195,10.3195,10.3221,0.2106
5.6480,10.0000,10.2473,10.2473,10.2503,0.2096,10.3189,10.3189,10.3216,0.2106
5.6490,10.0000,10.2467,10.2467,10.2497,0.2096,10.3183,10.3183,10.3211,0.2106
5.6500,10.0000,10.2460,10.2460,10.2491,0.2096,10.3177,10.3177,10.3205,0.2107
5.6510,10.0000,10.2454,10.2454,10.2485,0.2097,10.3171,10.3171,10.3200,0.2107
5.6520,10.0000,10.2447,10.2447,10.2479,0.2097,10.3165,10.3165,10.3194,0.2107
5.6530,10.0000,10.2440,10.2440,10.2472,0.2097,10.3159,10.3159,10.3188,0.2107
5.6540,10.0000,10.2434,10.2434,10.2466,0.2097,10.3153,10.3153,10.3182,0.2107
5.6550,10.0000,10.2427,10.2427,10.2460,0.2098,10.3146,10.3146,10.3177,0.2107
5.6560,10.0000,10.2420,10.2420,10.2453,0.2098,10.3140,10.3140,10.3170,0.2107
5.6570,10.0000,10.2413,10.2413,10.2446,0.2098,10.3133,10.3133,10.3164,0.2107
5.6580,10.0000,10.2406,10.2406,10.2440,0.2098,10.3127,10.3127,10.3158,0.2107
5.6590,10.0000,10.2399,10.2399,10.2433,0.2099,10.3120,10.3120,10.3152,0.2108
5.6600,10.0000,10.2392,10.2392,10.2426,0.2099,10.3113,10.3113,10.3145,0.2108
5.6610,10.0000,10.2385,10.2385,10.2419,0.2099,10.3106,10.3106,10.3139,0.2108
5.6620,10.0000,10.2377,10.2377,10.2412,0.2099,10.3099,10.3099,10.3132,0.2108
5.6630,10.0000,10.2370,10.2370,10.2405,0.2100,10.3092,10.3092,10.3126,0.2108
5.6640,10.0000,10.2362,10.2362,10.2398,0.2100,10.3084,10.3084,10.3119,0.2108
5.6650,10.0000,10.2355,10.2355,10.2391,0.2100,10.3077,10.3077,10.3112,0.2108
5.6660,10.0000,10.2347,10.2347,10.2384,0.2100,10.3070,10.3070,10.3105,0.2109
5.6670,10.0000,10.2340,10.2340,10.2377,0.2101,10.3062,10.3062,10.3098,0.2109
5.6680,10.0000,10.2332,10.2332,10.2369,0.2101,10.3055,10.3055,10.3091,0.2109
5.6690,10.0000,10.2324,10.2324,10.2362,0.2101,10.3047,10.3047,10.3084,0.2109
5.6700,10.0000,10.2317,10.2317,10.2354,0.2101,10.3039,10.3039,10.3076,0.2109
5.6710,10.0000,10.2309,10.2309,10.2347,0.2102,10.3031,10.3031,10.3069,0.2109
5.6720,10.0000,10.2301,10.2301,10.2339,0.2102,10.3023,10.3023,10.3061,0.2110
5.6730,10.0000,10.2293,10.2293,10.2332,0.2102,10.3015,10.3015,10.3054,0.2110
5.6740,10.0000,10.2285,10.2285,10.2324,0.2103,10.3007,10.3007,10.3046,0.2110
5.6750,10.0000,10.2277,10.2277,10.2316,0.2103,10.2999,10.2999,10.3038,0.2110
5.6760,10.0000,10.2269,10.2269,10.2308,0.2103,10.2991,10.2991,10.3030,0.2110
5.6770,10.0000,10.2260,10.2260,10.2300,0.2104,10.2982,10.2982,10.3022,0.2111
5.6780,10.0000,10.2252,10.2252,10.2292,0.2104,10.2974,10.2974,10.3014,0.2111
5.6790,10.0000,10.2244,10.2244,10.2284,0.2104,10.2965,10.2965,10.3006,0.2111
5.6800,10.0000,10.2235,10.2235,10.2276,0.2104,10.2957,10.2957,10.2998,0.2111
5.6810,10.0000,10.2227,10.2227,10.2268,0.2105,10.2948,10.2948,10.2990,0.2111
5.6820,10.0000,10.2218,10.2218,10.2260,0.2105,10.2939,10.2939,10.2981,0.2112
5.6830,10.0000,10.2210,10.2210,10.2251,0.2105,10.2930,10.2930,10.2973,0.2112
5.6840,10.0000,10.2201,10.2201,10.2243,0.2106,10.2921,10.2921,10.2964,0.2112
5.6850,10.0000,10.2192,10.2192,10.2235,0.2106,10.2912,10.2912,10.2956,0.2112
5.6860,10.0000,10.2183,10.2183,10.2226,0.2106,10.2903,10.2903,10.2947,0.2113
5.6870,10.0000,10.2175,10.2175,10.2218,0.2107,10.2894,10.2894,10.2938,0.2113
5.6880,10.0000,10.2166,10.2166,10.2209,0.2107,10.2884,10.2884,10.2929,0.2113
5.6890,10.0000,10.2157,10.2157,10.2200,0.2107,10.2875,10.2875,10.2920,0.2113
5.6900,10.0000,10.2148,10.2148,10.2192,0.2108,10.2866,10.2866,10.2911,0.2114
5.6910,10.0000,10.2139,10.2139,10.2183,0.2108,10.2856,10.2856,10.2902,0.2114
5.6920,10.0000,10.2130,10.2130,10.2174,0.2109,10.2846,10.2846,10.2893,0.2114
5.6930,10.0000,10.2121,10.2121,10.2165,0.2109,10.2837,10.2837,10.2884,0.2114
5.6940,10.0000,10.2111,10.2111,10.2156,0.2109,10.2827,10.2827,10.2874,0.2115
5.6950,10.0000,10.2102,10.2102,10.2147,0.2110,10.2817,10.2817,10.2865,0.2115
5.6960,10.0000,10.2093,10.2093,10.2138,0.2110,10.2807,10.2807,10.2855,0.2115
5.6970,10.0000,10.2083,10.2083,10.2129,0.2110,10.2797,10.2797,10.2846,0.2115
5.6980,10.0000,10.2074,10.2074,10.2120,0.2111,10.2787,10.2787,10.2836,0.2116
5.6990,10.0000,10.2064,10.2064,10.2111,0.2111,10.2777,10.2777,10.2826,0.2116
5.7000,10.0000,10.2055,10.2055,10.2101,0.2111,10.2767,10.2767,10.2816,0.2116
5.7010,10.0000,10.2045,10.2045,10.2092,0.2112,10.2756,10.2756,10.2806,0.2117
5.7020,10.0000,10.2036,10.2036,10.2083,0.2112,10.2746,10.2746,10.2796,0.2117
5.7030,10.0000,10.2026,10.2026,10.2073,0.2113,10.2736,10.2736,10.2786,0.2117
5.7040,10.0000,10.2016,10.2016,10.2064,0.2113,10.2725,10.2725,10.2776,0.2117
5.7050,10.0000,10.2006,10.2006,10.2054,0.2113,10.2714,10.2714,10.2766,0.2118
5.7060,10.0000,10.1996,10.1996,10.2045,0.2114,10.2704,10.2704,10.2756,0.2118
5.7070,10.0000,10.1986,10.1986,10.2035,0.2114,10.2693,10.2693,10.2745,0.2118
5.7080,10.0000,10.1976,10.1976,10.2025,0.2115,10.2682,10.2682,10.2735,0.2119
5.7090,10.0000,10.1966,10.1966,10.2016,0.2115,10.2671,10.2671,10.2724,0.2119
5.7100,10.0000,10.1956,10.1956,10.2006,0.2115,10.2660,10.2660,10.2714,0.2119
5.7110,10.0000,10.1946,10.1946,10.1996,0.2116,10.2649,10.2649,10.2703,0.2120
5.7120,10.0000,10.1936,10.1936,10.1986,0.2116,10.2638,10.2638,10.2692,0.2120
5.7130,10.0000,10.1926,10.1926,10.1976,0.2117,10.2627,10.2627,10.2681,0.2120
5.7140,10.0000,10.1916,10.1916,10.1966,0.2117,10.2616,10.2616,10.2671,0.2121
5.7150,10.0000,10.1905,10.1905,10.1956,0.2118,10.2604,10.2604,10.2660,0.2121
5.7160,10.0000,10.1895,10.1895,10.1946,0.2118,10.2593,10.2593,10.2648,0.2121
5.7170,10.0000,10.1884,10.1884,10.1936,0.2118,10.2581,10.2581,10.2637,0.2122
5.7180,10.0000,10.1874,10.1874,10.1925,0.2119,10.2570,10.2570,10.2626,0.2122
5.7190,10.0000,10.1863,10.1863,10.1915,0.2119,10.2558,10.2558,10.2615,0.2122
5.7200,10.0000,10.1853,10.1853,10.1905,0.2120,10.2547,10.2547,10.2604,0.2123
5.7210,10.0000,10.1842,10.1842,10.1894,0.2120,10.2535,10.2535,10.2592,0.2123
5.7220,10.0000,10.1831,10.1831,10.1884,0.2121,10.2523,10.2523,10.2581,0.2123
5.7230,10.0000,10.1821,10.1821,10.1873,0.2121,10.2511,10.2511,10.2569,0.2124
5.7240,10.0000,10.1810,10.1810,10.1863,0.2122,10.2499,10.2499,10.2558,0.2124
5.7250,10.0000,10.1799,10.1799,10.1852,0.2122,10.2487,10.2487,10.2546,0.2124
5.7260,10.0000,10.1788,10.1788,10.1842,0.2123,10.2475,10.2475,10.2534,0.2125
5.7270,10.0000,10.1777,10.1777,10.1831,0.2123,10.2463,10.2463,10.2522,0.2125
5.7280,10.0000,10.1766,10.1766,10.1820,0.2123,10.2451,10.2451,10.2511,0.2126
5.7290,10.0000,10.1755,10.1755,10.1809,0.2124,10.2439,10.2439,10.2499,0.2126
5.7300,10.0000,10.1744,10.1744,10.1799,0.2124,10.2426,10.2426,10.2487,0.2126
5.7310,10.0000,10.1733,10.1733,10.1788,0.2125,10.2414,10.2414,10.2475,0.2127
5.7320,10.0000,10.1722,10.1722,10.1777,0.2125,10.2401,10.2401,10.2462,0.2127
5.7330,10.0000,10.1711,10.1711,10.1766,0.2126,10.2389,10.2389,10.2450,0.2128
5.7340,10.0000,10.1700,10.1700,10.1755,0.2126,10.2376,10.2376,10.2438,0.2128
5.7350,10.0000,10.1688,10.1688,10.1744,0.2127,10.2364,10.2364,10.2426,0.2128
5.7360,10.0000,10.1677,10.1677,10.1733,0.2127,10.2351,10.2351,10.2413,0.2129
5.7370,10.0000,10.1666,10.1666,10.1722,0.2128,10.2338,10.2338,10.2401,0.2129
5.7380,10.0000,10.1654,10.1654,10.1710,0.2128,10.2325,10.2325,10.2388,0.2130
5.7390,10.0000,10.1643,10.1643,10.1699,0.2129,10.2312,10.2312,10.2376,0.2130
5.7400,10.0000,10.1631,10.1631,10.1688,0.2129,10.2299,10.2299,10.2363,0.2130
5.7410,10.0000,10.1620,10.1620,10.1676,0.2130,10.2286,10.2286,10.2350,0.2131
5.7420,10.0000,10.1608,10.1608,10.1665,0.2130,10.2273,10.2273,10.2338,0.2131
5.7430,10.0000,10.1596,10.1596,10.1654,0.2131,10.2260,10.2260,10.2325,0.2132
5.7440,10.0000,10.1585,10.1585,10.1642,0.2131,10.2247,10.2247,10.2312,0.2132
5.7450,10.0000,10.1573,10.1573,10.1631,0.2132,10.2234,10.2234,10.2299,0.2133
5.7460,10.0000,10.1561,10.1561,10.1619,0.2132,10.2220,10.2220,10.2286,0.2133
5.7470,10.0000,10.1549,10.1549,10.1608,0.2133,10.2207,10.2207,10.2273,0.2133
5.7480,10.0000,10.1537,10.1537,10.1596,0.2133,10.2194,10.2194,10.2260,0.2134
5.7490,10.0000,10.1526,10.1526,10.1584,0.2134,10.2180,10.2180,10.2246,0.2134
5.7500,10.0000,10.1514,10.1514,10.1572,0.2134,10.2167,10.2167,10.2233,0.2135
5.7510,10.0000,10.1502,10.1502,10.1561,0.2135,10.2153,10.2153,10.2220,0.2135
5.7520,10.0000,10.1490,10.1490,10.1549,0.2135,10.2139,10.2139,10.2206,0.2136
5.7530,10.0000,10.1477,10.1477,10.1537,0.2136,10.2126,10.2126,10.2193,0.2136
5.7540,10.0000,10.1465,10.1465,10.1525,0.2137,10.2112,10.2112,10.2180,0.2137
5.7550,10.0000,10.1453,10.1453,10.1513,0.2137,10.2098,10.2098,10.2166,0.2137
5.7560,10.0000,10.1441,10.1441,10.1501,0.2138,10.2084,10.2084,10.2152,0.2137
5.7570,10.0000,10.1429,10.1429,10.1489,0.2138,10.2070,10.2070,10.2139,0.2138
5.7580,10.0000,10.1417,10.1417,10.1477,0.2139,10.2056,10.2056,10.2125,0.2138
5.7590,10.0000,10.1404,10.1404,10.1465,0.2139,10.2042,10.2042,10.2111,0.2139
5.7600,10.0000,10.1392,10.1392,10.1453,0.2140,10.2028,10.2028,10.2098,0.2139
5.7610,10.0000,10.1379,10.1379,10.1441,0.2140,10.2014,10.2014,10.2084,0.2140
5.7620,10.0000,10.1367,10.1367,10.1428,0.2141,10.2000,10.2000,10.2070,0.2140
5.7630,10.0000,10.1355,10.1355,10.1416,0.2141,10.1986,10.1986,10.2056,0.2141
5.7640,10.0000,10.1342,10.1342,10.1404,0.2142,10.1971,10.1971,10.2042,0.2141
5.7650,10.0000,10.1330,10.1330,10.1391,0.2143,10.1957,10.1957,10.2028,0.2142
5.7660,10.0000,10.1317,10.1317,10.1379,0.2143,10.1943,10.1943,10.2013,0.2142
5.7670,10.0000,10.1304,10.1304,10.1367,0.2144,10.1928,10.1928,10.1999,0.2143
5.7680,10.0000,10.1292,10.1292,10.1354,0.2144,10.1914,10.1914,10.1985,0.2143
5.7690,10.0000,10.1279,10.1279,10.1342,0.2145,10.1899,10.1899,10.1971,0.2144
5.7700,10.0000,10.1266,10.1266,10.1329,0.2145,10.1884,10.1884,10.1956,0.2144
5.7710,10.0000,10.1253,10.1253,10.1317,0.2146,10.1870,10.1870,10.1942,0.2145
5.7720,10.0000,10.1241,10.1241,10.1304,0.2147,10.1855,10.1855,10.1928,0.2145
5.7730,10.0000,10.1228,10.1228,10.1291,0.2147,10.1840,10.1840,10.1913,0.2146
5.7740,10.0000,10.1215,10.1215,10.1279,0.2148,10.1826,10.1826,10.1899,0.2146
5.7750,10.0000,10.1202,10.1202,10.1266,0.2148,10.1811,10.1811,10.1884,0.2147
5.7760,10.0000,10.1189,10.1189,10.1253,0.2149,10.1796,10.1796,10.1869,0.2147
5.7770,10.0000,10.1176,10.1176,10.1240,0.2150,10.1781,10.1781,10.1855,0.2148
5.7780,10.0000,10.1163,10.1163,10.1227,0.2150,10.1766,10.1766,10.1840,0.2148
5.7790,10.0000,10.1150,10.1150,10.1215,0.2151,10.1751,10.1751,10.1825,0.2149
5.7800,10.0000,10.1137,10.1137,10.1202,0.2151,10.1736,10.1736,10.1810,0.2149
5.7810,10.0000,10.1124,10.1124,10.1189,0.2152,10.1721,10.1721,10.1795,0.2150
5.7820,10.0000,10.1111,10.1111,10.1176,0.2153,10.1706,10.1706,10.1780,0.2150
5.7830,10.0000,10.1097,10.1097,10.1163,0.2153,10.1690,10.1690,10.1765,0.2151
5.7840,10.0000,10.1084,10.1084,10.1150,0.2154,10.1675,10.1675,10.1750,0.2151
5.7850,10.0000,10.1071,10.1071,10.1137,0.2154,10.1660,10.1660,10.1735,0.2152
5.7860,10.0000,10.1058,10.1058,10.1123,0.2155,10.1644,10.1644,10.1720,0.2153
5.7870,10.0000,10.1044,10.1044,10.1110,0.2156,10.1629,10.1629,10.1705,0.2153
5.7880,10.0000,10.1031,10.1031,10.1097,0.2156,10.1614,10.1614,10.1690,0.2154
5.7890,10.0000,10.1018,10.1018,10.1084,0.2157,10.1598,10.1598,10.1675,0.2154
5.7900,10.0000,10.1004,10.1004,10.1071,0.2157,10.1583,10.1583,10.1659,0.2155
5.7910,10.0000,10.0991,10.0991,10.1057,0.2158,10.1567,10.1567,10.1644,0.2155
5.7920,10.0000,10.0977,10.0977,10.1044,0.2159,10.1552,10.1552,10.1629,0.2156
5.7930,10.0000,10.0964,10.0964,10.1031,0.2159,10.1536,10.1536,10.1613,0.2156
5.7940,10.0000,10.0950,10.0950,10.1017,0.2160,10.1520,10.1520,10.1598,0.2157
5.7950,10.0000,10.0937,10.0937,10.1004,0.2161,10.1505,10.1505,10.1582,0.2158
5.7960,10.0000,10.0923,10.0923,10.0990,0.2161,10.1489,10.1489,10.1567,0.2158
5.7970,10.0000,10.0909,10.0909,10.0977,0.2162,10.1473,10.1473,10.1551,0.2159
5.7980,10.0000,10.0896,10.0896,10.0963,0.2162,10.1457,10.1457,10.1536,0.2159
5.7990,10.0000,10.0882,10.0882,10.0950,0.2163,10.1441,10.1441,10.1520,0.2160
5.8000,10.0000,10.0868,10.0868,10.0936,0.2164,10.1425,10.1425,10.1504,0.2160
5.8010,10.0000,10.0855,10.0855,10.0923,0.2164,10.1409,10.1409,10.1488,0.2161
5.8020,10.0000,10.0841,10.0841,10.0909,0.2165,10.1394,10.1394,10.1473,0.2162
5.8030,10.0000,10.0827,10.0827,10.0895,0.2166,10.1378,10.1378,10.1457,0.2162
5.8040,10.0000,10.0813,10.0813,10.0882,0.2166,10.1361,10.1361,10.1441,0.2163
5.8050,10.0000,10.0799,10.0799,10.0868,0.2167,10.1345,10.1345,10.1425,0.2163
5.8060,10.0000,10.0785,10.0785,10.0854,0.2168,10.1329,10.1329,10.1409,0.2164
5.8070,10.0000,10.0771,10.0771,10.0840,0.2168,10.1313,10.1313,10.1393,0.2164
5.8080,10.0000,10.0758,10.0758,10.0827,0.2169,10.1297,10.1297,10.1377,0.2165
5.8090,10.0000,10.0744,10.0744,10.0813,0.2170,10.1281,10.1281,10.1361,0.2166
5.8100,10.0000,10.0730,10.0730,10.0799,0.2170,10.1264,10.1264,10.1345,0.2166
5.8110,10.0000,10.0716,10.0716,10.0785,0.2171,10.1248,10.1248,10.1329,0.2167
5.8120,10.0000,10.0701,10.0701,10.0771,0.2172,10.1232,10.1232,10.1313,0.2167
5.8130,10.0000,10.0687,10.0687,10.0757,0.2172,10.1216,10.1216,10.1297,0.2168
5.8140,10.0000,10.0673,10.0673,10.0743,0.2173,10.1199,10.1199,10.1280,0.2169
5.8150,10.0000,10.0659,10.0659,10.0729,0.2174,10.1183,10.1183,10.1264,0.2169
5.8160,10.0000,10.0645,10.0645,10.0715,0.2174,10.1166,10.1166,10.1248,0.2170
5.8170,10.0000,10.0631,10.0631,10.0701,0.2175,10.1150,10.1150,10.1232,0.2170
5.8180,10.0000,10.0617,10.0617,10.0687,0.2176,10.1133,10.1133,10.1215,0.2171
5.8190,10.0000,10.0602,10.0602,10.0673,0.2176,10.1117,10.1117,10.1199,0.2172
5.8200,10.0000,10.0588,10.0588,10.0659,0.2177,10.1100,10.1100,10.1182,0.2172
5.8210,10.0000,10.0574,10.0574,10.0645,0.2178,10.1084,10.1084,10.1166,0.2173
5.8220,10.0000,10.0560,10.0560,10.0631,0.2178,10.1067,10.1067,10.1149,0.2174
5.8230,10.0000,10.0545,10.0545,10.0616,0.2179,10.1050,10.1050,10.1133,0.2174
5.8240,10.0000,10.0531,10.0531,10.0602,0.2180,10.1034,10.1034,10.1116,0.2175
5.8250,10.0000,10.0517,10.0517,10.0588,0.2180,10.1017,10.1017,10.1100,0.2175
5.8260,10.0000,10.0502,10.0502,10.0574,0.2181,10.1000,10.1000,10.1083,0.2176
5.8270,10.0000,10.0488,10.0488,10.0559,0.2182,10.0983,10.0983,10.1067,0.2177
5.8280,10.0000,10.0473,10.0473,10.0545,0.2183,10.0967,10.0967,10.1050,0.2177
5.8290,10.0000,10.0459,10.0459,10.0531,0.2183,10.0950,10.0950,10.1033,0.2178
5.8300,10.0000,10.0445,10.0445,10.0516,0.2184,10.0933,10.0933,10.1017,0.2179
5.8310,10.0000,10.0430,10.0430,10.0502,0.2185,10.0916,10.0916,10.1000,0.2179
5.8320,10.0000,10.0416,10.0416,10.0488,0.2185,10.0899,10.0899,10.0983,0.2180
5.8330,10.0000,10.0401,10.0401,10.0473,0.2186,10.0882,10.0882,10.0966,0.2180
5.8340,10.0000,10.0387,10.0387,10.0459,0.2187,10.0865,10.0865,10.0950,0.2181
5.8350,10.0000,10.0372,10.0372,10.0444,0.2187,10.0848,10.0848,10.0933,0.2182
5.8360,10.0000,10.0357,10.0357,10.0430,0.2188,10.0831,10.0831,10.0916,0.2182
5.8370,10.0000,10.0343,10.0343,10.0415,0.2189,10.0814,10.0814,10.0899,0.2183
5.8380,10.0000,10.0328,10.0328,10.0401,0.2190,10.0797,10.0797,10.0882,0.2184
5.8390,10.0000,10.0314,10.0314,10.0386,0.2190,10.0780,10.0780,10.0865,0.2184
5.8400,10.0000,10.0299,10.0299,10.0372,0.2191,10.0763,10.0763,10.0848,0.2185
5.8410,10.0000,10.0284,10.0284,10.0357,0.2192,10.0746,10.0746,10.0831,0.2186
5.8420,10.0000,10.0270,10.0270,10.0343,0.2192,10.0729,10.0729,10.0814,0.2186
5.8430,10.0000,10.0255,10.0255,10.0328,0.2193,10.0712,10.0712,10.0797,0.2187
5.8440,10.0000,10.0240,10.0240,10.0313,0.2194,10.0695,10.0695,10.0780,0.2188
5.8450,10.0000,10.0226,10.0226,10.0299,0.2195,10.0677,10.0677,10.0763,0.2188
5.8460,10.0000,10.0211,10.0211,10.0284,0.2195,10.0660,10.0660,10.0746,0.2189
5.8470,10.0000,10.0196,10.0196,10.0269,0.2196,10.0643,10.0643,10.0729,0.2190
5.8480,10.0000,10.0181,10.0181,10.0255,0.2197,10.0626,10.0626,10.0712,0.2190
5.8490,10.0000,10.0167,10.0167,10.0240,0.2197,10.0609,10.0609,10.0694,0.2191
5.8500,10.0000,10.0152,10.0152,10.0225,0.2198,10.0591,10.0591,10.0677,0.2192
5.8510,10.0000,10.0137,10.0137,10.0211,0.2199,10.0574,10.0574,10.0660,0.2192
5.8520,10.0000,10.0122,10.0122,10.0196,0.2200,10.0557,10.0557,10.0643,0.2193
5.8530,10.0000,10.0107,10.0107,10.0181,0.2200,10.0539,10.0539,10.0626,0.2194
5.8540,10.0000,10.0092,10.0092,10.0166,0.2201,10.0522,10.0522,10.0608,0.2194
5.8550,10.0000,10.0078,10.0078,10.0152,0.2202,10.0505,10.0505,10.0591,0.2195
5.8560,10.0000,10.0063,10.0063,10.0137,0.2203,10.0487,10.0487,10.0574,0.2196
5.8570,10.0000,10.0048,10.0048,10.0122,0.2203,10.0470,10.0470,10.0557,0.2196
5.8580,10.0000,10.0033,10.0033,10.0107,0.2204,10.0453,10.0453,10.0539,0.2197
5.8590,10.0000,10.0018,10.0018,10.0092,0.2205,10.0435,10.0435,10.0522,0.2198
5.8600,10.0000,10.0003,10.0003,10.0077,0.2206,10.0418,10.0418,10.0505,0.2198
5.8610,10.0000,9.9988,9.9988,10.0063,0.2206,10.0400,10.0400,10.0487,0.2199
5.8620,10.0000,9.9973,9.9973,10.0048,0.2207,10.0383,10.0383,10.0470,0.2200
5.8630,10.0000,9.9958,9.9958,10.0033,0.2208,10.0366,10.0366,10.0453,0.2200
5.8640,10.0000,9.9944,9.9944,10.0018,0.2208,10.0348,10.0348,10.0435,0.2201
5.8650,10.0000,9.9929,9.9929,10.0003,0.2209,10.0331,10.0331,10.0418,0.2202
5.8660,10.0000,9.9914,9.9914,9.9988,0.2210,10.0313,10.0313,10.0400,0.2202
5.8670,10.0000,9.9899,9.9899,9.9973,0.2211,10.0296,10.0296,10.0383,0.2203
5.8680,10.0000,9.9884,9.9884,9.9958,0.2211,10.0278,10.0278,10.0365,0.2204
5.8690,10.0000,9.9869,9.9869,9.9943,0.2212,10.0261,10.0261,10.0348,0.2204
5.8700,10.0000,9.9854,9.9854,9.9929,0.2213,10.0243,10.0243,10.0331,0.2205
5.8710,10.0000,9.9839,9.9839,9.9914,0.2214,10.0226,10.0226,10.0313,0.2206
5.8720,10.0000,9.9824,9.9824,9.9899,0.2214,10.0208,10.0208,10.0296,0.2206
5.8730,10.0000,9.9809,9.9809,9.9884,0.2215,10.0191,10.0191,10.0278,0.2207
5.8740,10.0000,9.9794,9.9794,9.9869,0.2216,10.0173,10.0173,10.0261,0.2208
5.8750,10.0000,9.9779,9.9779,9.9854,0.2217,10.0155,10.0155,10.0243,0.2209
5.8760,10.0000,9.9764,9.9764,9.9839,0.2217,10.0138,10.0138,10.0226,0.2209
5.8770,10.0000,9.9749,9.9749,9.9824,0.2218,10.0120,10.0120,10.0208,0.2210
5.8780,10.0000,9.9734,9.9734,9.9809,0.2219,10.0103,10.0103,10.0190,0.2211
5.8790,10.0000,9.9719,9.9719,9.9794,0.2220,10.0085,10.0085,10.0173,0.2211
5.8800,10.0000,9.9704,9.9704,9.9779,0.2221,10.0068,10.0068,10.0155,0.2212
5.8810,10.0000,9.9689,9.9689,9.9764,0.2221,10.0050,10.0050,10.0138,0.2213
5.8820,10.0000,9.9674,9.9674,9.9749,0.2222,10.0033,10.0033,10.0120,0.2213
5.8830,10.0000,9.9659,9.9659,9.9734,0.2223,10.0015,10.0015,10.0103,0.2214
5.8840,10.0000,9.9644,9.9644,9.9719,0.2224,9.9997,9.9997,10.0085,0.2215
5.8850,10.0000,9.9629,9.9629,9.9704,0.2224,9.9980,9.9980,10.0068,0.2216
5.8860,10.0000,9.9614,9.9614,9.9689,0.2225,9.9962,9.9962,10.0050,0.2216
5.8870,10.0000,9.9599,9.9599,9.9674,0.2226,9.9945,9.9945,10.0033,0.2217
5.8880,10.0000,9.9584,9.9584,9.9659,0.2227,9.9927,9.9927,10.0015,0.2218
5.8890,10.0000,9.9569,9.9569,9.9644,0.2227,9.9910,9.9910,9.9997,0.2218
5.8900,10.0000,9.9554,9.9554,9.9629,0.2228,9.9892,9.9892,9.9980,0.2219
5.8910,10.0000,9.9539,9.9539,9.9614,0.2229,9.9874,9.9874,9.9962,0.2220
5.8920,10.0000,9.9524,9.9524,9.9599,0.2230,9.9857,9.9857,9.9945,0.2220
5.8930,10.0000,9.9509,9.9509,9.9584,0.2230,9.9839,9.9839,9.9927,0.2221
5.8940,10.0000,9.9494,9.9494,9.9569,0.2231,9.9822,9.9822,9.9910,0.2222
5.8950,10.0000,9.9479,9.9479,9.9554,0.2232,9.9804,9.9804,9.9892,0.2223
5.8960,10.0000,9.9464,9.9464,9.9539,0.2233,9.9787,9.9787,9.9874,0.2223
5.8970,10.0000,9.9449,9.9449,9.9524,0.2233,9.9769,9.9769,9.9857,0.2224
5.8980,10.0000,9.9434,9.9434,9.9509,0.2234,9.9752,9.9752,9.9839,0.2225
5.8990,10.0000,9.9419,9.9419,9.9494,0.2235,9.9734,9.9734,9.9822,0.2225
5.9000,10.0000,9.9404,9.9404,9.9479,0.2236,9.9717,9.9717,9.9804,0.2226
5.9010,10.0000,9.9390,9.9390,9.9464,0.2237,9.9699,9.9699,9.9787,0.2227
5.9020,10.0000,9.9375,9.9375,9.9449,0.2237,9.9681,9.9681,9.9769,0.2228
5.9030,10.0000,9.9360,9.9360,9.9434,0.2238,9.9664,9.9664,9.9752,0.2228
5.9040,10.0000,9.9345,9.9345,9.9419,0.2239,9.9646,9.9646,9.9734,0.2229
5.9050,10.0000,9.9330,9.9330,9.9405,0.2240,9.9629,9.9629,9.9717,0.2230
5.9060,10.0000,9.9315,9.9315,9.9390,0.2240,9.9612,9.9612,9.9699,0.2230
5.9070,10.0000,9.9300,9.9300,9.9375,0.2241,9.9594,9.9594,9.9682,0.2231
5.9080,10.0000,9.9285,9.9285,9.9360,0.2242,9.9577,9.9577,9.9664,0.2232
5.9090,10.0000,9.9271,9.9271,9.9345,0.2243,9.9559,9.9559,9.9647,0.2233
5.9100,10.0000,9.9256,9.9256,9.9330,0.2243,9.9542,9.9542,9.9629,0.2233
5.9110,10.0000,9.9241,9.9241,9.9315,0.2244,9.9524,9.9524,9.9612,0.2234
5.9120,10.0000,9.9226,9.9226,9.9300,0.2245,9.9507,9.9507,9.9594,0.2235
5.9130,10.0000,9.9211,9.9211,9.9285,0.2246,9.9490,9.9490,9.9577,0.2236
5.9140,10.0000,9.9197,9.9197,9.9271,0.2247,9.9472,9.9472,9.9559,0.2236
5.9150,10.0000,9.9182,9.9182,9.9256,0.2247,9.9455,9.9455,9.9542,0.2237
5.9160,10.0000,9.9167,9.9167,9.9241,0.2248,9.9437,9.9437,9.9524,0.2238
5.9170,10.0000,9.9152,9.9152,9.9226,0.2249,9.9420,9.9420,9.9507,0.2238
5.9180,10.0000,9.9138,9.9138,9.9211,0.2250,9.9403,9.9403,9.9490,0.2239
5.9190,10.0000,9.9123,9.9123,9.9197,0.2250,9.9386,9.9386,9.9472,0.2240
5.9200,10.0000,9.9108,9.9108,9.9182,0.2251,9.9368,9.9368,9.9455,0.2241
5.9210,10.0000,9.9094,9.9094,9.9167,0.2252,9.9351,9.9351,9.9438,0.2241
5.9220,10.0000,9.9079,9.9079,9.9152,0.2253,9.9334,9.9334,9.9420,0.2242
5.9230,10.0000,9.9064,9.9064,9.9138,0.2253,9.9317,9.9317,9.9403,0.2243
5.9240,10.0000,9.9050,9.9050,9.9123,0.2254,9.9299,9.9299,9.9386,0.2243
5.9250,10.0000,9.9035,9.9035,9.9108,0.2255,9.9282,9.9282,9.9368,0.2244
5.9260,10.0000,9.9021,9.9021,9.9094,0.2256,9.9265,9.9265,9.9351,0.2245
5.9270,10.0000,9.9006,9.9006,9.9079,0.2257,9.9248,9.9248,9.9334,0.2246
5.9280,10.0000,9.8991,9.8991,9.9064,0.2257,9.9231,9.9231,9.9317,0.2246
5.9290,10.0000,9.8977,9.8977,9.9050,0.2258,9.9214,9.9214,9.9300,0.2247
5.9300,10.0000,9.8962,9.8962,9.9035,0.2259,9.9197,9.9197,9.9282,0.2248
5.9310,10.0000,9.8948,9.8948,9.9021,0.2260,9.9180,9.9180,9.9265,0.2248
5.9320,10.0000,9.8934,9.8934,9.9006,0.2260,9.9163,9.9163,9.9248,0.2249
5.9330,10.0000,9.8919,9.8919,9.8992,0.2261,9.9146,9.9146,9.9231,0.2250
5.9340,10.0000,9.8905,9.8905,9.8977,0.2262,9.9129,9.9129,9.9214,0.2251
5.9350,10.0000,9.8890,9.8890,9.8963,0.2263,9.9112,9.9112,9.9197,0.2251
5.9360,10.0000,9.8876,9.8876,9.8948,0.2263,9.9095,9.9095,9.9180,0.2252
5.9370,10.0000,9.8862,9.8862,9.8934,0.2264,9.9078,9.9078,9.9163,0.2253
5.9380,10.0000,9.8848,9.8848,9.8919,0.2265,9.9061,9.9061,9.9146,0.2253
5.9390,10.0000,9.8833,9.8833,9.8905,0.2266,9.9044,9.9044,9.9129,0.2254
5.9400,10.0000,9.8819,9.8819,9.8891,0.2266,9.9027,9.9027,9.9112,0.2255
5.9410,10.0000,9.8805,9.8805,9.8876,0.2267,9.9010,9.9010,9.9095,0.2256
5.9420,10.0000,9.8791,9.8791,9.8862,0.2268,9.8994,9.8994,9.9078,0.2256
5.9430,10.0000,9.8777,9.8777,9.8848,0.2269,9.8977,9.8977,9.9061,0.2257
5.9440,10.0000,9.8762,9.8762,9.8834,0.2269,9.8960,9.8960,9.9044,0.2258
5.9450,10.0000,9.8748,9.8748,9.8819,0.2270,9.8944,9.8944,9.9028,0.2259
5.9460,10.0000,9.8734,9.8734,9.8805,0.2271,9.8927,9.8927,9.9011,0.2259
5.9470,10.0000,9.8720,9.8720,9.8791,0.2272,9.8910,9.8910,9.8994,0.2260
5.9480,10.0000,9.8706,7.5578,9.8777,0.2272,9.8894,9.8894,9.8977,0.2261
5.9490,10.0000,9.8693,7.5573,9.4137,0.2505,9.8877,7.5701,9.8961,0.2261
5.9500,10.0000,9.8681,7.5575,9.0424,0.2690,9.8861,7.5695,9.4309,0.2449
5.9510,10.0000,9.8672,7.5583,8.7454,0.2839,9.8847,7.5694,9.0586,0.2599
5.9520,10.0000,9.8664,7.5597,8.5080,0.2959,9.8834,7.5698,8.7607,0.2719
5.9530,10.0000,9.8660,7.5617,8.3184,0.3054,9.8823,7.5708,8.5226,0.2816
5.9540,10.0000,9.8658,7.5641,8.1670,0.3130,9.8813,7.5723,8.3322,0.2893
5.9550,10.0000,9.8659,7.5671,8.0464,0.3191,9.8807,7.5742,8.1802,0.2955
5.9560,10.0000,9.8663,7.5707,7.9506,0.3240,9.8802,7.5766,8.0590,0.3005
5.9570,10.0000,9.8670,7.5747,7.8746,0.3279,9.8800,7.5795,7.9625,0.3044
5.9580,10.0000,9.8680,7.5792,7.8146,0.3310,9.8801,7.5829,7.8859,0.3076
5.9590,10.0000,9.8694,7.5843,7.7675,0.3334,9.8804,7.5867,7.8253,0.3101
5.9600,10.0000,9.8710,7.5898,7.7309,0.3353,9.8810,7.5910,7.7776,0.3121
5.9610,10.0000,9.8730,7.5959,7.7027,0.3368,9.8819,7.5957,7.7403,0.3137
5.9620,10.0000,9.8753,7.6024,7.6813,0.3380,9.8829,7.6009,7.7114,0.3150
5.9630,10.0000,9.8779,7.6095,7.6655,0.3388,9.8843,7.6065,7.6893,0.3160
5.9640,10.0000,9.8808,7.6170,7.6543,0.3395,9.8859,7.6126,7.6727,0.3167
5.9650,10.0000,9.8841,7.6250,7.6469,0.3400,9.8877,7.6191,7.6607,0.3173
5.9660,10.0000,9.8876,7.6336,7.6425,0.3403,9.8898,7.6261,7.6524,0.3177
5.9670,10.0000,9.8913,7.6426,7.6407,0.3404,9.8922,7.6336,7.6471,0.3180
5.9680,10.0000,9.8954,7.6521,7.6411,0.3405,9.8947,7.6414,7.6444,0.3182
5.9690,10.0000,9.8998,7.6621,7.6433,0.3405,9.8975,7.6498,7.6438,0.3184
5.9700,10.0000,9.9044,7.6726,7.6470,0.3404,9.9005,7.6585,7.6450,0.3184
5.9710,10.0000,9.9092,7.6836,7.6521,0.3402,9.9037,7.6678,7.6477,0.3184
5.9720,10.0000,9.9143,7.6950,7.6584,0.3400,9.9072,7.6774,7.6517,0.3183
5.9730,10.0000,9.9197,7.7070,7.6657,0.3397,9.9108,7.6875,7.6569,0.3182
5.9740,10.0000,9.9253,7.7194,7.6740,0.3394,9.9147,7.6981,7.6630,0.3181
5.9750,10.0000,9.9311,7.7324,7.6831,0.3390,9.9187,7.7091,7.6700,0.3179
5.9760,10.0000,9.9372,7.7458,7.6929,0.3386,9.9229,7.7205,7.6778,0.3176
5.9770,10.0000,9.9434,7.7597,7.7035,0.3382,9.9274,7.7324,7.6864,0.3174
5.9780,10.0000,9.9499,7.7741,7.7147,0.3377,9.9319,7.7447,7.6956,0.3171
5.9790,10.0000,9.9566,7.7889,7.7266,0.3372,9.9367,7.7575,7.7054,0.3168
5.9800,10.0000,9.9634,7.8043,7.7391,0.3367,9.9416,7.7707,7.7158,0.3165
5.9810,10.0000,9.9705,7.8201,7.7521,0.3361,9.9467,7.7843,7.7268,0.3161
5.9820,10.0000,9.9777,7.8364,7.7657,0.3355,9.9520,7.7983,7.7383,0.3157
5.9830,10.0000,9.9852,7.8531,7.7798,0.3349,9.9574,7.8128,7.7503,0.3153
5.9840,10.0000,9.9927,7.8704,7.7945,0.3343,9.9629,7.8277,7.7628,0.3149
5.9850,10.0000,10.0005,7.8880,7.8097,0.3336,9.9686,7.8430,7.7758,0.3145
5.9860,10.0000,10.0084,7.9062,7.8253,0.3329,9.9744,7.8588,7.7892,0.3140
5.9870,10.0000,10.0164,7.9248,7.8415,0.3322,9.9804,7.8749,7.8031,0.3136
5.9880,10.0000,10.0246,7.9438,7.8582,0.3314,9.9865,7.8915,7.8175,0.3131
5.9890,10.0000,10.0329,7.9633,7.8753,0.3306,9.9927,7.9085,7.8323,0.3126
5.9900,10.0000,10.0413,7.9833,7.8929,0.3298,9.9990,7.9258,7.8475,0.3120
5.9910,10.0000,10.0499,8.0037,7.9110,0.3290,10.0054,7.9436,7.8632,0.3115
5.9920,10.0000,10.0586,8.0245,7.9295,0.3282,10.0119,7.9618,7.8793,0.3109
5.9930,10.0000,10.0673,8.0457,7.9485,0.3273,10.0185,7.9804,7.8958,0.3103
5.9940,10.0000,10.0762,8.0674,7.9679,0.3264,10.0252,7.9994,7.9127,0.3097
5.9950,10.0000,10.0852,8.0895,7.9878,0.3255,10.0320,8.0187,7.9300,0.3091
5.9960,10.0000,10.0943,8.1120,8.0082,0.3245,10.0389,8.0385,7.9478,0.3085
5.9970,10.0000,10.1034,8.1349,8.0289,0.3236,10.0459,8.0586,7.9659,0.3078
5.9980,10.0000,10.1126,8.1582,8.0501,0.3226,10.0529,8.0791,7.9845,0.3072
5.9990,10.0000,10.1219,8.1819,8.0717,0.3216,10.0600,8.0999,8.0034,0.3065
