time_s,target_bar,pi_ff_real_bar,pi_ff_measured_bar,pi_ff_filtered_bar,pi_ff_flow_lmin,pi_rbf_real_bar,pi_rbf_measured_bar,pi_rbf_filtered_bar,pi_rbf_flow_lmin
0.0010,0.0000,0.0000,0.0000,0.0000,0.0000,0.0000,0.0000,0.0000,0.0000
0.0020,0.0000,0.0000,0.0000,0.0000,0.0000,0.0000,0.0000,0.0000,0.0000
0.0030,0.0000,0.0000,0.0000,0.0000,0.0000,0.0000,0.0000,0.0000,0.0000
0.0040,0.0000,0.0000,0.0000,0.0000,0.0000,0.0000,0.0000,0.0000,0.0000
0.0050,0.0000,0.0000,0.0000,0.0000,0.0000,0.0000,0.0000,0.0000,0.0000
0.0060,0.0000,0.0000,0.0000,0.0000,0.0000,0.0000,0.0000,0.0000,0.0000
0.0070,0.0000,0.0000,0.0000,0.0000,0.0000,0.0000,0.0000,0.0000,0.0000
0.0080,0.0000,0.0000,0.0000,0.0000,0.0000,0.0000,0.0000,0.0000,0.0000
0.0090,0.0000,0.0000,0.0000,0.0000,0.0000,0.0000,0.0000,0.0000,0.0000
0.0100,0.0000,0.0000,0.0000,0.0000,0.0000,0.0000,0.0000,0.0000,0.0000
0.0110,0.0000,0.0000,0.0000,0.0000,0.0000,0.0000,0.0000,0.0000,0.0000
0.0120,0.0000,0.0000,0.0000,0.0000,0.0000,0.0000,0.0000,0.0000,0.0000
0.0130,0.0000,0.0000,0.0000,0.0000,0.0000,0.0000,0.0000,0.0000,0.0000
0.0140,0.0000,0.0000,0.0000,0.0000,0.0000,0.0000,0.0000,0.0000,0.0000
0.0150,0.0000,0.0000,0.0000,0.0000,0.0000,0.0000,0.0000,0.0000,0.0000
0.0160,0.0000,0.0000,0.0000,0.0000,0.0000,0.0000,0.0000,0.0000,0.0000
0.0170,0.0000,0.0000,0.0000,0.0000,0.0000,0.0000,0.0000,0.0000,0.0000
0.0180,0.0000,0.0000,0.0000,0.0000,0.0000,0.0000,0.0000,0.0000,0.0000
0.0190,0.0000,0.0000,0.0000,0.0000,0.0000,0.0000,0.0000,0.0000,0.0000
0.0200,0.0000,0.0000,0.0000,0.0000,0.0000,0.0000,0.0000,0.0000,0.0000
0.0210,0.0000,0.0000,0.0000,0.0000,0.0000,0.0000,0.0000,0.0000,0.0000
0.0220,0.0000,0.0000,0.0000,0.0000,0.0000,0.0000,0.0000,0.0000,0.0000
0.0230,0.0000,0.0000,0.0000,0.0000,0.0000,0.0000,0.0000,0.0000,0.0000
0.0240,0.0000,0.0000,0.0000,0.0000,0.0000,0.0000,0.0000,0.0000,0.0000
0.0250,0.0000,0.0000,0.0000,0.0000,0.0000,0.0000,0.0000,0.0000,0.0000
0.0260,0.0000,0.0000,0.0000,0.0000,0.0000,0.0000,0.0000,0.0000,0.0000
0.0270,0.0000,0.0000,0.0000,0.0000,0.0000,0.0000,0.0000,0.0000,0.0000
0.0280,0.0000,0.0000,0.0000,0.0000,0.0000,0.0000,0.0000,0.0000,0.0000
0.0290,0.0000,0.0000,0.0000,0.0000,0.0000,0.0000,0.0000,0.0000,0.0000
0.0300,0.0000,0.0000,0.0000,0.0000,0.0000,0.0000,0.0000,0.0000,0.0000
0.0310,0.0000,0.0000,0.0000,0.0000,0.0000,0.0000,0.0000,0.0000,0.0000
0.0320,0.0000,0.0000,0.0000,0.0000,0.0000,0.0000,0.0000,0.0000,0.0000
0.0330,0.0000,0.0000,0.0000,0.0000,0.0000,0.0000,0.0000,0.0000,0.0000
0.0340,0.0000,0.0000,0.0000,0.0000,0.0000,0.0000,0.0000,0.0000,0.0000
0.0350,0.0000,0.0000,0.0000,0.0000,0.0000,0.0000,0.0000,0.0000,0.0000
0.0360,0.0000,0.0000,0.0000,0.0000,0.0000,0.0000,0.0000,0.0000,0.0000
0.0370,0.0000,0.0000,0.0000,0.0000,0.0000,0.0000,0.0000,0.0000,0.0000
0.0380,0.0000,0.0000,0.0000,0.0000,0.0000,0.0000,0.0000,0.0000,0.0000
0.0390,0.0000,0.0000,0.0000,0.0000,0.0000,0.0000,0.0000,0.0000,0.0000
0.0400,0.0000,0.0000,0.0000,0.0000,0.0000,0.0000,0.0000,0.0000,0.0000
0.0410,0.0000,0.0000,0.0000,0.0000,0.0000,0.0000,0.0000,0.0000,0.0000
0.0420,0.0000,0.0000,0.0000,0.0000,0.0000,0.0000,0.0000,0.0000,0.0000
0.0430,0.0000,0.0000,0.0000,0.0000,0.0000,0.0000,0.0000,0.0000,0.0000
0.0440,0.0000,0.0000,0.0000,0.0000,0.0000,0.0000,0.0000,0.0000,0.0000
0.0450,0.0000,0.0000,0.0000,0.0000,0.0000,0.0000,0.0000,0.0000,0.0000
0.0460,0.0000,0.0000,0.0000,0.0000,0.0000,0.0000,0.0000,0.0000,0.0000
0.0470,0.0000,0.0000,0.0000,0.0000,0.0000,0.0000,0.0000,0.0000,0.0000
0.0480,0.0000,0.0000,0.0000,0.0000,0.0000,0.0000,0.0000,0.0000,0.0000
0.0490,0.0000,0.0000,0.0000,0.0000,0.0000,0.0000,0.0000,0.0000,0.0000
0.0500,0.0000,0.0000,0.0000,0.0000,0.0000,0.0000,0.0000,0.0000,0.0000
0.0510,0.0000,0.0000,0.0000,0.0000,0.0000,0.0000,0.0000,0.0000,0.0000
0.0520,0.0000,0.0000,0.0000,0.0000,0.0000,0.0000,0.0000,0.0000,0.0000
0.0530,0.0000,0.0000,0.0000,0.0000,0.0000,0.0000,0.0000,0.0000,0.0000
0.0540,0.0000,0.0000,0.0000,0.0000,0.0000,0.0000,0.0000,0.0000,0.0000
0.0550,0.0000,0.0000,0.0000,0.0000,0.0000,0.0000,0.0000,0.0000,0.0000
0.0560,0.0000,0.0000,0.0000,0.0000,0.0000,0.0000,0.0000,0.0000,0.0000
0.0570,0.0000,0.0000,0.0000,0.0000,0.0000,0.0000,0.0000,0.0000,0.0000
0.0580,0.0000,0.0000,0.0000,0.0000,0.0000,0.0000,0.0000,0.0000,0.0000
0.0590,0.0000,0.0000,0.0000,0.0000,0.0000,0.0000,0.0000,0.0000,0.0000
0.0600,0.0000,0.0000,0.0000,0.0000,0.0000,0.0000,0.0000,0.0000,0.0000
0.0610,0.0000,0.0000,0.0000,0.0000,0.0000,0.0000,0.0000,0.0000,0.0000
0.0620,0.0000,0.0000,0.0000,0.0000,0.0000,0.0000,0.0000,0.0000,0.0000
0.0630,0.0000,0.0000,0.0000,0.0000,0.0000,0.0000,0.0000,0.0000,0.0000
0.0640,0.0000,0.0000,0.0000,0.0000,0.0000,0.0000,0.0000,0.0000,0.0000
0.0650,0.0000,0.0000,0.0000,0.0000,0.0000,0.0000,0.0000,0.0000,0.0000
0.0660,0.0000,0.0000,0.0000,0.0000,0.0000,0.0000,0.0000,0.0000,0.0000
0.0670,0.0000,0.0000,0.0000,0.0000,0.0000,0.0000,0.0000,0.0000,0.0000
0.0680,0.0000,0.0000,0.0000,0.0000,0.0000,0.0000,0.0000,0.0000,0.0000
0.0690,0.0000,0.0000,0.0000,0.0000,0.0000,0.0000,0.0000,0.0000,0.0000
0.0700,0.0000,0.0000,0.0000,0.0000,0.0000,0.0000,0.0000,0.0000,0.0000
0.0710,0.0000,0.0000,0.0000,0.0000,0.0000,0.0000,0.0000,0.0000,0.0000
0.0720,0.0000,0.0000,0.0000,0.0000,0.0000,0.0000,0.0000,0.0000,0.0000
0.0730,0.0000,0.0000,0.0000,0.0000,0.0000,0.0000,0.0000,0.0000,0.0000
0.0740,0.0000,0.0000,0.0000,0.0000,0.0000,0.0000,0.0000,0.0000,0.0000
0.0750,0.0000,0.0000,0.0000,0.0000,0.0000,0.0000,0.0000,0.0000,0.0000
0.0760,0.0000,0.0000,0.0000,0.0000,0.0000,0.0000,0.0000,0.0000,0.0000
0.0770,0.0000,0.0000,0.0000,0.0000,0.0000,0.0000,0.0000,0.0000,0.0000
0.0780,0.0000,0.0000,0.0000,0.0000,0.0000,0.0000,0.0000,0.0000,0.0000
0.0790,0.0000,0.0000,0.0000,0.0000,0.0000,0.0000,0.0000,0.0000,0.0000
0.0800,0.0000,0.0000,0.0000,0.0000,0.0000,0.0000,0.0000,0.0000,0.0000
0.0810,0.0000,0.0000,0.0000,0.0000,0.0000,0.0000,0.0000,0.0000,0.0000
0.0820,0.0000,0.0000,0.0000,0.0000,0.0000,0.0000,0.0000,0.0000,0.0000
0.0830,0.0000,0.0000,0.0000,0.0000,0.0000,0.0000,0.0000,0.0000,0.0000
0.0840,0.0000,0.0000,0.0000,0.0000,0.0000,0.0000,0.0000,0.0000,0.0000
0.0850,0.0000,0.0000,0.0000,0.0000,0.0000,0.0000,0.0000,0.0000,0.0000
0.0860,0.0000,0.0000,0.0000,0.0000,0.0000,0.0000,0.0000,0.0000,0.0000
0.0870,0.0000,0.0000,0.0000,0.0000,0.0000,0.0000,0.0000,0.0000,0.0000
0.0880,0.0000,0.0000,0.0000,0.0000,0.0000,0.0000,0.0000,0.0000,0.0000
0.0890,0.0000,0.0000,0.0000,0.0000,0.0000,0.0000,0.0000,0.0000,0.0000
0.0900,0.0000,0.0000,0.0000,0.0000,0.0000,0.0000,0.0000,0.0000,0.0000
0.0910,0.0000,0.0000,0.0000,0.0000,0.0000,0.0000,0.0000,0.0000,0.0000
0.0920,0.0000,0.0000,0.0000,0.0000,0.0000,0.0000,0.0000,0.0000,0.0000
0.0930,0.0000,0.0000,0.0000,0.0000,0.0000,0.0000,0.0000,0.0000,0.0000
0.0940,0.0000,0.0000,0.0000,0.0000,0.0000,0.0000,0.0000,0.0000,0.0000
0.0950,0.0000,0.0000,0.0000,0.0000,0.0000,0.0000,0.0000,0.0000,0.0000
0.0960,0.0000,0.0000,0.0000,0.0000,0.0000,0.0000,0.0000,0.0000,0.0000
0.0970,0.0000,0.0000,0.0000,0.0000,0.0000,0.0000,0.0000,0.0000,0.0000
0.0980,0.0000,0.0000,0.0000,0.0000,0.0000,0.0000,0.0000,0.0000,0.0000
0.0990,0.0000,0.0000,0.0000,0.0000,0.0000,0.0000,0.0000,0.0000,0.0000
0.1000,0.0000,0.0000,0.0000,0.0000,0.0000,0.0000,0.0000,0.0000,0.0000
0.1010,0.0000,0.0000,0.0000,0.0000,0.0000,0.0000,0.0000,0.0000,0.0000
0.1020,0.0000,0.0000,0.0000,0.0000,0.0000,0.0000,0.0000,0.0000,0.0000
0.1030,0.0000,0.0000,0.0000,0.0000,0.0000,0.0000,0.0000,0.0000,0.0000
0.1040,0.0000,0.0000,0.0000,0.0000,0.0000,0.0000,0.0000,0.0000,0.0000
0.1050,0.0000,0.0000,0.0000,0.0000,0.0000,0.0000,0.0000,0.0000,0.0000
0.1060,0.0000,0.0000,0.0000,0.0000,0.0000,0.0000,0.0000,0.0000,0.0000
0.1070,0.0000,0.0000,0.0000,0.0000,0.0000,0.0000,0.0000,0.0000,0.0000
0.1080,0.0000,0.0000,0.0000,0.0000,0.0000,0.0000,0.0000,0.0000,0.0000
0.1090,0.0000,0.0000,0.0000,0.0000,0.0000,0.0000,0.0000,0.0000,0.0000
0.1100,0.0000,0.0000,0.0000,0.0000,0.0000,0.0000,0.0000,0.0000,0.0000
0.1110,0.0000,0.0000,0.0000,0.0000,0.0000,0.0000,0.0000,0.0000,0.0000
0.1120,0.0000,0.0000,0.0000,0.0000,0.0000,0.0000,0.0000,0.0000,0.0000
0.1130,0.0000,0.0000,0.0000,0.0000,0.0000,0.0000,0.0000,0.0000,0.0000
0.1140,0.0000,0.0000,0.0000,0.0000,0.0000,0.0000,0.0000,0.0000,0.0000
0.1150,0.0000,0.0000,0.0000,0.0000,0.0000,0.0000,0.0000,0.0000,0.0000
0.1160,0.0000,0.0000,0.0000,0.0000,0.0000,0.0000,0.0000,0.0000,0.0000
0.1170,0.0000,0.0000,0.0000,0.0000,0.0000,0.0000,0.0000,0.0000,0.0000
0.1180,0.0000,0.0000,0.0000,0.0000,0.0000,0.0000,0.0000,0.0000,0.0000
0.1190,0.0000,0.0000,0.0000,0.0000,0.0000,0.0000,0.0000,0.0000,0.0000
0.1200,0.0000,0.0000,0.0000,0.0000,0.0000,0.0000,0.0000,0.0000,0.0000
0.1210,0.0000,0.0000,0.0000,0.0000,0.0000,0.0000,0.0000,0.0000,0.0000
0.1220,0.0000,0.0000,0.0000,0.0000,0.0000,0.0000,0.0000,0.0000,0.0000
0.1230,0.0000,0.0000,0.0000,0.0000,0.0000,0.0000,0.0000,0.0000,0.0000
0.1240,0.0000,0.0000,0.0000,0.0000,0.0000,0.0000,0.0000,0.0000,0.0000
0.1250,0.0000,0.0000,0.0000,0.0000,0.0000,0.0000,0.0000,0.0000,0.0000
0.1260,0.0000,0.0000,0.0000,0.0000,0.0000,0.0000,0.0000,0.0000,0.0000
0.1270,0.0000,0.0000,0.0000,0.0000,0.0000,0.0000,0.0000,0.0000,0.0000
0.1280,0.0000,0.0000,0.0000,0.0000,0.0000,0.0000,0.0000,0.0000,0.0000
0.1290,0.0000,0.0000,0.0000,0.0000,0.0000,0.0000,0.0000,0.0000,0.0000
0.1300,0.0000,0.0000,0.0000,0.0000,0.0000,0.0000,0.0000,0.0000,0.0000
0.1310,0.0000,0.0000,0.0000,0.0000,0.0000,0.0000,0.0000,0.0000,0.0000
0.1320,0.0000,0.0000,0.0000,0.0000,0.0000,0.0000,0.0000,0.0000,0.0000
0.1330,0.0000,0.0000,0.0000,0.0000,0.0000,0.0000,0.0000,0.0000,0.0000
0.1340,0.0000,0.0000,0.0000,0.0000,0.0000,0.0000,0.0000,0.0000,0.0000
0.1350,0.0000,0.0000,0.0000,0.0000,0.0000,0.0000,0.0000,0.0000,0.0000
0.1360,0.0000,0.0000,0.0000,0.0000,0.0000,0.0000,0.0000,0.0000,0.0000
0.1370,0.0000,0.0000,0.0000,0.0000,0.0000,0.0000,0.0000,0.0000,0.0000
0.1380,0.0000,0.0000,0.0000,0.0000,0.0000,0.0000,0.0000,0.0000,0.0000
0.1390,0.0000,0.0000,0.0000,0.0000,0.0000,0.0000,0.0000,0.0000,0.0000
0.1400,0.0000,0.0000,0.0000,0.0000,0.0000,0.0000,0.0000,0.0000,0.0000
0.1410,0.0000,0.0000,0.0000,0.0000,0.0000,0.0000,0.0000,0.0000,0.0000
0.1420,0.0000,0.0000,0.0000,0.0000,0.0000,0.0000,0.0000,0.0000,0.0000
0.1430,0.0000,0.0000,0.0000,0.0000,0.0000,0.0000,0.0000,0.0000,0.0000
0.1440,0.0000,0.0000,0.0000,0.0000,0.0000,0.0000,0.0000,0.0000,0.0000
0.1450,0.0000,0.0000,0.0000,0.0000,0.0000,0.0000,0.0000,0.0000,0.0000
0.1460,0.0000,0.0000,0.0000,0.0000,0.0000,0.0000,0.0000,0.0000,0.0000
0.1470,0.0000,0.0000,0.0000,0.0000,0.0000,0.0000,0.0000,0.0000,0.0000
0.1480,0.0000,0.0000,0.0000,0.0000,0.0000,0.0000,0.0000,0.0000,0.0000
0.1490,0.0000,0.0000,0.0000,0.0000,0.0000,0.0000,0.0000,0.0000,0.0000
0.1500,0.0000,0.0000,0.0000,0.0000,0.0000,0.0000,0.0000,0.0000,0.0000
0.1510,0.0000,0.0000,0.0000,0.0000,0.0000,0.0000,0.0000,0.0000,0.0000
0.1520,0.0000,0.0000,0.0000,0.0000,0.0000,0.0000,0.0000,0.0000,0.0000
0.1530,0.0000,0.0000,0.0000,0.0000,0.0000,0.0000,0.0000,0.0000,0.0000
0.1540,0.0000,0.0000,0.0000,0.0000,0.0000,0.0000,0.0000,0.0000,0.0000
0.1550,0.0000,0.0000,0.0000,0.0000,0.0000,0.0000,0.0000,0.0000,0.0000
0.1560,0.0000,0.0000,0.0000,0.0000,0.0000,0.0000,0.0000,0.0000,0.0000
0.1570,0.0000,0.0000,0.0000,0.0000,0.0000,0.0000,0.0000,0.0000,0.0000
0.1580,0.0000,0.0000,0.0000,0.0000,0.0000,0.0000,0.0000,0.0000,0.0000
0.1590,0.0000,0.0000,0.0000,0.0000,0.0000,0.0000,0.0000,0.0000,0.0000
0.1600,0.0000,0.0000,0.0000,0.0000,0.0000,0.0000,0.0000,0.0000,0.0000
0.1610,0.0000,0.0000,0.0000,0.0000,0.0000,0.0000,0.0000,0.0000,0.0000
0.1620,0.0000,0.0000,0.0000,0.0000,0.0000,0.0000,0.0000,0.0000,0.0000
0.1630,0.0000,0.0000,0.0000,0.0000,0.0000,0.0000,0.0000,0.0000,0.0000
0.1640,0.0000,0.0000,0.0000,0.0000,0.0000,0.0000,0.0000,0.0000,0.0000
0.1650,0.0000,0.0000,0.0000,0.0000,0.0000,0.0000,0.0000,0.0000,0.0000
0.1660,0.0000,0.0000,0.0000,0.0000,0.0000,0.0000,0.0000,0.0000,0.0000
0.1670,0.0000,0.0000,0.0000,0.0000,0.0000,0.0000,0.0000,0.0000,0.0000
0.1680,0.0000,0.0000,0.0000,0.0000,0.0000,0.0000,0.0000,0.0000,0.0000
0.1690,0.0000,0.0000,0.0000,0.0000,0.0000,0.0000,0.0000,0.0000,0.0000
0.1700,0.0000,0.0000,0.0000,0.0000,0.0000,0.0000,0.0000,0.0000,0.0000
0.1710,0.0000,0.0000,0.0000,0.0000,0.0000,0.0000,0.0000,0.0000,0.0000
0.1720,0.0000,0.0000,0.0000,0.0000,0.0000,0.0000,0.0000,0.0000,0.0000
0.1730,0.0000,0.0000,0.0000,0.0000,0.0000,0.0000,0.0000,0.0000,0.0000
0.1740,0.0000,0.0000,0.0000,0.0000,0.0000,0.0000,0.0000,0.0000,0.0000
0.1750,0.0000,0.0000,0.0000,0.0000,0.0000,0.0000,0.0000,0.0000,0.0000
0.1760,0.0000,0.0000,0.0000,0.0000,0.0000,0.0000,0.0000,0.0000,0.0000
0.1770,0.0000,0.0000,0.0000,0.0000,0.0000,0.0000,0.0000,0.0000,0.0000
0.1780,0.0000,0.0000,0.0000,0.0000,0.0000,0.0000,0.0000,0.0000,0.0000
0.1790,0.0000,0.0000,0.0000,0.0000,0.0000,0.0000,0.0000,0.0000,0.0000
0.1800,0.0000,0.0000,0.0000,0.0000,0.0000,0.0000,0.0000,0.0000,0.0000
0.1810,0.0000,0.0000,0.0000,0.0000,0.0000,0.0000,0.0000,0.0000,0.0000
0.1820,0.0000,0.0000,0.0000,0.0000,0.0000,0.0000,0.0000,0.0000,0.0000
0.1830,0.0000,0.0000,0.0000,0.0000,0.0000,0.0000,0.0000,0.0000,0.0000
0.1840,0.0000,0.0000,0.0000,0.0000,0.0000,0.0000,0.0000,0.0000,0.0000
0.1850,0.0000,0.0000,0.0000,0.0000,0.0000,0.0000,0.0000,0.0000,0.0000
0.1860,0.0000,0.0000,0.0000,0.0000,0.0000,0.0000,0.0000,0.0000,0.0000
0.1870,0.0000,0.0000,0.0000,0.0000,0.0000,0.0000,0.0000,0.0000,0.0000
0.1880,0.0000,0.0000,0.0000,0.0000,0.0000,0.0000,0.0000,0.0000,0.0000
0.1890,0.0000,0.0000,0.0000,0.0000,0.0000,0.0000,0.0000,0.0000,0.0000
0.1900,0.0000,0.0000,0.0000,0.0000,0.0000,0.0000,0.0000,0.0000,0.0000
0.1910,0.0000,0.0000,0.0000,0.0000,0.0000,0.0000,0.0000,0.0000,0.0000
0.1920,0.0000,0.0000,0.0000,0.0000,0.0000,0.0000,0.0000,0.0000,0.0000
0.1930,0.0000,0.0000,0.0000,0.0000,0.0000,0.0000,0.0000,0.0000,0.0000
0.1940,0.0000,0.0000,0.0000,0.0000,0.0000,0.0000,0.0000,0.0000,0.0000
0.1950,0.0000,0.0000,0.0000,0.0000,0.0000,0.0000,0.0000,0.0000,0.0000
0.1960,0.0000,0.0000,0.0000,0.0000,0.0000,0.0000,0.0000,0.0000,0.0000
0.1970,0.0000,0.0000,0.0000,0.0000,0.0000,0.0000,0.0000,0.0000,0.0000
0.1980,0.0000,0.0000,0.0000,0.0000,0.0000,0.0000,0.0000,0.0000,0.0000
0.1990,0.0000,0.0000,0.0000,0.0000,0.0000,0.0000,0.0000,0.0000,0.0000
0.2000,100.0000,0.0228,0.0228,0.0000,6.6672,0.0263,0.0263,0.0000,7.6673
0.2010,100.0000,0.0688,0.0688,0.0046,6.6674,0.0795,0.0795,0.0053,7.6673
0.2020,100.0000,0.1383,0.1383,0.0174,6.6673,0.1600,0.1600,0.0201,7.6662
0.2030,100.0000,0.2316,0.2316,0.0416,6.6666,0.2685,0.2685,0.0481,7.6635
0.2040,100.0000,0.3491,0.3491,0.0796,6.6652,0.4055,0.4055,0.0922,7.6591
0.2050,100.0000,0.4913,0.4913,0.1335,6.6630,0.5716,0.5716,0.1548,7.6525
0.2060,100.0000,0.6584,0.6584,0.2051,6.6599,0.7676,0.7676,0.2382,7.6436
0.2070,100.0000,0.8510,0.8510,0.2957,6.6559,0.9941,0.9941,0.3441,7.6321
0.2080,100.0000,1.0696,1.0696,0.4068,6.6508,1.2512,1.2512,0.4741,7.6179
0.2090,100.0000,1.3144,1.3144,0.5394,6.6447,1.5388,1.5388,0.6295,7.6007
0.2100,100.0000,1.5850,1.5850,0.6944,6.6374,1.8574,1.8574,0.8114,7.5807
0.2110,100.0000,1.8816,1.8816,0.8725,6.6290,2.2073,2.2073,1.0206,7.5575
0.2120,100.0000,2.2046,2.2046,1.0743,6.6194,2.5889,2.5889,1.2579,7.5313
0.2130,100.0000,2.5542,2.5542,1.3004,6.6086,3.0027,3.0027,1.5241,7.5019
0.2140,100.0000,2.9306,2.9306,1.5511,6.5966,3.4490,3.4490,1.8198,7.4692
0.2150,100.0000,3.3341,3.3341,1.8270,6.5833,3.9282,3.9282,2.1457,7.4333
0.2160,100.0000,3.7650,3.7650,2.1284,6.5687,4.4407,4.4407,2.5022,7.3941
0.2170,100.0000,4.2235,4.2235,2.4558,6.5528,4.9865,4.9865,2.8899,7.3516
0.2180,100.0000,4.7099,4.7099,2.8093,6.5356,5.5628,5.5628,3.3092,7.3058
0.2190,100.0000,5.2243,5.2243,3.1894,6.5171,6.1639,6.1639,3.7599,7.2568
0.2200,100.0000,5.7669,5.7669,3.5964,6.4972,6.7892,6.7892,4.2407,7.2048
0.2210,100.0000,6.3365,6.3365,4.0305,6.4760,7.4381,7.4381,4.7504,7.1498
0.2220,100.0000,6.9272,6.9272,4.4917,6.4534,8.1099,8.1099,5.2879,7.0922
0.2230,100.0000,7.5384,7.5384,4.9788,6.4295,8.8039,8.8039,5.8523,7.0321
0.2240,100.0000,8.1696,8.1696,5.4907,6.4044,9.5193,9.5193,6.4426,6.9696
0.2250,100.0000,8.8204,8.8204,6.0265,6.3781,10.2553,10.2553,7.0580,6.9049
0.2260,100.0000,9.4902,9.4902,6.5853,6.3506,11.0110,11.0110,7.6974,6.8381
0.2270,100.0000,10.1784,10.1784,7.1663,6.3220,11.7856,11.7856,8.3602,6.7693
0.2280,100.0000,10.8844,10.8844,7.7687,6.2924,12.5780,12.5780,9.0453,6.6987
0.2290,100.0000,11.6075,11.6075,8.3918,6.2617,13.3873,13.3873,9.7518,6.6265
0.2300,100.0000,12.3471,12.3471,9.0350,6.2300,14.2124,14.2124,10.4789,6.5527
0.2310,100.0000,13.1024,13.1024,9.6974,6.1973,15.0521,15.0521,11.2256,6.4776
0.2320,100.0000,13.8726,13.8726,10.3784,6.1637,15.9053,15.9053,11.9909,6.4013
0.2330,100.0000,14.6569,14.6569,11.0772,6.1292,16.7708,16.7708,12.7738,6.3239
0.2340,100.0000,15.4545,15.4545,11.7932,6.0939,17.6474,17.6474,13.5732,6.2456
0.2350,100.0000,16.2645,16.2645,12.5254,6.0577,18.5338,18.5338,14.3880,6.1664
0.2360,100.0000,17.0859,17.0859,13.2733,6.0207,19.4287,19.4287,15.2172,6.0867
0.2370,100.0000,17.9178,17.9178,14.0358,5.9830,20.3308,20.3308,16.0595,6.0065
0.2380,100.0000,18.7592,18.7592,14.8122,5.9446,21.2387,21.2387,16.9137,5.9259
0.2390,100.0000,19.6091,19.6091,15.6016,5.9056,22.1513,22.1513,17.7787,5.8451
0.2400,100.0000,20.4664,20.4664,16.4031,5.8659,23.0672,23.0672,18.6533,5.7643
0.2410,100.0000,21.3301,21.3301,17.2158,5.8257,23.9851,23.9851,19.5360,5.6836
0.2420,100.0000,22.1992,22.1992,18.0386,5.7850,24.9038,24.9038,20.4258,5.6031
0.2430,100.0000,23.0726,23.0726,18.8707,5.7438,25.8222,25.8222,21.3214,5.5229
0.2440,100.0000,23.9493,23.9493,19.7111,5.7022,26.7390,26.7390,22.2216,5.4432
0.2450,100.0000,24.8283,24.8283,20.5588,5.6602,27.6534,27.6534,23.1251,5.3642
0.2460,100.0000,25.7087,25.7087,21.4127,5.6179,28.5643,28.5643,24.0307,5.2858
0.2470,100.0000,26.5894,26.5894,22.2719,5.5753,29.4708,29.4708,24.9375,5.2082
0.2480,100.0000,27.4697,27.4697,23.1354,5.5325,30.3722,30.3722,25.8441,5.1315
0.2490,100.0000,28.3486,28.3486,24.0022,5.4895,31.2679,31.2679,26.7498,5.0558
0.2500,100.0000,29.2255,29.2255,24.8715,5.4465,32.1571,32.1571,27.6534,4.9812
0.2510,100.0000,30.0996,30.0996,25.7423,5.4033,33.0396,33.0396,28.5541,4.9077
0.2520,100.0000,30.9704,30.9704,26.6138,5.3601,33.9149,33.9149,29.4512,4.8353
0.2530,100.0000,31.8373,31.8373,27.4851,5.3169,34.7829,34.7829,30.3440,4.7642
0.2540,100.0000,32.7000,32.7000,28.3555,5.2737,35.6435,35.6435,31.2317,4.6943
0.2550,100.0000,33.5581,33.5581,29.2244,5.2306,36.4966,36.4966,32.1141,4.6257
0.2560,100.0000,34.4114,34.4114,30.0911,5.1876,37.3425,37.3425,32.9906,4.5583
0.2570,100.0000,35.2598,35.2598,30.9552,5.1448,38.1813,38.1813,33.8610,4.4923
0.2580,100.0000,36.1033,36.1033,31.8161,5.1021,39.0134,39.0134,34.7251,4.4275
0.2590,100.0000,36.9420,36.9420,32.6735,5.0595,39.8393,39.8393,35.5827,4.3640
0.2600,100.0000,37.7761,37.7761,33.5272,5.0172,40.6593,40.6593,36.4340,4.3018
0.2610,100.0000,38.6059,38.6059,34.3770,4.9750,41.4741,38.3049,37.2791,4.2408
0.2620,100.0000,39.4319,39.4319,35.2228,4.9331,42.2844,39.1674,37.4842,4.2263
0.2630,100.0000,40.2544,40.2544,36.0646,4.8913,43.0912,40.1349,37.8209,4.2024
0.2640,100.0000,41.0741,37.9245,36.9026,4.8497,43.8951,41.1988,38.2837,4.1695
0.2650,100.0000,41.8917,38.7674,37.1069,4.8398,44.6971,42.3433,38.8667,4.1456
0.2660,100.0000,42.7080,39.7195,37.4390,4.8235,45.4979,43.5458,39.5620,4.1181
0.2670,100.0000,43.5237,40.7751,37.8951,4.8010,46.2984,44.7783,40.3588,4.0866
0.2680,100.0000,44.3397,41.9202,38.4711,4.7725,47.0993,46.0096,41.2427,4.0516
0.2690,100.0000,45.1568,43.1332,39.1609,4.7383,47.9014,47.2075,42.1961,4.0138
0.2700,100.0000,45.9757,44.3863,39.9554,4.6989,48.7052,48.3407,43.1984,3.9741
0.2710,100.0000,46.7973,45.6473,40.8415,4.6549,49.5114,49.3819,44.2268,3.9333
0.2720,100.0000,47.6222,46.8819,41.8027,4.6071,50.3206,50.3095,45.2579,3.8924
0.2730,100.0000,48.4510,48.0564,42.8185,4.5566,51.1332,51.1332,46.2682,3.8523
0.2740,100.0000,49.2844,49.1402,43.8661,4.5045,51.9495,51.9495,47.2412,3.8137
0.2750,100.0000,50.1229,50.1087,44.9209,4.4521,52.7700,52.7700,48.1828,3.7763
0.2760,100.0000,50.9671,50.9671,45.9585,4.4005,53.5947,53.5947,49.1003,3.7399
0.2770,100.0000,51.8172,51.8172,46.9602,4.3506,54.4237,54.4237,49.9991,3.7043
0.2780,100.0000,52.6736,52.6736,47.9316,4.3023,55.2572,55.2572,50.8841,3.6692
0.2790,100.0000,53.5364,53.5364,48.8800,4.2552,56.0950,56.0950,51.7587,3.6345
0.2800,100.0000,54.4058,54.4058,49.8113,4.2089,56.9369,56.9369,52.6259,3.6001
0.2810,100.0000,55.2818,55.2818,50.7302,4.1632,57.7826,57.7826,53.4881,3.5659
0.2820,100.0000,56.1641,56.1641,51.6405,4.1179,58.6317,58.6317,54.3470,3.5318
0.2830,100.0000,57.0526,57.0526,52.5452,4.0729,59.4838,59.4838,55.2040,3.4978
0.2840,100.0000,57.9469,57.9469,53.4467,4.0280,60.3383,60.3383,56.0599,3.4638
0.2850,100.0000,58.8464,58.8464,54.3467,3.9833,61.1945,61.1945,56.9156,3.4298
0.2860,100.0000,59.7505,59.7505,55.2467,3.9385,62.0516,62.0516,57.7714,3.3958
0.2870,100.0000,60.6586,60.6586,56.1474,3.8937,62.9090,62.9090,58.6274,3.3619
0.2880,100.0000,61.5698,61.5698,57.0497,3.8488,63.7656,63.7656,59.4837,3.3278
0.2890,100.0000,62.4832,62.4832,57.9537,3.8038,64.6208,64.6208,60.3401,3.2938
0.2900,100.0000,63.3978,63.3978,58.8596,3.7587,65.4734,65.4734,61.1962,3.2598
0.2910,100.0000,64.3126,64.3126,59.7673,3.7135,66.3225,66.3225,62.0517,3.2258
0.2920,100.0000,65.2264,65.2264,60.6763,3.6683,67.1672,67.1672,62.9058,3.1919
0.2930,100.0000,66.1380,66.1380,61.5863,3.6230,68.0064,68.0064,63.7581,3.1580
0.2940,100.0000,67.0464,67.0464,62.4967,3.5776,68.8393,68.8393,64.6078,3.1242
0.2950,100.0000,67.9502,67.9502,63.4066,3.5323,69.6647,69.6647,65.4541,3.0906
0.2960,100.0000,68.8483,68.8483,64.3153,3.4870,70.4819,70.4819,66.2962,3.0571
0.2970,100.0000,69.7394,69.7394,65.2219,3.4419,71.2898,71.2898,67.1333,3.0238
0.2980,100.0000,70.6224,70.6224,66.1254,3.3969,72.0876,72.0876,67.9646,2.9908
0.2990,100.0000,71.4962,71.4962,67.0248,3.3521,72.8746,72.8746,68.7892,2.9580
0.3000,100.0000,72.3596,72.3596,67.9191,3.3075,73.6499,73.6499,69.6063,2.9255
0.3010,100.0000,73.2118,73.2118,68.8072,3.2633,74.4129,74.4129,70.4150,2.8933
0.3020,100.0000,74.0516,74.0516,69.6881,3.2194,75.1629,75.1629,71.2146,2.8615
0.3030,100.0000,74.8783,74.8783,70.5608,3.1759,75.8995,75.8995,72.0043,2.8301
0.3040,100.0000,75.6911,75.6911,71.4243,3.1329,76.6222,76.6222,72.7833,2.7991
0.3050,100.0000,76.4893,76.4893,72.2777,3.0903,77.3306,77.3306,73.5511,2.7685
0.3060,100.0000,77.2724,77.2724,73.1200,3.0484,78.0243,78.0243,74.3070,2.7384
0.3070,100.0000,78.0398,78.0398,73.9505,3.0070,78.7033,78.7033,75.0505,2.7088
0.3080,100.0000,78.7913,78.7913,74.7684,2.9662,79.3674,79.3674,75.7810,2.6798
0.3090,100.0000,79.5266,79.5266,75.5729,2.9261,80.0165,80.0165,76.4983,2.6512
0.3100,100.0000,80.2454,80.2454,76.3637,2.8867,80.6506,80.6506,77.2019,2.6232
0.3110,100.0000,80.9479,80.9479,77.1400,2.8480,81.2700,81.2700,77.8917,2.5957
0.3120,100.0000,81.6340,81.6340,77.9016,2.8100,81.8747,81.8747,78.5673,2.5688
0.3130,100.0000,82.3040,82.3040,78.6481,2.7728,82.4650,82.4650,79.2288,2.5425
0.3140,100.0000,82.9581,82.9581,79.3793,2.7363,83.0412,83.0412,79.8760,2.5167
0.3150,100.0000,83.5965,83.5965,80.0950,2.7006,83.6038,83.6038,80.5091,2.4915
0.3160,100.0000,84.2199,84.2199,80.7953,2.6657,84.1532,84.1532,81.1280,2.4669
0.3170,100.0000,84.8286,84.8286,81.4802,2.6316,84.6897,84.6897,81.7331,2.4428
0.3180,100.0000,85.4231,85.4231,82.1499,2.5982,85.2141,85.2141,82.3244,2.4193
0.3190,100.0000,86.0042,86.0042,82.8046,2.5655,85.7267,85.7267,82.9023,2.3962
0.3200,100.0000,86.5725,86.5725,83.4445,2.5336,86.2282,86.2282,83.4672,2.3737
0.3210,100.0000,87.1286,87.1286,84.0701,2.5024,86.7192,86.7192,84.0194,2.3518
0.3220,100.0000,87.6733,87.6733,84.6818,2.4719,87.2003,87.2003,84.5594,2.3302
0.3230,100.0000,88.2073,88.2073,85.2801,2.4421,87.6722,80.9437,85.0875,2.3092
0.3240,100.0000,88.7314,81.9967,85.8655,2.4129,88.1357,81.4971,84.2588,2.3456
0.3250,100.0000,89.2467,82.7445,85.0918,2.4516,88.5916,82.2084,83.7065,2.3702
0.3260,100.0000,89.7539,83.6632,84.6223,2.4752,89.0407,83.0639,83.4068,2.3837
0.3270,100.0000,90.2542,84.7286,84.4305,2.4848,89.4837,84.0428,83.3382,2.3868
0.3280,100.0000,90.7481,85.9078,84.4901,2.4819,89.9213,85.1180,83.4791,2.3806
0.3290,100.0000,91.2366,87.1618,84.7737,2.4678,90.3540,86.2578,83.8069,2.3661
0.3300,100.0000,91.7201,88.4473,85.2513,2.4440,90.7823,87.4273,84.2971,2.3445
0.3310,100.0000,92.1994,89.7197,85.8905,2.4121,91.2068,88.5905,84.9231,2.3171
0.3320,100.0000,92.6749,90.9354,86.6563,2.3739,91.6278,89.7120,85.6566,2.2873
0.3330,100.0000,93.1471,92.0542,87.5122,2.3312,92.0458,90.7586,86.4677,2.2549
0.3340,100.0000,93.6163,93.0415,88.4206,2.2858,92.4611,91.7009,87.3259,2.2207
0.3350,100.0000,94.0830,93.8704,89.3448,2.2397,92.8740,92.5148,88.2009,2.1858
0.3360,100.0000,94.5473,94.5222,90.2499,2.1945,93.2848,93.1823,89.0636,2.1513
0.3370,100.0000,95.0095,95.0095,91.1044,2.1518,93.6937,93.6923,89.8874,2.1184
0.3380,100.0000,95.4698,95.4698,91.8854,2.1128,94.1009,94.1009,90.6484,2.0880
0.3390,100.0000,95.9283,95.9283,92.6023,2.0770,94.5066,94.5066,91.3389,2.0605
0.3400,100.0000,96.3853,96.3853,93.2675,2.0437,94.9109,94.9109,91.9724,2.0352
0.3410,100.0000,96.8406,96.8406,93.8910,2.0126,95.3139,95.3139,92.5601,2.0117
0.3420,100.0000,97.2944,97.2944,94.4809,1.9831,95.7157,95.7157,93.1109,1.9897
0.3430,100.0000,97.7466,97.7466,95.0436,1.9550,96.1163,96.1163,93.6319,1.9689
0.3440,100.0000,98.1971,98.1971,95.5842,1.9280,96.5156,96.5156,94.1287,1.9491
0.3450,100.0000,98.6458,98.6458,96.1068,1.9019,96.9137,96.9137,94.6061,1.9300
0.3460,100.0000,99.0925,99.0925,96.6146,1.8765,97.3105,97.3105,95.0676,1.9116
0.3470,100.0000,99.5370,99.5370,97.1102,1.8518,97.7058,97.7058,95.5162,1.8937
0.3480,100.0000,99.9792,99.9792,97.5956,1.8275,98.0996,98.0996,95.9541,1.8762
0.3490,100.0000,100.4187,100.4187,98.0723,1.8037,98.4916,98.4916,96.3832,1.8590
0.3500,100.0000,100.8552,100.8552,98.5416,1.7802,98.8817,98.8817,96.8049,1.8422
0.3510,100.0000,101.2884,101.2884,99.0043,1.7571,99.2696,99.2696,97.2203,1.8256
0.3520,100.0000,101.7180,101.7180,99.4611,1.7342,99.6552,99.6552,97.6301,1.8092
0.3530,100.0000,102.1437,102.1437,99.9125,1.7117,100.0381,100.0381,98.0351,1.7930
0.3540,100.0000,102.5650,102.5650,100.3587,1.6894,100.4182,100.4182,98.4357,1.7770
0.3550,100.0000,102.9816,102.9816,100.8000,1.6673,100.7951,100.7951,98.8322,1.7612
0.3560,100.0000,103.3931,103.3931,101.2363,1.6455,101.1685,101.1685,99.2248,1.7455
0.3570,100.0000,103.7991,103.7991,101.6677,1.6239,101.5381,101.5381,99.6135,1.7299
0.3580,100.0000,104.1993,104.1993,102.0940,1.6026,101.9037,101.9037,99.9985,1.7145
0.3590,100.0000,104.5932,104.5932,102.5150,1.5815,102.2649,102.2649,100.3795,1.6993
0.3600,100.0000,104.9806,104.9806,102.9307,1.5607,102.6215,102.6215,100.7566,1.6842
0.3610,100.0000,105.3609,105.3609,103.3407,1.5402,102.9731,102.9731,101.1296,1.6693
0.3620,100.0000,105.7339,105.7339,103.7447,1.5200,103.3194,103.3194,101.4983,1.6545
0.3630,100.0000,106.0993,106.0993,104.1426,1.5001,103.6601,103.6601,101.8625,1.6399
0.3640,100.0000,106.4567,106.4567,104.5339,1.4805,103.9950,103.9950,102.2220,1.6255
0.3650,100.0000,106.8058,106.8058,104.9185,1.4612,104.3237,104.3237,102.5766,1.6113
0.3660,100.0000,107.1464,107.1464,105.2959,1.4423,104.6461,104.6461,102.9260,1.5973
0.3670,100.0000,107.4782,107.4782,105.6660,1.4238,104.9618,104.9618,103.2700,1.5835
0.3680,100.0000,107.8009,107.8009,106.0285,1.4056,105.2706,105.2706,103.6084,1.5700
0.3690,100.0000,108.1144,108.1144,106.3830,1.3879,105.5723,105.5723,103.9408,1.5567
0.3700,100.0000,108.4184,108.4184,106.7292,1.3705,105.8667,105.8667,104.2671,1.5436
0.3710,100.0000,108.7128,108.7128,107.0671,1.3536,106.1536,106.1536,104.5871,1.5307
0.3720,100.0000,108.9975,108.9975,107.3962,1.3371,106.4328,106.4328,104.9004,1.5182
0.3730,100.0000,109.2723,109.2723,107.7165,1.3211,106.7041,106.7041,105.2069,1.5058
0.3740,100.0000,109.5371,109.5371,108.0276,1.3055,106.9675,106.9675,105.5063,1.4938
0.3750,100.0000,109.7919,109.7919,108.3295,1.2903,107.2228,107.2228,105.7985,1.4820
0.3760,100.0000,110.0366,110.0366,108.6220,1.2757,107.4698,107.4698,106.0834,1.4706
0.3770,100.0000,110.2713,110.2713,108.9049,1.2615,107.7086,107.7086,106.3607,1.4594
0.3780,100.0000,110.4958,110.4958,109.1782,1.2478,107.9390,107.9390,106.6302,1.4485
0.3790,100.0000,110.7103,110.7103,109.4417,1.2345,108.1610,108.1610,106.8920,1.4380
0.3800,100.0000,110.9147,110.9147,109.6954,1.2218,108.3745,108.3745,107.1458,1.4278
0.3810,100.0000,111.1092,111.1092,109.9393,1.2096,108.5796,108.5796,107.3915,1.4178
0.3820,100.0000,111.2937,111.2937,110.1733,1.1978,108.7763,108.7763,107.6292,1.4082
0.3830,100.0000,111.4685,111.4685,110.3973,1.1865,108.9645,108.9645,107.8586,1.3990
0.3840,100.0000,111.6336,111.6336,110.6116,1.1758,109.1444,109.1444,108.0798,1.3900
0.3850,100.0000,111.7892,111.7892,110.8160,1.1655,109.3159,109.3159,108.2927,1.3814
0.3860,100.0000,111.9353,111.9353,111.0106,1.1557,109.4792,109.4792,108.4974,1.3731
0.3870,100.0000,112.0722,112.0722,111.1956,1.1464,109.6343,109.6343,108.6937,1.3651
0.3880,100.0000,112.2001,112.2001,111.3709,1.1376,109.7813,109.7813,108.8818,1.3575
0.3890,100.0000,112.3190,112.3190,111.5367,1.1292,109.9203,109.9203,109.0617,1.3502
0.3900,100.0000,112.4292,112.4292,111.6932,1.1214,110.0515,110.0515,109.2335,1.3432
0.3910,100.0000,112.5310,112.5310,111.8404,1.1139,110.1749,110.1749,109.3971,1.3365
0.3920,100.0000,112.6244,112.6244,111.9785,1.1070,110.2907,110.2907,109.5526,1.3302
0.3930,100.0000,112.7097,112.7097,112.1077,1.1005,110.3991,110.3991,109.7002,1.3242
0.3940,100.0000,112.7872,112.7872,112.2281,1.0944,110.5003,110.5003,109.8400,1.3185
0.3950,100.0000,112.8570,112.8570,112.3399,1.0887,110.5942,110.5942,109.9721,1.3131
0.3960,100.0000,112.9194,112.9194,112.4433,1.0835,110.6813,110.6813,110.0965,1.3079
0.3970,100.0000,112.9745,112.9745,112.5385,1.0787,110.7616,110.7616,110.2135,1.3030
0.3980,100.0000,113.0228,113.0228,112.6257,1.0742,110.8352,110.8352,110.3231,1.2984
0.3990,100.0000,113.0642,113.0642,112.7051,1.0702,110.9025,110.9025,110.4255,1.2941
0.4000,100.0000,113.0992,113.0992,112.7770,1.0666,110.9636,110.9636,110.5209,1.2901
0.4010,100.0000,113.1279,113.1279,112.8414,1.0633,111.0186,111.0186,110.6095,1.2863
0.4020,100.0000,113.1506,113.1506,112.8987,1.0603,111.0679,111.0679,110.6913,1.2829
0.4030,100.0000,113.1674,113.1674,112.9491,1.0578,111.1115,111.1115,110.7666,1.2797
0.4040,100.0000,113.1781,113.1781,112.9927,1.0555,111.1497,111.1497,110.8356,1.2767
0.4050,100.0000,113.1822,113.1822,113.0298,1.0536,111.1827,111.1827,110.8984,1.2741
0.4060,100.0000,113.1802,113.1802,113.0603,1.0520,111.2106,111.2106,110.9553,1.2716
0.4070,100.0000,113.1722,113.1722,113.0843,1.0507,111.2338,111.2338,111.0063,1.2694
0.4080,100.0000,113.1585,103.8442,113.1019,1.0498,111.2514,111.2514,111.0518,1.2675
0.4090,100.0000,113.1399,103.7938,111.2503,1.1423,111.2638,111.2638,111.0917,1.2657
0.4100,100.0000,113.1170,103.8418,109.7590,1.2168,111.2711,111.2711,111.1261,1.2642
0.4110,100.0000,113.0904,103.9826,108.5756,1.2760,111.2735,111.2735,111.1551,1.2629
0.4120,100.0000,113.0604,104.2093,107.6570,1.3218,111.2714,102.2208,111.1788,1.2619
0.4130,100.0000,113.0275,104.5141,106.9675,1.3563,111.2654,102.2359,109.3872,1.3345
0.4140,100.0000,112.9919,104.8882,106.4768,1.3808,111.2558,102.3426,107.9570,1.3922
0.4150,100.0000,112.9539,105.3226,106.1591,1.3966,111.2432,102.5353,106.8341,1.4375
0.4160,100.0000,112.9138,105.8072,105.9918,1.4050,111.2280,102.8074,105.9743,1.4720
0.4170,100.0000,112.8716,106.3319,105.9549,1.4068,111.2104,103.1513,105.3409,1.4975
0.4180,100.0000,112.8275,106.8859,106.0303,1.4030,111.1907,103.5589,104.9030,1.5151
0.4190,100.0000,112.7816,107.4585,106.2014,1.3944,111.1691,104.0209,104.6342,1.5258
0.4200,100.0000,112.7341,108.0387,106.4528,1.3818,111.1458,104.5277,104.5115,1.5307
0.4210,100.0000,112.6849,108.6156,106.7700,1.3659,111.1210,105.0693,104.5148,1.5306
0.4220,100.0000,112.6341,109.1785,107.1391,1.3474,111.0947,105.6352,104.6257,1.5261
0.4230,100.0000,112.5817,109.7169,107.5470,1.3270,111.0671,106.2147,104.8276,1.5179
0.4240,100.0000,112.5277,110.2207,107.9810,1.3053,111.0382,106.7972,105.1050,1.5068
0.4250,100.0000,112.4722,110.6805,108.4289,1.2828,111.0082,107.3719,105.4435,1.4931
0.4260,100.0000,112.4151,111.0873,108.8792,1.2603,110.9770,107.9282,105.8291,1.4776
0.4270,100.0000,112.3565,111.4331,109.3208,1.2381,110.9447,108.4561,106.2490,1.4606
0.4280,100.0000,112.2964,111.7109,109.7433,1.2170,110.9114,108.9458,106.6904,1.4428
0.4290,100.0000,112.2348,111.9145,110.1368,1.1972,110.8770,109.3881,107.1415,1.4245
0.4300,100.0000,112.1716,112.0393,110.4924,1.1794,110.8416,109.7748,107.5908,1.4064
0.4310,100.0000,112.1070,112.0815,110.8017,1.1639,110.8051,110.0983,108.0276,1.3887
0.4320,100.0000,112.0409,112.0409,111.0577,1.1510,110.7677,110.3521,108.4417,1.3719
0.4330,100.0000,111.9734,111.9734,111.2543,1.1411,110.7293,110.5309,108.8238,1.3564
0.4340,100.0000,111.9046,111.9046,111.3981,1.1339,110.6900,110.6306,109.1652,1.3425
0.4350,100.0000,111.8345,111.8345,111.4994,1.1288,110.6499,110.6482,109.4583,1.3305
0.4360,100.0000,111.7631,111.7631,111.5664,1.1254,110.6088,110.6088,109.6963,1.3208
0.4370,100.0000,111.6906,111.6906,111.6058,1.1233,110.5669,110.5669,109.8788,1.3134
0.4380,100.0000,111.6170,111.6170,111.6227,1.1224,110.5243,110.5243,110.0164,1.3076
0.4390,100.0000,111.5423,111.5423,111.6216,1.1224,110.4810,110.4810,110.1180,1.3033
0.4400,100.0000,111.4667,111.4667,111.6057,1.1232,110.4370,110.4370,110.1906,1.3002
0.4410,100.0000,111.3901,111.3901,111.5779,1.1245,110.3925,110.3925,110.2399,1.2981
0.4420,100.0000,111.3128,111.3128,111.5404,1.1263,110.3474,110.3474,110.2704,1.2968
0.4430,100.0000,111.2346,111.2346,111.4949,1.1285,110.3018,110.3018,110.2858,1.2961
0.4440,100.0000,111.1557,111.1557,111.4428,1.1311,110.2557,110.2557,110.2890,1.2959
0.4450,100.0000,111.0762,111.0762,111.3854,1.1339,110.2093,110.2093,110.2823,1.2961
0.4460,100.0000,110.9960,110.9960,111.3235,1.1369,110.1625,110.1625,110.2677,1.2966
0.4470,100.0000,110.9152,110.9152,111.2580,1.1401,110.1155,110.1155,110.2467,1.2974
0.4480,100.0000,110.8339,110.8339,111.1895,1.1435,110.0681,110.0681,110.2204,1.2985
0.4490,100.0000,110.7521,110.7521,111.1184,1.1470,110.0206,110.0206,110.1900,1.2997
0.4500,100.0000,110.6699,110.6699,111.0451,1.1506,109.9728,109.9728,110.1561,1.3010
0.4510,100.0000,110.5873,110.5873,110.9701,1.1543,109.9249,109.9249,110.1194,1.3025
0.4520,100.0000,110.5043,110.5043,110.8935,1.1581,109.8768,109.8768,110.0805,1.3041
0.4530,100.0000,110.4209,110.4209,110.8157,1.1619,109.8286,109.8286,110.0398,1.3057
0.4540,100.0000,110.3373,110.3373,110.7367,1.1658,109.7803,109.7803,109.9976,1.3074
0.4550,100.0000,110.2534,110.2534,110.6568,1.1698,109.7320,109.7320,109.9541,1.3091
0.4560,100.0000,110.1692,110.1692,110.5761,1.1737,109.6835,109.6835,109.9097,1.3108
0.4570,100.0000,110.0848,110.0848,110.4948,1.1778,109.6350,109.6350,109.8644,1.3126
0.4580,100.0000,110.0001,110.0001,110.4128,1.1818,109.5864,109.5864,109.8186,1.3144
0.4590,100.0000,109.9153,109.9153,110.3302,1.1859,109.5378,109.5378,109.7721,1.3162
0.4600,100.0000,109.8303,109.8303,110.2472,1.1900,109.4891,109.4891,109.7253,1.3181
0.4610,100.0000,109.7452,109.7452,110.1639,1.1941,109.4404,109.4404,109.6780,1.3199
0.4620,100.0000,109.6599,109.6599,110.0801,1.1982,109.3916,109.3916,109.6305,1.3218
0.4630,100.0000,109.5744,109.5744,109.9961,1.2024,109.3428,109.3428,109.5827,1.3237
0.4640,100.0000,109.4889,109.4889,109.9117,1.2066,109.2939,109.2939,109.5348,1.3256
0.4650,100.0000,109.4032,109.4032,109.8272,1.2107,109.2450,109.2450,109.4866,1.3275
0.4660,100.0000,109.3175,109.3175,109.7424,1.2149,109.1959,109.1959,109.4383,1.3294
0.4670,100.0000,109.2316,109.2316,109.6574,1.2191,109.1468,109.1468,109.3898,1.3313
0.4680,100.0000,109.1457,109.1457,109.5722,1.2233,109.0975,109.0975,109.3412,1.3332
0.4690,100.0000,109.0596,109.0596,109.4869,1.2276,109.0482,109.0482,109.2925,1.3351
0.4700,100.0000,108.9735,108.9735,109.4015,1.2318,108.9986,108.9986,109.2436,1.3370
0.4710,100.0000,108.8873,108.8873,109.3159,1.2360,108.9489,108.9489,109.1946,1.3390
0.4720,100.0000,108.8010,108.8010,109.2301,1.2403,108.8991,108.8991,109.1455,1.3409
0.4730,100.0000,108.7146,108.7146,109.1443,1.2445,108.8490,108.8490,109.0962,1.3428
0.4740,100.0000,108.6281,108.6281,109.0584,1.2488,108.7987,108.7987,109.0468,1.3448
0.4750,100.0000,108.5415,108.5415,108.9723,1.2530,108.7482,108.7482,108.9971,1.3468
0.4760,100.0000,108.4549,108.4549,108.8861,1.2573,108.6973,108.6973,108.9473,1.3487
0.4770,100.0000,108.3681,108.3681,108.7999,1.2615,108.6462,108.6462,108.8973,1.3507
0.4780,100.0000,108.2812,108.2812,108.7135,1.2658,108.5948,108.5948,108.8471,1.3527
0.4790,100.0000,108.1943,108.1943,108.6271,1.2701,108.5430,108.5430,108.7967,1.3547
0.4800,100.0000,108.1072,108.1072,108.5405,1.2744,108.4909,108.4909,108.7459,1.3567
0.4810,100.0000,108.0200,108.0200,108.4538,1.2787,108.4383,108.4383,108.6949,1.3587
0.4820,100.0000,107.9327,107.9327,108.3671,1.2830,108.3854,108.3854,108.6436,1.3607
0.4830,100.0000,107.8452,107.8452,108.2802,1.2873,108.3319,108.3319,108.5920,1.3627
0.4840,100.0000,107.7576,107.7576,108.1932,1.2916,108.2781,108.2781,108.5400,1.3648
0.4850,100.0000,107.6698,107.6698,108.1061,1.2959,108.2237,108.2237,108.4876,1.3669
0.4860,100.0000,107.5819,107.5819,108.0188,1.3002,108.1687,108.1687,108.4348,1.3690
0.4870,100.0000,107.4939,107.4939,107.9314,1.3046,108.1133,108.1133,108.3816,1.3711
0.4880,100.0000,107.4056,107.4056,107.8439,1.3089,108.0572,108.0572,108.3279,1.3732
0.4890,100.0000,107.3172,107.3172,107.7563,1.3132,108.0005,108.0005,108.2738,1.3753
0.4900,100.0000,107.2285,107.2285,107.6684,1.3176,107.9432,107.9432,108.2191,1.3775
0.4910,100.0000,107.1397,107.1397,107.5805,1.3219,107.8853,107.8853,108.1640,1.3797
0.4920,100.0000,107.0506,107.0506,107.4923,1.3263,107.8267,107.8267,108.1082,1.3819
0.4930,100.0000,106.9613,106.9613,107.4040,1.3307,107.7673,107.7673,108.0519,1.3841
0.4940,100.0000,106.8718,106.8718,107.3154,1.3351,107.7073,107.7073,107.9950,1.3864
0.4950,100.0000,106.7821,106.7821,107.2267,1.3395,107.6465,107.6465,107.9374,1.3886
0.4960,100.0000,106.6921,106.6921,107.1378,1.3439,107.5849,107.5849,107.8792,1.3909
0.4970,100.0000,106.6018,106.6018,107.0486,1.3483,107.5225,107.5225,107.8204,1.3933
0.4980,100.0000,106.5112,106.5112,106.9593,1.3528,107.4593,107.4593,107.7608,1.3956
0.4990,100.0000,106.4204,106.4204,106.8697,1.3572,107.3953,107.3953,107.7005,1.3980
0.5000,100.0000,106.3293,106.3293,106.7798,1.3617,107.3305,107.3305,107.6395,1.4005
0.5010,100.0000,106.2379,106.2379,106.6897,1.3661,107.2647,107.2647,107.5777,1.4029
0.5020,100.0000,106.1462,106.1462,106.5994,1.3706,107.1981,107.1981,107.5151,1.4054
0.5030,100.0000,106.0542,106.0542,106.5087,1.3751,107.1306,107.1306,107.4517,1.4079
0.5040,100.0000,105.9619,105.9619,106.4178,1.3796,107.0622,107.0622,107.3875,1.4105
0.5050,100.0000,105.8692,105.8692,106.3266,1.3842,106.9929,106.9929,107.3224,1.4130
0.5060,100.0000,105.7763,105.7763,106.2352,1.3887,106.9227,106.9227,107.2565,1.4157
0.5070,100.0000,105.6830,105.6830,106.1434,1.3933,106.8515,106.8515,107.1898,1.4183
0.5080,100.0000,105.5893,105.5893,106.0513,1.3978,106.7793,106.7793,107.1221,1.4210
0.5090,100.0000,105.4953,105.4953,105.9589,1.4024,106.7062,106.7062,107.0536,1.4237
0.5100,100.0000,105.4010,105.4010,105.8662,1.4070,106.6322,106.6322,106.9841,1.4265
0.5110,100.0000,105.3063,105.3063,105.7731,1.4116,106.5572,106.5572,106.9137,1.4293
0.5120,100.0000,105.2113,105.2113,105.6798,1.4163,106.4812,106.4812,106.8424,1.4321
0.5130,100.0000,105.1159,105.1159,105.5861,1.4209,106.4042,106.4042,106.7701,1.4350
0.5140,100.0000,105.0201,105.0201,105.4920,1.4256,106.3263,106.3263,106.6970,1.4379
0.5150,100.0000,104.9240,104.9240,105.3976,1.4303,106.2474,106.2474,106.6228,1.4409
0.5160,100.0000,104.8276,104.8276,105.3029,1.4350,106.1675,106.1675,106.5477,1.4438
0.5170,100.0000,104.7308,104.7308,105.2078,1.4397,106.0867,106.0867,106.4717,1.4469
0.5180,100.0000,104.6336,104.6336,105.1124,1.4445,106.0050,106.0050,106.3947,1.4499
0.5190,100.0000,104.5361,104.5361,105.0167,1.4493,105.9223,105.9223,106.3168,1.4530
0.5200,100.0000,104.4383,104.4383,104.9205,1.4540,105.8386,105.8386,106.2379,1.4562
0.5210,100.0000,104.3401,104.3401,104.8241,1.4588,105.7541,105.7541,106.1580,1.4594
0.5220,100.0000,104.2416,104.2416,104.7273,1.4637,105.6686,105.6686,106.0772,1.4626
0.5230,100.0000,104.1428,104.1428,104.6301,1.4685,105.5822,105.5822,105.9955,1.4658
0.5240,100.0000,104.0436,104.0436,104.5327,1.4733,105.4950,105.4950,105.9128,1.4691
0.5250,100.0000,103.9442,103.9442,104.4349,1.4782,105.4068,105.4068,105.8293,1.4725
0.5260,100.0000,103.8445,103.8445,104.3367,1.4831,105.3179,105.3179,105.7448,1.4758
0.5270,100.0000,103.7445,103.7445,104.2383,1.4880,105.2281,105.2281,105.6594,1.4792
0.5280,100.0000,103.6442,103.6442,104.1395,1.4929,105.1375,105.1375,105.5731,1.4827
0.5290,100.0000,103.5437,103.5437,104.0405,1.4978,105.0461,105.0461,105.4860,1.4862
0.5300,100.0000,103.4429,103.4429,103.9411,1.5028,104.9540,104.9540,105.3980,1.4897
0.5310,100.0000,103.3419,103.3419,103.8415,1.5078,104.8612,104.8612,105.3092,1.4932
0.5320,100.0000,103.2407,103.2407,103.7415,1.5127,104.7676,104.7676,105.2196,1.4968
0.5330,100.0000,103.1394,103.1394,103.6414,1.5177,104.6734,104.6734,105.1292,1.5004
0.5340,100.0000,103.0378,103.0378,103.5410,1.5227,104.5786,104.5786,105.0381,1.5040
0.5350,100.0000,102.9362,102.9362,103.4404,1.5277,104.4831,104.4831,104.9462,1.5077
0.5360,100.0000,102.8344,102.8344,103.3395,1.5328,104.3871,104.3871,104.8536,1.5114
0.5370,100.0000,102.7325,102.7325,103.2385,1.5378,104.2906,104.2906,104.7603,1.5151
0.5380,100.0000,102.6306,102.6306,103.1373,1.5428,104.1936,104.1936,104.6663,1.5188
0.5390,100.0000,102.5286,102.5286,103.0359,1.5479,104.0961,104.0961,104.5718,1.5226
0.5400,100.0000,102.4266,102.4266,102.9345,1.5530,103.9981,103.9981,104.4766,1.5264
0.5410,100.0000,102.3246,102.3246,102.8329,1.5580,103.8999,103.8999,104.3809,1.5302
0.5420,100.0000,102.2226,102.2226,102.7312,1.5631,103.8012,103.8012,104.2847,1.5341
0.5430,100.0000,102.1208,102.1208,102.6295,1.5682,103.7023,103.7023,104.1880,1.5379
0.5440,100.0000,102.0190,102.0190,102.5277,1.5732,103.6032,103.6032,104.0909,1.5418
0.5450,100.0000,101.9174,101.9174,102.4260,1.5783,103.5038,103.5038,103.9933,1.5457
0.5460,100.0000,101.8159,101.8159,102.3243,1.5834,103.4044,103.4044,103.8954,1.5496
0.5470,100.0000,101.7147,101.7147,102.2226,1.5885,103.3048,103.3048,103.7972,1.5535
0.5480,100.0000,101.6137,101.6137,102.1210,1.5935,103.2051,103.2051,103.6987,1.5575
0.5490,100.0000,101.5131,101.5131,102.0196,1.5986,103.1055,103.1055,103.6000,1.5614
0.5500,100.0000,101.4127,101.4127,101.9183,1.6036,103.0059,103.0059,103.5011,1.5653
0.5510,100.0000,101.3128,101.3128,101.8172,1.6087,102.9064,102.9064,103.4021,1.5693
0.5520,100.0000,101.2132,101.2132,101.7163,1.6137,102.8071,102.8071,103.3029,1.5733
0.5530,100.0000,101.1142,101.1142,101.6157,1.6188,102.7080,90.5862,103.2038,1.5772
0.5540,100.0000,101.0156,101.0156,101.5154,1.6238,102.6096,90.5754,100.6802,1.6785
0.5550,100.0000,100.9175,100.9175,101.4154,1.6287,102.5124,90.6351,98.6593,1.7596
0.5560,100.0000,100.8201,88.7159,101.3158,1.6337,102.4166,90.7606,97.0544,1.8240
0.5570,100.0000,100.7239,88.7038,98.7958,1.7597,102.3226,90.9474,95.7957,1.8747
0.5580,100.0000,100.6294,88.7618,96.7774,1.8607,102.2304,91.1913,94.8260,1.9138
0.5590,100.0000,100.5370,88.8849,95.1743,1.9408,102.1404,91.4877,94.0991,1.9433
0.5600,100.0000,100.4469,89.0683,93.9164,2.0038,102.0525,91.8323,93.5768,1.9645
0.5610,100.0000,100.3595,89.3076,92.9468,2.0523,101.9668,92.2204,93.2279,1.9787
0.5620,100.0000,100.2748,89.5985,92.2190,2.0887,101.8835,92.6472,93.0264,1.9869
0.5630,100.0000,100.1931,89.9368,91.6949,2.1150,101.8025,93.1076,92.9506,1.9901
0.5640,100.0000,100.1143,90.3181,91.3433,2.1326,101.7239,93.5965,92.9820,1.9888
0.5650,100.0000,100.0385,90.7380,91.1382,2.1429,101.6476,94.1083,93.1049,1.9839
0.5660,100.0000,99.9658,91.1918,91.0582,2.1469,101.5737,94.6375,93.3056,1.9758
0.5670,100.0000,99.8961,91.6748,91.0849,2.1456,101.5020,95.1780,93.5720,1.9650
0.5680,100.0000,99.8294,92.1818,91.2029,2.1398,101.4326,95.7240,93.8932,1.9520
0.5690,100.0000,99.7657,92.7077,91.3987,2.1300,101.3655,96.2694,94.2593,1.9372
0.5700,100.0000,99.7050,93.2469,91.6605,2.1170,101.3005,96.8078,94.6613,1.9210
0.5710,100.0000,99.6471,93.7939,91.9778,2.1012,101.2376,97.3331,95.0906,1.9037
0.5720,100.0000,99.5920,94.3429,92.3410,2.0830,101.1769,97.8391,95.5391,1.8857
0.5730,100.0000,99.5397,94.8878,92.7414,2.0631,101.1181,98.3199,95.9991,1.8672
0.5740,100.0000,99.4900,95.4228,93.1707,2.0416,101.0613,98.7694,96.4633,1.8485
0.5750,100.0000,99.4429,95.9419,93.6211,2.0191,101.0064,99.1822,96.9245,1.8300
0.5760,100.0000,99.3983,96.4390,94.0852,1.9960,100.9534,99.5528,97.3761,1.8119
0.5770,100.0000,99.3561,96.9084,94.5560,1.9724,100.9023,99.8765,97.8114,1.7944
0.5780,100.0000,99.3162,97.3443,95.0265,1.9489,100.8529,100.1488,98.2244,1.7778
0.5790,100.0000,99.2786,97.7414,95.4900,1.9258,100.8052,100.3659,98.6093,1.7623
0.5800,100.0000,99.2432,98.0947,95.9403,1.9033,100.7593,100.5246,98.9606,1.7482
0.5810,100.0000,99.2099,98.3995,96.3712,1.8818,100.7151,100.6223,99.2734,1.7357
0.5820,100.0000,99.1786,98.6516,96.7769,1.8615,100.6726,100.6572,99.5432,1.7248
0.5830,100.0000,99.1493,98.8476,97.1518,1.8428,100.6317,100.6317,99.7660,1.7159
0.5840,100.0000,99.1220,98.9845,97.4910,1.8258,100.5926,100.5926,99.9391,1.7089
0.5850,100.0000,99.0967,99.0601,97.7897,1.8109,100.5551,100.5551,100.0698,1.7037
0.5860,100.0000,99.0732,99.0730,98.0437,1.7982,100.5193,100.5193,100.1669,1.6998
0.5870,100.0000,99.0516,99.0516,98.2496,1.7879,100.4853,100.4853,100.2374,1.6970
0.5880,100.0000,99.0318,99.0318,98.4100,1.7799,100.4529,100.4529,100.2869,1.6950
0.5890,100.0000,99.0140,99.0140,98.5344,1.7737,100.4224,100.4224,100.3201,1.6936
0.5900,100.0000,98.9981,98.9981,98.6303,1.7689,100.3936,100.3936,100.3406,1.6928
0.5910,100.0000,98.9840,98.9840,98.7038,1.7652,100.3667,100.3667,100.3512,1.6924
0.5920,100.0000,98.9719,98.9719,98.7599,1.7624,100.3415,100.3415,100.3543,1.6922
0.5930,100.0000,98.9617,98.9617,98.8023,1.7603,100.3182,100.3182,100.3517,1.6924
0.5940,100.0000,98.9534,98.9534,98.8342,1.7587,100.2967,100.2967,100.3450,1.6926
0.5950,100.0000,98.9471,98.9471,98.8580,1.7576,100.2771,100.2771,100.3354,1.6930
0.5960,100.0000,98.9427,98.9427,98.8758,1.7567,100.2593,100.2593,100.3237,1.6935
0.5970,100.0000,98.9404,98.9404,98.8892,1.7560,100.2435,100.2435,100.3108,1.6940
0.5980,100.0000,98.9400,98.9400,98.8994,1.7555,100.2295,100.2295,100.2974,1.6945
0.5990,100.0000,98.9416,98.9416,98.9075,1.7551,100.2174,100.2174,100.2838,1.6951
0.6000,100.0000,98.9452,98.9452,98.9143,1.7548,100.2071,100.2071,100.2705,1.6956
0.6010,100.0000,98.9507,98.9507,98.9205,1.7545,100.1987,100.1987,100.2578,1.6961
0.6020,100.0000,98.9583,98.9583,98.9266,1.7542,100.1922,100.1922,100.2460,1.6966
0.6030,100.0000,98.9678,98.9678,98.9329,1.7539,100.1875,100.1875,100.2352,1.6970
0.6040,100.0000,98.9793,98.9793,98.9399,1.7535,100.1847,100.1847,100.2257,1.6974
0.6050,100.0000,98.9927,98.9927,98.9478,1.7531,100.1836,100.1836,100.2175,1.6977
0.6060,100.0000,99.0080,99.0080,98.9567,1.7527,100.1843,100.1843,100.2107,1.6980
0.6070,100.0000,99.0253,99.0253,98.9670,1.7522,100.1868,100.1868,100.2054,1.6982
0.6080,100.0000,99.0444,99.0444,98.9787,1.7516,100.1910,100.1910,100.2017,1.6984
0.6090,100.0000,99.0653,99.0653,98.9918,1.7509,100.1969,100.1969,100.1996,1.6984
0.6100,100.0000,99.0881,99.0881,99.0065,1.7502,100.2045,100.2045,100.1991,1.6985
0.6110,100.0000,99.1126,99.1126,99.0228,1.7494,100.2137,100.2137,100.2001,1.6984
0.6120,100.0000,99.1388,99.1388,99.0408,1.7485,100.2244,100.2244,100.2029,1.6983
0.6130,100.0000,99.1667,99.1667,99.0604,1.7475,100.2367,100.2367,100.2072,1.6981
0.6140,100.0000,99.1962,99.1962,99.0816,1.7465,100.2504,100.2504,100.2131,1.6979
0.6150,100.0000,99.2273,99.2273,99.1045,1.7453,100.2655,100.2655,100.2205,1.6976
0.6160,100.0000,99.2598,99.2598,99.1291,1.7441,100.2821,100.2821,100.2295,1.6972
0.6170,100.0000,99.2939,99.2939,99.1552,1.7428,100.2999,100.2999,100.2400,1.6968
0.6180,100.0000,99.3293,99.3293,99.1830,1.7414,100.3189,100.3189,100.2520,1.6963
0.6190,100.0000,99.3660,99.3660,99.2122,1.7400,100.3392,100.3392,100.2654,1.6958
0.6200,100.0000,99.4039,99.4039,99.2430,1.7384,100.3605,100.3605,100.2802,1.6952
0.6210,100.0000,99.4431,99.4431,99.2752,1.7368,100.3830,100.3830,100.2962,1.6945
0.6220,100.0000,99.4833,99.4833,99.3088,1.7352,100.4063,100.4063,100.3136,1.6938
0.6230,100.0000,99.5245,99.5245,99.3437,1.7334,100.4306,100.4306,100.3321,1.6931
0.6240,100.0000,99.5667,99.5667,99.3798,1.7316,100.4558,100.4558,100.3518,1.6923
0.6250,100.0000,99.6098,99.6098,99.4172,1.7297,100.4817,100.4817,100.3726,1.6915
0.6260,100.0000,99.6536,99.6536,99.4557,1.7278,100.5082,100.5082,100.3944,1.6906
0.6270,100.0000,99.6980,99.6980,99.4953,1.7258,100.5354,100.5354,100.4172,1.6897
0.6280,100.0000,99.7431,99.7431,99.5358,1.7238,100.5631,100.5631,100.4408,1.6887
0.6290,100.0000,99.7887,99.7887,99.5773,1.7217,100.5912,100.5912,100.4653,1.6877
0.6300,100.0000,99.8347,99.8347,99.6196,1.7196,100.6198,100.6198,100.4905,1.6867
0.6310,100.0000,99.8810,99.8810,99.6626,1.7175,100.6485,100.6485,100.5163,1.6857
0.6320,100.0000,99.9276,99.9276,99.7063,1.7153,100.6775,100.6775,100.5428,1.6846
0.6330,100.0000,99.9743,99.9743,99.7505,1.7131,100.7066,100.7066,100.5697,1.6835
0.6340,100.0000,100.0210,100.0210,99.7953,1.7109,100.7358,100.7358,100.5971,1.6824
0.6350,100.0000,100.0677,100.0677,99.8404,1.7086,100.7649,100.7649,100.6248,1.6813
0.6360,100.0000,100.1142,100.1142,99.8859,1.7063,100.7939,100.7939,100.6529,1.6801
0.6370,100.0000,100.1606,100.1606,99.9315,1.7040,100.8226,100.8226,100.6811,1.6790
0.6380,100.0000,100.2066,100.2066,99.9773,1.7018,100.8511,100.8511,100.7094,1.6778
0.6390,100.0000,100.2521,100.2521,100.0232,1.6995,100.8792,100.8792,100.7377,1.6766
0.6400,100.0000,100.2972,100.2972,100.0690,1.6972,100.9069,100.9069,100.7660,1.6755
0.6410,100.0000,100.3417,100.3417,100.1146,1.6949,100.9341,100.9341,100.7942,1.6743
0.6420,100.0000,100.3855,100.3855,100.1600,1.6926,100.9606,100.9606,100.8222,1.6732
0.6430,100.0000,100.4285,100.4285,100.2051,1.6903,100.9865,100.9865,100.8499,1.6720
0.6440,100.0000,100.4707,100.4707,100.2498,1.6881,101.0116,101.0116,100.8772,1.6709
0.6450,100.0000,100.5120,100.5120,100.2940,1.6859,101.0360,101.0360,100.9041,1.6698
0.6460,100.0000,100.5522,100.5522,100.3376,1.6837,101.0594,101.0594,100.9305,1.6687
0.6470,100.0000,100.5914,100.5914,100.3805,1.6815,101.0819,101.0819,100.9562,1.6676
0.6480,100.0000,100.6294,100.6294,100.4227,1.6794,101.1034,101.1034,100.9814,1.6665
0.6490,100.0000,100.6661,100.6661,100.4640,1.6773,101.1237,101.1237,101.0058,1.6655
0.6500,100.0000,100.7016,100.7016,100.5044,1.6753,101.1430,101.1430,101.0294,1.6645
0.6510,100.0000,100.7357,100.7357,100.5439,1.6733,101.1611,101.1611,101.0521,1.6636
0.6520,100.0000,100.7683,100.7683,100.5822,1.6714,101.1779,101.1779,101.0739,1.6627
0.6530,100.0000,100.7995,100.7995,100.6195,1.6695,101.1934,101.1934,101.0947,1.6618
0.6540,100.0000,100.8291,100.8291,100.6555,1.6677,101.2076,101.2076,101.1144,1.6610
0.6550,100.0000,100.8571,100.8571,100.6902,1.6659,101.2204,101.2204,101.1331,1.6602
0.6560,100.0000,100.8835,100.8835,100.7236,1.6642,101.2318,101.2318,101.1505,1.6594
0.6570,100.0000,100.9081,100.9081,100.7556,1.6626,101.2416,101.2416,101.1668,1.6587
0.6580,100.0000,100.9310,100.9310,100.7861,1.6610,101.2500,101.2500,101.1817,1.6581
0.6590,100.0000,100.9522,100.9522,100.8151,1.6595,101.2569,101.2569,101.1954,1.6575
0.6600,100.0000,100.9715,100.9715,100.8425,1.6581,101.2622,101.2622,101.2077,1.6569
0.6610,100.0000,100.9890,100.9890,100.8683,1.6568,101.2659,101.2659,101.2186,1.6565
0.6620,100.0000,101.0046,101.0046,100.8924,1.6556,101.2680,101.2680,101.2280,1.6560
0.6630,100.0000,101.0184,101.0184,100.9149,1.6544,101.2684,101.2684,101.2360,1.6557
0.6640,100.0000,101.0302,101.0302,100.9356,1.6533,101.2673,101.2673,101.2425,1.6553
0.6650,100.0000,101.0401,101.0401,100.9545,1.6524,101.2645,101.2645,101.2475,1.6551
0.6660,100.0000,101.0481,101.0481,100.9716,1.6515,101.2600,101.2600,101.2509,1.6549
0.6670,100.0000,101.0542,101.0542,100.9869,1.6507,101.2538,101.2538,101.2527,1.6548
0.6680,100.0000,101.0583,101.0583,101.0004,1.6500,101.2461,101.2461,101.2529,1.6547
0.6690,100.0000,101.0605,101.0605,101.0119,1.6493,101.2366,101.2366,101.2515,1.6547
0.6700,100.0000,101.0607,101.0607,101.0217,1.6488,101.2256,101.2256,101.2486,1.6548
0.6710,100.0000,101.0591,101.0591,101.0295,1.6484,101.2129,101.2129,101.2440,1.6549
0.6720,100.0000,101.0555,101.0555,101.0354,1.6480,101.1985,101.1985,101.2377,1.6551
0.6730,100.0000,101.0501,101.0501,101.0394,1.6478,101.1826,101.1826,101.2299,1.6554
0.6740,100.0000,101.0428,101.0428,101.0415,1.6477,101.1651,101.1651,101.2205,1.6557
0.6750,100.0000,101.0336,101.0336,101.0418,1.6476,101.1461,101.1461,101.2094,1.6561
0.6760,100.0000,101.0227,101.0227,101.0401,1.6477,101.1256,101.1256,101.1967,1.6566
0.6770,100.0000,101.0100,101.0100,101.0367,1.6478,101.1035,101.1035,101.1825,1.6571
0.6780,100.0000,100.9955,100.9955,101.0313,1.6480,101.0800,101.0800,101.1667,1.6577
0.6790,100.0000,100.9794,100.9794,101.0242,1.6483,101.0552,101.0552,101.1494,1.6584
0.6800,100.0000,100.9616,100.9616,101.0152,1.6487,101.0289,101.0289,101.1305,1.6591
0.6810,100.0000,100.9422,100.9422,101.0045,1.6492,101.0013,101.0013,101.1102,1.6598
0.6820,100.0000,100.9213,100.9213,100.9920,1.6498,100.9725,100.9725,101.0884,1.6607
0.6830,100.0000,100.8989,100.8989,100.9779,1.6505,100.9424,100.9424,101.0652,1.6616
0.6840,100.0000,100.8750,100.8750,100.9621,1.6512,100.9111,100.9111,101.0406,1.6625
0.6850,100.0000,100.8497,100.8497,100.9447,1.6521,100.8787,100.8787,101.0147,1.6635
0.6860,100.0000,100.8232,100.8232,100.9257,1.6530,100.8453,100.8453,100.9875,1.6646
0.6870,100.0000,100.7953,100.7953,100.9052,1.6540,100.8109,100.8109,100.9591,1.6657
0.6880,100.0000,100.7663,100.7663,100.8832,1.6550,100.7755,100.7755,100.9294,1.6668
0.6890,100.0000,100.7361,100.7361,100.8598,1.6562,100.7393,100.7393,100.8987,1.6680
0.6900,100.0000,100.7049,100.7049,100.8351,1.6574,100.7022,100.7022,100.8668,1.6693
0.6910,100.0000,100.6728,100.6728,100.8091,1.6587,100.6645,100.6645,100.8339,1.6706
0.6920,100.0000,100.6397,100.6397,100.7818,1.6600,100.6260,100.6260,100.8000,1.6719
0.6930,100.0000,100.6058,100.6058,100.7534,1.6614,100.5870,100.5870,100.7652,1.6733
0.6940,100.0000,100.5711,100.5711,100.7238,1.6628,100.5475,90.0728,100.7296,1.6747
0.6950,100.0000,100.5357,90.1742,100.6933,1.6643,100.5079,90.0947,98.5982,1.7603
0.6960,100.0000,100.5003,90.1963,98.5895,1.7695,100.4687,90.1904,96.8975,1.8287
0.6970,100.0000,100.4653,90.2948,96.9109,1.8535,100.4302,90.3557,95.5561,1.8828
0.6980,100.0000,100.4311,90.4645,95.5876,1.9198,100.3927,90.5860,94.5160,1.9251
0.6990,100.0000,100.3980,90.7004,94.5630,1.9712,100.3563,90.8764,93.7300,1.9570
0.7000,100.0000,100.3662,90.9972,93.7905,2.0098,100.3212,91.2220,93.1593,1.9802
0.7010,100.0000,100.3359,91.3495,93.2318,2.0378,100.2875,91.6172,92.7718,1.9961
0.7020,100.0000,100.3072,91.7517,92.8554,2.0567,100.2554,92.0565,92.5409,2.0055
0.7030,100.0000,100.2803,92.1977,92.6346,2.0677,100.2249,92.5337,92.4440,2.0095
0.7040,100.0000,100.2552,92.6815,92.5472,2.0721,100.1960,93.0426,92.4620,2.0089
0.7050,100.0000,100.2320,93.1966,92.5741,2.0708,100.1688,93.5765,92.5781,2.0042
0.7060,100.0000,100.2106,93.7365,92.6986,2.0647,100.1432,94.1288,92.7778,1.9961
0.7070,100.0000,100.1911,94.2940,92.9062,2.0543,100.1193,94.6923,93.0480,1.9851
0.7080,100.0000,100.1735,94.8622,93.1837,2.0405,100.0971,95.2599,93.3768,1.9718
0.7090,100.0000,100.1576,95.4339,93.5194,2.0237,100.0766,95.8242,93.7534,1.9565
0.7100,100.0000,100.1436,96.0017,93.9023,2.0046,100.0576,96.3782,94.1676,1.9397
0.7110,100.0000,100.1313,96.5585,94.3222,1.9836,100.0402,96.9146,94.6097,1.9219
0.7120,100.0000,100.1207,97.0968,94.7695,1.9613,100.0244,97.4262,95.0707,1.9033
0.7130,100.0000,100.1116,97.6097,95.2349,1.9380,100.0101,97.9064,95.5418,1.8843
0.7140,100.0000,100.1042,98.0902,95.7099,1.9143,99.9973,98.3486,96.0147,1.8653
0.7150,100.0000,100.0983,98.5317,96.1859,1.8905,99.9859,98.7468,96.4815,1.8465
0.7160,100.0000,100.0938,98.9283,96.6551,1.8671,99.9760,99.0953,96.9346,1.8283
0.7170,100.0000,100.0908,99.2741,97.1097,1.8444,99.9674,99.3893,97.3667,1.8109
0.7180,100.0000,100.0891,99.5643,97.5426,1.8227,99.9602,99.6244,97.7712,1.7947
0.7190,100.0000,100.0887,99.7945,97.9470,1.8025,99.9544,99.7971,98.1418,1.7798
0.7200,100.0000,100.0895,99.9613,98.3165,1.7841,99.9499,99.9049,98.4729,1.7664
0.7210,100.0000,100.0917,100.0620,98.6454,1.7676,99.9467,99.9460,98.7593,1.7549
0.7220,100.0000,100.0950,100.0950,98.9287,1.7535,99.9448,99.9448,98.9966,1.7454
0.7230,100.0000,100.0996,100.0996,99.1620,1.7418,99.9443,99.9443,99.1863,1.7378
0.7240,100.0000,100.1054,100.1054,99.3495,1.7324,99.9451,99.9451,99.3379,1.7317
0.7250,100.0000,100.1125,100.1125,99.5007,1.7249,99.9474,99.9474,99.4593,1.7268
0.7260,100.0000,100.1208,100.1208,99.6231,1.7188,99.9510,99.9510,99.5569,1.7229
0.7270,100.0000,100.1304,100.1304,99.7226,1.7138,99.9560,99.9560,99.6357,1.7197
0.7280,100.0000,100.1413,100.1413,99.8042,1.7097,99.9625,99.9625,99.6998,1.7171
0.7290,100.0000,100.1535,100.1535,99.8716,1.7063,99.9704,99.9704,99.7523,1.7150
0.7300,100.0000,100.1670,100.1670,99.9280,1.7035,99.9798,99.9798,99.7959,1.7133
0.7310,100.0000,100.1819,100.1819,99.9758,1.7011,99.9907,99.9907,99.8327,1.7118
0.7320,100.0000,100.1981,100.1981,100.0170,1.6991,100.0030,100.0030,99.8643,1.7105
0.7330,100.0000,100.2156,100.2156,100.0532,1.6973,100.0169,100.0169,99.8921,1.7094
0.7340,100.0000,100.2345,100.2345,100.0857,1.6956,100.0323,100.0323,99.9170,1.7084
0.7350,100.0000,100.2548,100.2548,100.1155,1.6941,100.0492,100.0492,99.9401,1.7075
0.7360,100.0000,100.2765,100.2765,100.1433,1.6928,100.0677,100.0677,99.9619,1.7066
0.7370,100.0000,100.2995,100.2995,100.1700,1.6914,100.0876,100.0876,99.9831,1.7057
0.7380,100.0000,100.3238,100.3238,100.1959,1.6901,100.1090,100.1090,100.0040,1.7049
0.7390,100.0000,100.3495,100.3495,100.2215,1.6888,100.1319,100.1319,100.0250,1.7041
0.7400,100.0000,100.3765,100.3765,100.2471,1.6876,100.1563,100.1563,100.0464,1.7032
0.7410,100.0000,100.4048,100.4048,100.2730,1.6863,100.1821,100.1821,100.0684,1.7023
0.7420,100.0000,100.4344,100.4344,100.2993,1.6849,100.2093,100.2093,100.0911,1.7014
0.7430,100.0000,100.4653,100.4653,100.3264,1.6836,100.2379,100.2379,100.1147,1.7004
0.7440,100.0000,100.4973,100.4973,100.3541,1.6822,100.2678,100.2678,100.1394,1.6995
0.7450,100.0000,100.5305,100.5305,100.3828,1.6808,100.2991,100.2991,100.1651,1.6984
0.7460,100.0000,100.5649,100.5649,100.4123,1.6793,100.3316,100.3316,100.1919,1.6973
0.7470,100.0000,100.6003,100.6003,100.4428,1.6778,100.3654,100.3654,100.2198,1.6962
0.7480,100.0000,100.6368,100.6368,100.4743,1.6762,100.4003,100.4003,100.2489,1.6950
0.7490,100.0000,100.6743,100.6743,100.5068,1.6746,100.4364,100.4364,100.2792,1.6938
0.7500,100.0000,100.7127,100.7127,100.5403,1.6729,100.4735,100.4735,100.3106,1.6926
0.7510,100.0000,100.7520,100.7520,100.5748,1.6712,100.5116,100.5116,100.3432,1.6912
0.7520,100.0000,100.7921,100.7921,100.6102,1.6694,100.5507,100.5507,100.3769,1.6899
0.7530,100.0000,100.8329,100.8329,100.6466,1.6676,100.5907,100.5907,100.4116,1.6885
0.7540,100.0000,100.8745,100.8745,100.6839,1.6657,100.6314,100.6314,100.4474,1.6870
0.7550,100.0000,100.9166,100.9166,100.7220,1.6638,100.6730,100.6730,100.4842,1.6856
0.7560,100.0000,100.9593,100.9593,100.7609,1.6618,100.7152,100.7152,100.5220,1.6840
0.7570,100.0000,101.0024,101.0024,100.8006,1.6598,100.7580,100.7580,100.5606,1.6825
0.7580,100.0000,101.0460,101.0460,100.8410,1.6578,100.8013,100.8013,100.6001,1.6809
0.7590,100.0000,101.0899,101.0899,100.8820,1.6558,100.8451,100.8451,100.6403,1.6793
0.7600,100.0000,101.1340,101.1340,100.9235,1.6537,100.8893,100.8893,100.6813,1.6776
0.7610,100.0000,101.1782,101.1782,100.9656,1.6516,100.9337,100.9337,100.7229,1.6759
0.7620,100.0000,101.2226,101.2226,101.0081,1.6494,100.9783,100.9783,100.7651,1.6742
0.7630,100.0000,101.2669,101.2669,101.0510,1.6473,101.0231,101.0231,100.8077,1.6725
0.7640,100.0000,101.3111,101.3111,101.0942,1.6451,101.0679,101.0679,100.8508,1.6708
0.7650,100.0000,101.3552,101.3552,101.1376,1.6430,101.1127,101.1127,100.8942,1.6690
0.7660,100.0000,101.3989,101.3989,101.1811,1.6408,101.1573,101.1573,100.9379,1.6673
0.7670,100.0000,101.4424,101.4424,101.2247,1.6386,101.2018,101.2018,100.9818,1.6655
0.7680,100.0000,101.4854,101.4854,101.2682,1.6364,101.2459,101.2459,101.0258,1.6637
0.7690,100.0000,101.5279,101.5279,101.3117,1.6342,101.2896,101.2896,101.0698,1.6619
0.7700,100.0000,101.5698,101.5698,101.3549,1.6321,101.3329,101.3329,101.1138,1.6602
0.7710,100.0000,101.6111,101.6111,101.3979,1.6299,101.3756,101.3756,101.1576,1.6584
0.7720,100.0000,101.6516,101.6516,101.4405,1.6278,101.4177,101.4177,101.2012,1.6566
0.7730,100.0000,101.6912,101.6912,101.4827,1.6256,101.4591,101.4591,101.2445,1.6549
0.7740,100.0000,101.7299,101.7299,101.5244,1.6236,101.4996,101.4996,101.2874,1.6532
0.7750,100.0000,101.7676,101.7676,101.5655,1.6215,101.5393,101.5393,101.3298,1.6514
0.7760,100.0000,101.8043,101.8043,101.6059,1.6195,101.5781,101.5781,101.3717,1.6497
0.7770,100.0000,101.8398,101.8398,101.6456,1.6174,101.6158,101.6158,101.4130,1.6480
0.7780,100.0000,101.8741,101.8741,101.6845,1.6154,101.6524,101.6524,101.4536,1.6463
0.7790,100.0000,101.9071,101.9071,101.7224,1.6134,101.6879,101.6879,101.4933,1.6446
0.7800,100.0000,101.9388,101.9388,101.7593,1.6115,101.7221,101.7221,101.5322,1.6430
0.7810,100.0000,101.9690,101.9690,101.7952,1.6097,101.7550,101.7550,101.5702,1.6414
0.7820,100.0000,101.9977,101.9977,101.8300,1.6079,101.7865,101.7865,101.6072,1.6399
0.7830,100.0000,102.0250,102.0250,101.8635,1.6061,101.8165,101.8165,101.6430,1.6384
0.7840,100.0000,102.0506,102.0506,101.8958,1.6044,101.8451,101.8451,101.6777,1.6369
0.7850,100.0000,102.0745,102.0745,101.9268,1.6028,101.8721,101.8721,101.7112,1.6355
0.7860,100.0000,102.0968,102.0968,101.9563,1.6013,101.8976,101.8976,101.7434,1.6341
0.7870,100.0000,102.1173,102.1173,101.9844,1.5998,101.9213,101.9213,101.7742,1.6328
0.7880,100.0000,102.1360,102.1360,102.0110,1.5984,101.9434,101.9434,101.8036,1.6316
0.7890,100.0000,102.1529,102.1529,102.0360,1.5970,101.9637,101.9637,101.8316,1.6304
0.7900,100.0000,102.1680,102.1680,102.0594,1.5958,101.9822,101.9822,101.8580,1.6292
0.7910,100.0000,102.1811,102.1811,102.0811,1.5946,101.9989,101.9989,101.8829,1.6282
0.7920,100.0000,102.1923,102.1923,102.1011,1.5936,102.0138,102.0138,101.9061,1.6272
0.7930,100.0000,102.2015,102.2015,102.1193,1.5926,102.0268,102.0268,101.9276,1.6262
0.7940,100.0000,102.2087,102.2087,102.1358,1.5917,102.0378,102.0378,101.9474,1.6253
0.7950,100.0000,102.2140,102.2140,102.1504,1.5908,102.0470,102.0470,101.9655,1.6245
0.7960,100.0000,102.2172,102.2172,102.1631,1.5901,102.0542,102.0542,101.9818,1.6238
0.7970,100.0000,102.2185,102.2185,102.1739,1.5895,102.0594,102.0594,101.9963,1.6232
0.7980,100.0000,102.2176,102.2176,102.1828,1.5890,102.0627,102.0627,102.0089,1.6226
0.7990,100.0000,102.2148,102.2148,102.1898,1.5885,102.0640,102.0640,102.0197,1.6221
0.8000,100.0000,102.2099,102.2099,102.1948,1.5882,102.0633,102.0633,102.0285,1.6216
0.8010,100.0000,102.2030,102.2030,102.1978,1.5880,102.0606,102.0606,102.0355,1.6213
0.8020,100.0000,102.1940,102.1940,102.1988,1.5878,102.0560,102.0560,102.0405,1.6210
0.8030,100.0000,102.1831,102.1831,102.1979,1.5878,102.0494,102.0494,102.0436,1.6208
0.8040,100.0000,102.1701,102.1701,102.1949,1.5879,102.0408,102.0408,102.0448,1.6206
0.8050,100.0000,102.1552,102.1552,102.1900,1.5880,102.0304,102.0304,102.0440,1.6206
0.8060,100.0000,102.1383,102.1383,102.1830,1.5883,102.0180,102.0180,102.0413,1.6206
0.8070,100.0000,102.1195,102.1195,102.1741,1.5887,102.0037,102.0037,102.0366,1.6207
0.8080,100.0000,102.0988,102.0988,102.1632,1.5891,101.9875,101.9875,102.0300,1.6209
0.8090,100.0000,102.0762,102.0762,102.1503,1.5897,101.9696,101.9696,102.0215,1.6212
0.8100,100.0000,102.0518,102.0518,102.1355,1.5903,101.9498,101.9498,102.0111,1.6215
0.8110,100.0000,102.0255,102.0255,102.1187,1.5911,101.9282,101.9282,101.9989,1.6219
0.8120,100.0000,101.9976,101.9976,102.1001,1.5919,101.9049,101.9049,101.9847,1.6224
0.8130,100.0000,101.9679,101.9679,102.0796,1.5929,101.8800,101.8800,101.9688,1.6230
0.8140,100.0000,101.9365,101.9365,102.0572,1.5939,101.8534,101.8534,101.9510,1.6236
0.8150,100.0000,101.9036,101.9036,102.0331,1.5951,101.8253,101.8253,101.9315,1.6243
0.8160,100.0000,101.8690,101.8690,102.0072,1.5963,101.7956,101.7956,101.9102,1.6251
0.8170,100.0000,101.8330,101.8330,101.9796,1.5976,101.7644,101.7644,101.8873,1.6260
0.8180,100.0000,101.7955,101.7955,101.9502,1.5990,101.7318,101.7318,101.8627,1.6269
0.8190,100.0000,101.7567,101.7567,101.9193,1.6004,101.6979,101.6979,101.8365,1.6279
0.8200,100.0000,101.7165,101.7165,101.8868,1.6020,101.6626,101.6626,101.8088,1.6289
0.8210,100.0000,101.6751,101.6751,101.8527,1.6036,101.6261,101.6261,101.7796,1.6300
0.8220,100.0000,101.6325,101.6325,101.8172,1.6053,101.5885,101.5885,101.7489,1.6312
0.8230,100.0000,101.5887,101.5887,101.7803,1.6071,101.5498,101.5498,101.7168,1.6324
0.8240,100.0000,101.5439,101.5439,101.7419,1.6090,101.5100,101.5100,101.6834,1.6337
0.8250,100.0000,101.4981,101.4981,101.7023,1.6109,101.4693,101.4693,101.6487,1.6350
0.8260,100.0000,101.4514,101.4514,101.6615,1.6128,101.4277,101.4277,101.6128,1.6364
0.8270,100.0000,101.4039,101.4039,101.6195,1.6149,101.3853,101.3853,101.5758,1.6378
0.8280,100.0000,101.3557,101.3557,101.5764,1.6170,101.3422,101.3422,101.5377,1.6393
0.8290,100.0000,101.3067,101.3067,101.5322,1.6191,101.2984,90.7254,101.4986,1.6408
0.8300,100.0000,101.2572,90.5365,101.4871,1.6213,101.2544,90.7462,99.3440,1.7274
0.8310,100.0000,101.2077,90.5725,99.2970,1.7308,101.2108,90.8416,97.6244,1.7966
0.8320,100.0000,101.1586,90.6840,97.5521,1.8181,101.1677,91.0071,96.2679,1.8514
0.8330,100.0000,101.1105,90.8658,96.1785,1.8868,101.1254,91.2380,95.2157,1.8940
0.8340,100.0000,101.0636,91.1123,95.1159,1.9401,101.0842,91.5294,94.4202,1.9264
0.8350,100.0000,101.0180,91.4181,94.3152,1.9803,101.0442,91.8761,93.8420,1.9499
0.8360,100.0000,100.9741,91.7777,93.7358,2.0094,101.0055,92.2725,93.4488,1.9659
0.8370,100.0000,100.9319,92.1853,93.3442,2.0290,100.9683,92.7129,93.2136,1.9755
0.8380,100.0000,100.8916,92.6351,93.1124,2.0406,100.9326,93.1911,93.1134,1.9797
0.8390,100.0000,100.8532,93.1209,93.0170,2.0454,100.8984,93.7008,93.1290,1.9791
0.8400,100.0000,100.8167,93.6364,93.0377,2.0444,100.8658,94.2353,93.2434,1.9745
0.8410,100.0000,100.7821,94.1750,93.1575,2.0384,100.8348,94.7877,93.4417,1.9664
0.8420,100.0000,100.7495,94.7302,93.3610,2.0283,100.8054,95.3509,93.7109,1.9555
0.8430,100.0000,100.7188,95.2948,93.6348,2.0146,100.7775,95.9178,94.0389,1.9422
0.8440,100.0000,100.6900,95.8620,93.9668,1.9981,100.7513,96.4810,94.4147,1.9270
0.8450,100.0000,100.6631,96.4246,94.3459,1.9791,100.7265,97.0332,94.8279,1.9103
0.8460,100.0000,100.6379,96.9756,94.7616,1.9584,100.7032,97.5672,95.2690,1.8925
0.8470,100.0000,100.6145,97.5079,95.2044,1.9363,100.6814,98.0761,95.7287,1.8740
0.8480,100.0000,100.5928,98.0145,95.6651,1.9133,100.6611,98.5528,96.1981,1.8551
0.8490,100.0000,100.5726,98.4890,96.1350,1.8898,100.6421,98.9910,96.6691,1.8361
0.8500,100.0000,100.5541,98.9247,96.6058,1.8663,100.6245,99.3846,97.1335,1.8174
0.8510,100.0000,100.5370,99.3158,97.0696,1.8431,100.6083,99.7280,97.5837,1.7993
0.8520,100.0000,100.5214,99.6568,97.5188,1.8206,100.5933,100.0163,98.0126,1.7821
0.8530,100.0000,100.5071,99.9427,97.9464,1.7993,100.5797,100.2453,98.4133,1.7659
0.8540,100.0000,100.4943,100.1693,98.3457,1.7793,100.5672,100.4114,98.7797,1.7512
0.8550,100.0000,100.4827,100.3332,98.7104,1.7611,100.5561,100.5121,99.1060,1.7381
0.8560,100.0000,100.4724,100.4318,99.0350,1.7449,100.5462,100.5456,99.3873,1.7268
0.8570,100.0000,100.4634,100.4632,99.3143,1.7309,100.5376,100.5376,99.6189,1.7174
0.8580,100.0000,100.4557,100.4557,99.5441,1.7194,100.5302,100.5302,99.8027,1.7100
0.8590,100.0000,100.4492,100.4492,99.7264,1.7103,100.5241,100.5241,99.9482,1.7042
0.8600,100.0000,100.4440,100.4440,99.8710,1.7031,100.5193,100.5193,100.0634,1.6995
0.8610,100.0000,100.4400,100.4400,99.9856,1.6973,100.5159,100.5159,100.1545,1.6959
0.8620,100.0000,100.4374,100.4374,100.0765,1.6928,100.5138,100.5138,100.2268,1.6930
0.8630,100.0000,100.4361,100.4361,100.1486,1.6892,100.5130,100.5130,100.2842,1.6906
0.8640,100.0000,100.4362,100.4362,100.2061,1.6863,100.5137,100.5137,100.3300,1.6888
0.8650,100.0000,100.4376,100.4376,100.2521,1.6840,100.5157,100.5157,100.3667,1.6873
0.8660,100.0000,100.4403,100.4403,100.2892,1.6821,100.5192,100.5192,100.3965,1.6861
0.8670,100.0000,100.4445,100.4445,100.3195,1.6806,100.5242,100.5242,100.4211,1.6851
0.8680,100.0000,100.4501,100.4501,100.3445,1.6794,100.5305,100.5305,100.4417,1.6843
0.8690,100.0000,100.4571,100.4571,100.3656,1.6783,100.5384,100.5384,100.4595,1.6836
0.8700,100.0000,100.4655,100.4655,100.3839,1.6774,100.5477,100.5477,100.4753,1.6829
0.8710,100.0000,100.4753,100.4753,100.4002,1.6766,100.5584,100.5584,100.4897,1.6823
0.8720,100.0000,100.4865,100.4865,100.4152,1.6758,100.5706,100.5706,100.5035,1.6818
0.8730,100.0000,100.4992,100.4992,100.4295,1.6751,100.5843,100.5843,100.5169,1.6812
0.8740,100.0000,100.5133,100.5133,100.4434,1.6744,100.5994,100.5994,100.5304,1.6807
0.8750,100.0000,100.5287,100.5287,100.4574,1.6737,100.6159,100.6159,100.5442,1.6801
0.8760,100.0000,100.5456,100.5456,100.4716,1.6730,100.6338,100.6338,100.5585,1.6796
0.8770,100.0000,100.5638,100.5638,100.4864,1.6723,100.6531,100.6531,100.5736,1.6790
0.8780,100.0000,100.5833,100.5833,100.5019,1.6715,100.6738,100.6738,100.5895,1.6783
0.8790,100.0000,100.6042,100.6042,100.5182,1.6707,100.6958,100.6958,100.6064,1.6776
0.8800,100.0000,100.6264,100.6264,100.5354,1.6698,100.7191,100.7191,100.6242,1.6769
0.8810,100.0000,100.6497,100.6497,100.5536,1.6689,100.7436,100.7436,100.6432,1.6761
0.8820,100.0000,100.6743,100.6743,100.5728,1.6679,100.7693,100.7693,100.6633,1.6753
0.8830,100.0000,100.7001,100.7001,100.5931,1.6669,100.7962,100.7962,100.6845,1.6745
0.8840,100.0000,100.7270,100.7270,100.6145,1.6658,100.8243,100.8243,100.7068,1.6736
0.8850,100.0000,100.7549,100.7549,100.6370,1.6647,100.8534,100.8534,100.7303,1.6726
0.8860,100.0000,100.7839,100.7839,100.6606,1.6635,100.8835,100.8835,100.7549,1.6716
0.8870,100.0000,100.8139,100.8139,100.6853,1.6623,100.9146,100.9146,100.7807,1.6706
0.8880,100.0000,100.8447,100.8447,100.7110,1.6610,100.9465,100.9465,100.8074,1.6695
0.8890,100.0000,100.8764,100.8764,100.7377,1.6597,100.9793,100.9793,100.8353,1.6684
0.8900,100.0000,100.9089,100.9089,100.7655,1.6583,101.0129,101.0129,100.8641,1.6672
0.8910,100.0000,100.9421,100.9421,100.7942,1.6568,101.0472,101.0472,100.8938,1.6660
0.8920,100.0000,100.9759,100.9759,100.8237,1.6553,101.0821,101.0821,100.9245,1.6648
0.8930,100.0000,101.0104,101.0104,100.8542,1.6538,101.1176,101.1176,100.9560,1.6635
0.8940,100.0000,101.0453,101.0453,100.8854,1.6523,101.1536,101.1536,100.9883,1.6622
0.8950,100.0000,101.0807,101.0807,100.9174,1.6506,101.1900,101.1900,101.0214,1.6608
0.8960,100.0000,101.1164,101.1164,100.9501,1.6490,101.2267,101.2267,101.0551,1.6595
0.8970,100.0000,101.1524,101.1524,100.9833,1.6473,101.2637,101.2637,101.0894,1.6581
0.8980,100.0000,101.1887,101.1887,101.0172,1.6456,101.3008,101.3008,101.1243,1.6567
0.8990,100.0000,101.2250,101.2250,101.0515,1.6439,101.3381,101.3381,101.1596,1.6552
0.9000,100.0000,101.2614,101.2614,101.0862,1.6422,101.3754,101.3754,101.1953,1.6538
0.9010,100.0000,101.2978,101.2978,101.1212,1.6404,101.4127,101.4127,101.2313,1.6523
0.9020,100.0000,101.3340,101.3340,101.1565,1.6387,101.4498,101.4498,101.2676,1.6509
0.9030,100.0000,101.3700,101.3700,101.1920,1.6369,101.4867,101.4867,101.3040,1.6494
0.9040,100.0000,101.4058,101.4058,101.2276,1.6351,101.5233,101.5233,101.3406,1.6479
0.9050,100.0000,101.4412,101.4412,101.2633,1.6333,101.5595,101.5595,101.3771,1.6464
0.9060,100.0000,101.4762,101.4762,101.2989,1.6315,101.5952,101.5952,101.4136,1.6450
0.9070,100.0000,101.5107,101.5107,101.3343,1.6297,101.6305,101.6305,101.4499,1.6435
0.9080,100.0000,101.5445,101.5445,101.3696,1.6280,101.6651,101.6651,101.4860,1.6420
0.9090,100.0000,101.5777,101.5777,101.4046,1.6262,101.6990,101.6990,101.5218,1.6406
0.9100,100.0000,101.6102,101.6102,101.4392,1.6245,101.7321,101.7321,101.5573,1.6391
0.9110,100.0000,101.6418,101.6418,101.4734,1.6227,101.7644,101.7644,101.5922,1.6376
0.9120,100.0000,101.6725,101.6725,101.5071,1.6210,101.7958,101.7958,101.6267,1.6362
0.9130,100.0000,101.7022,101.7022,101.5402,1.6193,101.8261,101.8261,101.6605,1.6348
0.9140,100.0000,101.7309,101.7309,101.5726,1.6176,101.8555,101.8555,101.6936,1.6334
0.9150,100.0000,101.7585,101.7585,101.6042,1.6159,101.8837,101.8837,101.7260,1.6320
0.9160,100.0000,101.7849,101.7849,101.6351,1.6143,101.9107,101.9107,101.7575,1.6306
0.9170,100.0000,101.8101,101.8101,101.6651,1.6128,101.9364,101.9364,101.7881,1.6293
0.9180,100.0000,101.8339,101.8339,101.6941,1.6112,101.9608,101.9608,101.8178,1.6281
0.9190,100.0000,101.8564,101.8564,101.7220,1.6098,101.9839,101.9839,101.8464,1.6269
0.9200,100.0000,101.8774,101.8774,101.7489,1.6084,102.0055,102.0055,101.8739,1.6257
0.9210,100.0000,101.8970,101.8970,101.7746,1.6070,102.0256,102.0256,101.9002,1.6245
0.9220,100.0000,101.9150,101.9150,101.7991,1.6057,102.0442,102.0442,101.9253,1.6235
0.9230,100.0000,101.9315,101.9315,101.8223,1.6045,102.0612,102.0612,101.9491,1.6224
0.9240,100.0000,101.9464,101.9464,101.8441,1.6033,102.0766,102.0766,101.9715,1.6214
0.9250,100.0000,101.9596,101.9596,101.8646,1.6022,102.0903,102.0903,101.9925,1.6205
0.9260,100.0000,101.9710,101.9710,101.8836,1.6012,102.1024,102.1024,102.0121,1.6197
0.9270,100.0000,101.9808,101.9808,101.9011,1.6003,102.1126,102.1126,102.0301,1.6188
0.9280,100.0000,101.9888,101.9888,101.9170,1.5994,102.1212,102.1212,102.0466,1.6181
0.9290,100.0000,101.9949,101.9949,101.9314,1.5986,102.1279,102.1279,102.0615,1.6174
0.9300,100.0000,101.9993,101.9993,101.9441,1.5979,102.1328,102.1328,102.0748,1.6168
0.9310,100.0000,102.0018,102.0018,101.9551,1.5973,102.1359,102.1359,102.0864,1.6163
0.9320,100.0000,102.0025,102.0025,101.9645,1.5967,102.1371,102.1371,102.0963,1.6158
0.9330,100.0000,102.0013,102.0013,101.9721,1.5963,102.1365,102.1365,102.1045,1.6154
0.9340,100.0000,101.9982,101.9982,101.9779,1.5959,102.1340,102.1340,102.1109,1.6150
0.9350,100.0000,101.9932,101.9932,101.9820,1.5956,102.1296,102.1296,102.1155,1.6148
0.9360,100.0000,101.9863,101.9863,101.9842,1.5954,102.1233,102.1233,102.1183,1.6146
0.9370,100.0000,101.9775,101.9775,101.9846,1.5954,102.1152,102.1152,102.1193,1.6144
0.9380,100.0000,101.9668,101.9668,101.9832,1.5953,102.1052,102.1052,102.1185,1.6144
0.9390,100.0000,101.9543,101.9543,101.9799,1.5954,102.0933,102.0933,102.1158,1.6144
0.9400,100.0000,101.9398,101.9398,101.9748,1.5956,102.0796,102.0796,102.1113,1.6145
0.9410,100.0000,101.9236,101.9236,101.9678,1.5959,102.0640,102.0640,102.1050,1.6147
0.9420,100.0000,101.9054,101.9054,101.9590,1.5963,102.0466,102.0466,102.0968,1.6149
0.9430,100.0000,101.8855,101.8855,101.9483,1.5967,102.0275,102.0275,102.0867,1.6152
0.9440,100.0000,101.8637,101.8637,101.9357,1.5973,102.0066,102.0066,102.0749,1.6156
0.9450,100.0000,101.8402,101.8402,101.9213,1.5979,101.9839,101.9839,102.0612,1.6161
0.9460,100.0000,101.8150,101.8150,101.9051,1.5987,101.9595,101.9595,102.0458,1.6167
0.9470,100.0000,101.7881,101.7881,101.8871,1.5995,101.9335,101.9335,102.0285,1.6173
0.9480,100.0000,101.7595,101.7595,101.8673,1.6004,101.9059,101.9059,102.0095,1.6180
0.9490,100.0000,101.7293,101.7293,101.8457,1.6014,101.8766,101.8766,101.9888,1.6187
0.9500,100.0000,101.6975,101.6975,101.8224,1.6025,101.8459,101.8459,101.9664,1.6195
0.9510,100.0000,101.6642,101.6642,101.7975,1.6037,101.8136,101.8136,101.9423,1.6204
0.9520,100.0000,101.6294,101.6294,101.7708,1.6049,101.7799,101.7799,101.9165,1.6214
0.9530,100.0000,101.5931,101.5931,101.7425,1.6063,101.7449,101.7449,101.8892,1.6224
0.9540,100.0000,101.5555,101.5555,101.7126,1.6077,101.7085,101.7085,101.8604,1.6235
0.9550,100.0000,101.5166,101.5166,101.6812,1.6092,101.6708,101.6708,101.8300,1.6247
0.9560,100.0000,101.4764,101.4764,101.6483,1.6108,101.6319,101.6319,101.7981,1.6259
0.9570,100.0000,101.4351,101.4351,101.6139,1.6125,101.5919,101.5919,101.7649,1.6271
0.9580,100.0000,101.3926,101.3926,101.5782,1.6142,101.5507,101.5507,101.7303,1.6285
0.9590,100.0000,101.3490,101.3490,101.5410,1.6160,101.5086,101.5086,101.6944,1.6298
0.9600,100.0000,101.3044,101.3044,101.5026,1.6178,101.4655,101.4655,101.6572,1.6313
0.9610,100.0000,101.2589,101.2589,101.4630,1.6198,101.4216,101.4216,101.6189,1.6327
0.9620,100.0000,101.2125,101.2125,101.4222,1.6218,101.3768,101.3768,101.5794,1.6343
0.9630,100.0000,101.1653,101.1653,101.3802,1.6238,101.3313,101.3313,101.5389,1.6358
0.9640,100.0000,101.1174,101.1174,101.3372,1.6259,101.2852,101.2852,101.4974,1.6374
0.9650,100.0000,101.0689,101.0689,101.2933,1.6280,101.2384,90.5846,101.4549,1.6391
0.9660,100.0000,101.0198,90.2884,101.2484,1.6302,101.1916,90.6071,99.2809,1.7266
0.9670,100.0000,100.9708,90.2950,99.0564,1.7398,101.1451,90.7038,97.5461,1.7965
0.9680,100.0000,100.9223,90.3776,97.3041,1.8275,101.0993,90.8701,96.1776,1.8518
0.9690,100.0000,100.8747,90.5313,95.9188,1.8968,101.0543,91.1014,95.1161,1.8948
0.9700,100.0000,100.8283,90.7511,94.8413,1.9509,101.0105,91.3927,94.3132,1.9275
0.9710,100.0000,100.7833,91.0317,94.0233,1.9918,100.9680,91.7388,93.7291,1.9513
0.9720,100.0000,100.7401,91.3679,93.4250,2.0217,100.9268,92.1344,93.3310,1.9676
0.9730,100.0000,100.6985,91.7544,93.0135,2.0424,100.8872,92.5736,93.0917,1.9774
0.9740,100.0000,100.6589,92.1855,92.7617,2.0550,100.8491,93.0505,92.9881,1.9816
0.9750,100.0000,100.6212,92.6552,92.6465,2.0608,100.8126,93.5586,93.0006,1.9812
0.9760,100.0000,100.5855,93.1576,92.6482,2.0607,100.7778,94.0914,93.1122,1.9767
0.9770,100.0000,100.5518,93.6862,92.7501,2.0557,100.7446,94.6422,93.3080,1.9687
0.9780,100.0000,100.5201,94.2344,92.9373,2.0463,100.7130,95.2040,93.5749,1.9579
0.9790,100.0000,100.4903,94.7955,93.1967,2.0334,100.6830,95.7696,93.9007,1.9447
0.9800,100.0000,100.4625,95.3625,93.5165,2.0175,100.6547,96.3319,94.2745,1.9295
0.9810,100.0000,100.4366,95.9286,93.8857,1.9990,100.6279,96.8834,94.6860,1.9129
0.9820,100.0000,100.4126,96.4864,94.2943,1.9786,100.6027,97.4173,95.1255,1.8951
0.9830,100.0000,100.3904,97.0290,94.7327,1.9567,100.5790,97.9265,95.5838,1.8766
0.9840,100.0000,100.3698,97.5495,95.1920,1.9338,100.5568,98.4042,96.0524,1.8578
0.9850,100.0000,100.3510,98.0409,95.6635,1.9102,100.5360,98.8439,96.5227,1.8388
0.9860,100.0000,100.3338,98.4969,96.1389,1.8865,100.5166,99.2396,96.9870,1.8201
0.9870,100.0000,100.3181,98.9112,96.6105,1.8629,100.4986,99.5859,97.4375,1.8019
0.9880,100.0000,100.3039,99.2780,97.0707,1.8399,100.4819,99.8776,97.8672,1.7846
0.9890,100.0000,100.2911,99.5923,97.5121,1.8179,100.4666,100.1107,98.2693,1.7684
0.9900,100.0000,100.2798,99.8493,97.9282,1.7971,100.4525,100.2814,98.6375,1.7536
0.9910,100.0000,100.2698,100.0453,98.3124,1.7779,100.4398,100.3873,98.9663,1.7404
0.9920,100.0000,100.2611,100.1772,98.6590,1.7605,100.4283,100.4264,99.2505,1.7289
0.9930,100.0000,100.2537,100.2428,98.9626,1.7454,100.4182,100.4182,99.4857,1.7194
0.9940,100.0000,100.2476,100.2476,99.2186,1.7326,100.4093,100.4093,99.6722,1.7119
0.9950,100.0000,100.2427,100.2427,99.4244,1.7223,100.4017,100.4017,99.8196,1.7060
0.9960,100.0000,100.2392,100.2392,99.5881,1.7141,100.3955,100.3955,99.9360,1.7013
0.9970,100.0000,100.2370,100.2370,99.7183,1.7076,100.3906,100.3906,100.0279,1.6976
0.9980,100.0000,100.2360,100.2360,99.8220,1.7024,100.3871,100.3871,100.1005,1.6947
0.9990,100.0000,100.2364,100.2364,99.9048,1.6983,100.3850,100.3850,100.1578,1.6924
1.0000,100.0000,100.2382,100.2382,99.9712,1.6950,100.3843,100.3843,100.2032,1.6905
1.0010,100.0000,100.2413,100.2413,100.0246,1.6923,100.3851,100.3851,100.2395,1.6891
1.0020,100.0000,100.2458,100.2458,100.0679,1.6901,100.3873,100.3873,100.2686,1.6879
1.0030,100.0000,100.2517,100.2517,100.1035,1.6883,100.3909,100.3909,100.2923,1.6869
1.0040,100.0000,100.2590,100.2590,100.1331,1.6869,100.3961,100.3961,100.3120,1.6861
1.0050,100.0000,100.2677,100.2677,100.1583,1.6856,100.4027,100.4027,100.3288,1.6855
1.0060,100.0000,100.2778,100.2778,100.1802,1.6845,100.4108,100.4108,100.3436,1.6849
1.0070,100.0000,100.2894,100.2894,100.1997,1.6835,100.4204,100.4204,100.3571,1.6843
1.0080,100.0000,100.3024,100.3024,100.2176,1.6826,100.4315,100.4315,100.3697,1.6838
1.0090,100.0000,100.3169,100.3169,100.2346,1.6818,100.4441,100.4441,100.3821,1.6833
1.0100,100.0000,100.3327,100.3327,100.2510,1.6810,100.4581,100.4581,100.3945,1.6828
1.0110,100.0000,100.3500,100.3500,100.2674,1.6801,100.4736,100.4736,100.4072,1.6823
1.0120,100.0000,100.3687,100.3687,100.2839,1.6793,100.4906,100.4906,100.4205,1.6818
1.0130,100.0000,100.3887,100.3887,100.3009,1.6785,100.5089,100.5089,100.4345,1.6812
1.0140,100.0000,100.4101,100.4101,100.3184,1.6776,100.5287,100.5287,100.4494,1.6806
1.0150,100.0000,100.4328,100.4328,100.3368,1.6767,100.5498,100.5498,100.4653,1.6799
1.0160,100.0000,100.4569,100.4569,100.3560,1.6757,100.5722,100.5722,100.4822,1.6793
1.0170,100.0000,100.4821,100.4821,100.3762,1.6747,100.5959,100.5959,100.5002,1.6785
1.0180,100.0000,100.5087,100.5087,100.3974,1.6736,100.6209,100.6209,100.5193,1.6778
1.0190,100.0000,100.5363,100.5363,100.4196,1.6725,100.6471,100.6471,100.5396,1.6769
1.0200,100.0000,100.5652,100.5652,100.4430,1.6713,100.6744,100.6744,100.5611,1.6761
1.0210,100.0000,100.5951,100.5951,100.4674,1.6701,100.7028,100.7028,100.5838,1.6752
1.0220,100.0000,100.6261,100.6261,100.4929,1.6688,100.7323,100.7323,100.6076,1.6742
1.0230,100.0000,100.6580,100.6580,100.5196,1.6675,100.7628,100.7628,100.6325,1.6732
1.0240,100.0000,100.6909,100.6909,100.5473,1.6661,100.7942,100.7942,100.6586,1.6721
1.0250,100.0000,100.7246,100.7246,100.5760,1.6647,100.8265,100.8265,100.6857,1.6710
1.0260,100.0000,100.7592,100.7592,100.6057,1.6632,100.8597,100.8597,100.7139,1.6699
1.0270,100.0000,100.7944,100.7944,100.6364,1.6616,100.8935,100.8935,100.7430,1.6687
1.0280,100.0000,100.8304,100.8304,100.6680,1.6601,100.9281,100.9281,100.7731,1.6675
1.0290,100.0000,100.8669,100.8669,100.7005,1.6584,100.9632,100.9632,100.8041,1.6662
1.0300,100.0000,100.9040,100.9040,100.7338,1.6568,100.9989,100.9989,100.8360,1.6650
1.0310,100.0000,100.9415,100.9415,100.7678,1.6551,101.0351,101.0351,100.8685,1.6636
1.0320,100.0000,100.9794,100.9794,100.8025,1.6533,101.0716,101.0716,100.9018,1.6623
1.0330,100.0000,101.0176,101.0176,100.8379,1.6516,101.1084,101.1084,100.9358,1.6609
1.0340,100.0000,101.0560,101.0560,100.8738,1.6498,101.1455,101.1455,100.9703,1.6595
1.0350,100.0000,101.0946,101.0946,100.9103,1.6479,101.1827,101.1827,101.0054,1.6581
1.0360,100.0000,101.1331,101.1331,100.9471,1.6461,101.2200,101.2200,101.0408,1.6567
1.0370,100.0000,101.1717,101.1717,100.9843,1.6442,101.2573,101.2573,101.0767,1.6552
1.0380,100.0000,101.2102,101.2102,101.0218,1.6423,101.2944,101.2944,101.1128,1.6538
1.0390,100.0000,101.2485,101.2485,101.0595,1.6404,101.3314,101.3314,101.1491,1.6523
1.0400,100.0000,101.2865,101.2865,101.0973,1.6385,101.3682,101.3682,101.1856,1.6508
1.0410,100.0000,101.3242,101.3242,101.1351,1.6366,101.4046,101.4046,101.2221,1.6493
1.0420,100.0000,101.3614,101.3614,101.1730,1.6348,101.4406,101.4406,101.2586,1.6478
1.0430,100.0000,101.3982,101.3982,101.2106,1.6329,101.4761,101.4761,101.2950,1.6464
1.0440,100.0000,101.4343,101.4343,101.2481,1.6310,101.5110,101.5110,101.3312,1.6449
1.0450,100.0000,101.4697,101.4697,101.2854,1.6291,101.5453,101.5453,101.3672,1.6434
1.0460,100.0000,101.5045,101.5045,101.3223,1.6273,101.5788,101.5788,101.4028,1.6420
1.0470,100.0000,101.5383,101.5383,101.3587,1.6254,101.6116,101.6116,101.4380,1.6405
1.0480,100.0000,101.5713,101.5713,101.3946,1.6236,101.6434,101.6434,101.4727,1.6390
1.0490,100.0000,101.6033,101.6033,101.4300,1.6218,101.6743,101.6743,101.5069,1.6376
1.0500,100.0000,101.6343,101.6343,101.4646,1.6200,101.7042,101.7042,101.5404,1.6362
1.0510,100.0000,101.6641,101.6641,101.4986,1.6182,101.7330,101.7330,101.5731,1.6348
1.0520,100.0000,101.6927,101.6927,101.5317,1.6165,101.7607,101.7607,101.6051,1.6335
1.0530,100.0000,101.7201,101.7201,101.5639,1.6148,101.7871,101.7871,101.6362,1.6321
1.0540,100.0000,101.7462,101.7462,101.5951,1.6132,101.8122,101.8122,101.6664,1.6309
1.0550,100.0000,101.7709,101.7709,101.6253,1.6116,101.8360,101.8360,101.6955,1.6296
1.0560,100.0000,101.7941,101.7941,101.6544,1.6101,101.8583,101.8583,101.7236,1.6284
1.0570,100.0000,101.8159,101.8159,101.6824,1.6087,101.8793,101.8793,101.7506,1.6273
1.0580,100.0000,101.8361,101.8361,101.7091,1.6073,101.8987,101.8987,101.7763,1.6262
1.0590,100.0000,101.8547,101.8547,101.7345,1.6059,101.9166,101.9166,101.8008,1.6251
1.0600,100.0000,101.8717,101.8717,101.7585,1.6047,101.9328,101.9328,101.8239,1.6241
1.0610,100.0000,101.8870,101.8870,101.7812,1.6035,101.9475,101.9475,101.8457,1.6231
1.0620,100.0000,101.9006,101.9006,101.8023,1.6023,101.9604,101.9604,101.8661,1.6223
1.0630,100.0000,101.9124,101.9124,101.8220,1.6013,101.9717,101.9717,101.8849,1.6214
1.0640,100.0000,101.9224,101.9224,101.8401,1.6003,101.9811,101.9811,101.9023,1.6206
1.0650,100.0000,101.9307,101.9307,101.8566,1.5994,101.9889,101.9889,101.9181,1.6199
1.0660,100.0000,101.9370,101.9370,101.8714,1.5986,101.9948,101.9948,101.9322,1.6193
1.0670,100.0000,101.9415,101.9415,101.8845,1.5979,101.9989,101.9989,101.9447,1.6187
1.0680,100.0000,101.9441,101.9441,101.8959,1.5972,102.0012,102.0012,101.9556,1.6182
1.0690,100.0000,101.9448,101.9448,101.9055,1.5967,102.0016,102.0016,101.9647,1.6178
1.0700,100.0000,101.9436,101.9436,101.9134,1.5962,102.0001,102.0001,101.9721,1.6174
1.0710,100.0000,101.9404,101.9404,101.9194,1.5958,101.9968,101.9968,101.9777,1.6171
1.0720,100.0000,101.9354,101.9354,101.9236,1.5956,101.9916,101.9916,101.9815,1.6168
1.0730,100.0000,101.9284,101.9284,101.9260,1.5954,101.9846,101.9846,101.9835,1.6167
1.0740,100.0000,101.9195,101.9195,101.9265,1.5953,101.9757,101.9757,101.9837,1.6166
1.0750,100.0000,101.9087,101.9087,101.9251,1.5953,101.9649,101.9649,101.9821,1.6166
1.0760,100.0000,101.8959,101.8959,101.9218,1.5954,101.9523,101.9523,101.9787,1.6166
1.0770,100.0000,101.8813,101.8813,101.9166,1.5955,101.9379,101.9379,101.9734,1.6168
1.0780,100.0000,101.8648,101.8648,101.9096,1.5958,101.9216,101.9216,101.9663,1.6170
1.0790,100.0000,101.8465,101.8465,101.9006,1.5962,101.9036,101.9036,101.9574,1.6173
1.0800,100.0000,101.8263,101.8263,101.8898,1.5967,101.8838,101.8838,101.9466,1.6176
1.0810,100.0000,101.8043,101.8043,101.8771,1.5972,101.8622,101.8622,101.9340,1.6181
1.0820,100.0000,101.7805,101.7805,101.8625,1.5979,101.8390,101.8390,101.9197,1.6186
1.0830,100.0000,101.7551,101.7551,101.8461,1.5986,101.8141,101.8141,101.9035,1.6191
1.0840,100.0000,101.7279,101.7279,101.8279,1.5995,101.7875,101.7875,101.8856,1.6198
1.0850,100.0000,101.6990,101.6990,101.8079,1.6004,101.7594,101.7594,101.8660,1.6205
1.0860,100.0000,101.6686,101.6686,101.7861,1.6014,101.7297,101.7297,101.8447,1.6213
1.0870,100.0000,101.6365,101.6365,101.7626,1.6025,101.6985,101.6985,101.8217,1.6221
1.0880,100.0000,101.6030,101.6030,101.7374,1.6037,101.6659,101.6659,101.7971,1.6231
1.0890,100.0000,101.5680,101.5680,101.7105,1.6050,101.6319,101.6319,101.7708,1.6240
1.0900,100.0000,101.5315,101.5315,101.6820,1.6064,101.5965,101.5965,101.7430,1.6251
1.0910,100.0000,101.4938,101.4938,101.6519,1.6078,101.5599,101.5599,101.7137,1.6262
1.0920,100.0000,101.4547,101.4547,101.6203,1.6093,101.5220,101.5220,101.6830,1.6274
1.0930,100.0000,101.4144,101.4144,101.5872,1.6109,101.4830,101.4830,101.6508,1.6286
1.0940,100.0000,101.3729,101.3729,101.5526,1.6126,101.4428,101.4428,101.6172,1.6299
1.0950,100.0000,101.3303,101.3303,101.5166,1.6143,101.4017,101.4017,101.5823,1.6312
1.0960,100.0000,101.2866,101.2866,101.4794,1.6161,101.3596,101.3596,101.5462,1.6326
1.0970,100.0000,101.2420,101.2420,101.4408,1.6180,101.3166,101.3166,101.5089,1.6341
1.0980,100.0000,101.1965,101.1965,101.4011,1.6199,101.2727,101.2727,101.4704,1.6356
1.0990,100.0000,101.1502,101.1502,101.3602,1.6219,101.2281,101.2281,101.4309,1.6371
1.1000,100.0000,101.1031,101.1031,101.3182,1.6240,101.1829,101.1829,101.3903,1.6387
1.1010,100.0000,101.0553,101.0553,101.2751,1.6261,101.1370,90.4972,101.3488,1.6403
1.1020,100.0000,101.0070,101.0070,101.2312,1.6282,101.0910,90.5038,99.1785,1.7277
1.1030,100.0000,100.9581,90.2693,101.1863,1.6304,101.0454,90.5850,97.4436,1.7977
1.1040,100.0000,100.9092,90.3272,99.0029,1.7395,101.0004,90.7364,96.0719,1.8532
1.1050,100.0000,100.8610,90.4597,97.2678,1.8263,100.9562,90.9534,95.0048,1.8964
1.1060,100.0000,100.8137,90.6610,95.9062,1.8945,100.9132,91.2314,94.1945,1.9295
1.1070,100.0000,100.7676,90.9257,94.8571,1.9472,100.8714,91.5653,93.6019,1.9537
1.1080,100.0000,100.7231,91.2481,94.0709,1.9865,100.8310,91.9498,93.1946,1.9704
1.1090,100.0000,100.6801,91.6225,93.5063,2.0148,100.7921,92.3793,92.9456,1.9806
1.1100,100.0000,100.6390,92.0431,93.1295,2.0336,100.7548,92.8479,92.8324,1.9852
1.1110,100.0000,100.5997,92.5040,92.9122,2.0445,100.7191,93.3493,92.8355,1.9851
1.1120,100.0000,100.5624,92.9990,92.8306,2.0486,100.6849,93.8769,92.9382,1.9810
1.1130,100.0000,100.5271,93.5215,92.8643,2.0470,100.6525,94.4243,93.1260,1.9734
1.1140,100.0000,100.4937,94.0653,92.9957,2.0405,100.6216,94.9843,93.3856,1.9628
1.1150,100.0000,100.4623,94.6234,93.2096,2.0298,100.5924,95.5498,93.7054,1.9498
1.1160,100.0000,100.4328,95.1889,93.4924,2.0157,100.5648,96.1137,94.0742,1.9349
1.1170,100.0000,100.4053,95.7549,93.8317,1.9988,100.5387,96.6687,94.4821,1.9183
1.1180,100.0000,100.3796,96.3143,94.2163,1.9796,100.5142,97.2077,94.9194,1.9006
1.1190,100.0000,100.3557,96.8601,94.6359,1.9586,100.4913,97.7236,95.3771,1.8821
1.1200,100.0000,100.3336,97.3852,95.0808,1.9364,100.4698,98.2096,95.8464,1.8632
1.1210,100.0000,100.3132,97.8830,95.5417,1.9134,100.4497,98.6592,96.3190,1.8441
1.1220,100.0000,100.2944,98.3467,96.0099,1.8900,100.4311,99.0661,96.7871,1.8253
1.1230,100.0000,100.2772,98.7702,96.4773,1.8666,100.4138,99.4248,97.2429,1.8069
1.1240,100.0000,100.2615,99.1476,96.9359,1.8437,100.3979,99.7300,97.6793,1.7893
1.1250,100.0000,100.2473,99.4738,97.3782,1.8216,100.3833,99.9774,98.0894,1.7728
1.1260,100.0000,100.2345,99.7438,97.7973,1.8007,100.3700,100.1633,98.4670,1.7576
1.1270,100.0000,100.2231,99.9538,98.1866,1.7812,100.3579,100.2848,98.8063,1.7439
1.1280,100.0000,100.2130,100.1005,98.5401,1.7635,100.3472,100.3399,99.1020,1.7320
1.1290,100.0000,100.2042,100.1816,98.8522,1.7479,100.3377,100.3377,99.3496,1.7220
1.1300,100.0000,100.1967,100.1967,99.1180,1.7347,100.3295,100.3295,99.5472,1.7140
1.1310,100.0000,100.1905,100.1905,99.3338,1.7239,100.3227,100.3227,99.7037,1.7077
1.1320,100.0000,100.1857,100.1857,99.5051,1.7153,100.3171,100.3171,99.8275,1.7027
1.1330,100.0000,100.1821,100.1821,99.6412,1.7085,100.3129,100.3129,99.9254,1.6988
1.1340,100.0000,100.1798,100.1798,99.7494,1.7031,100.3100,100.3100,100.0029,1.6956
1.1350,100.0000,100.1789,100.1789,99.8355,1.6988,100.3086,100.3086,100.0643,1.6932
1.1360,100.0000,100.1793,100.1793,99.9042,1.6954,100.3085,100.3085,100.1132,1.6912
1.1370,100.0000,100.1811,100.1811,99.9592,1.6926,100.3098,100.3098,100.1522,1.6896
1.1380,100.0000,100.1843,100.1843,100.0036,1.6904,100.3126,100.3126,100.1838,1.6883
1.1390,100.0000,100.1889,100.1889,100.0397,1.6886,100.3169,100.3169,100.2095,1.6873
1.1400,100.0000,100.1950,100.1950,100.0696,1.6871,100.3226,100.3226,100.2310,1.6864
1.1410,100.0000,100.2024,100.2024,100.0947,1.6858,100.3298,100.3298,100.2493,1.6857
1.1420,100.0000,100.2113,100.2113,100.1162,1.6848,100.3385,100.3385,100.2654,1.6850
1.1430,100.0000,100.2217,100.2217,100.1352,1.6838,100.3486,100.3486,100.2800,1.6845
1.1440,100.0000,100.2335,100.2335,100.1525,1.6829,100.3603,100.3603,100.2938,1.6839
1.1450,100.0000,100.2467,100.2467,100.1687,1.6821,100.3734,100.3734,100.3071,1.6834
1.1460,100.0000,100.2614,100.2614,100.1843,1.6813,100.3880,100.3880,100.3203,1.6828
1.1470,100.0000,100.2775,100.2775,100.1997,1.6806,100.4040,100.4040,100.3339,1.6823
1.1480,100.0000,100.2951,100.2951,100.2153,1.6798,100.4214,100.4214,100.3479,1.6817
1.1490,100.0000,100.3140,100.3140,100.2313,1.6790,100.4403,100.4403,100.3626,1.6811
1.1500,100.0000,100.3343,100.3343,100.2478,1.6782,100.4605,100.4605,100.3781,1.6805
1.1510,100.0000,100.3559,100.3559,100.2651,1.6773,100.4821,100.4821,100.3946,1.6798
1.1520,100.0000,100.3789,100.3789,100.2833,1.6764,100.5051,100.5051,100.4121,1.6791
1.1530,100.0000,100.4032,100.4032,100.3024,1.6754,100.5293,100.5293,100.4307,1.6784
1.1540,100.0000,100.4287,100.4287,100.3225,1.6744,100.5547,100.5547,100.4504,1.6776
1.1550,100.0000,100.4554,100.4554,100.3438,1.6734,100.5814,100.5814,100.4713,1.6767
1.1560,100.0000,100.4833,100.4833,100.3661,1.6722,100.6092,100.6092,100.4933,1.6758
1.1570,100.0000,100.5123,100.5123,100.3895,1.6711,100.6381,100.6381,100.5165,1.6749
1.1580,100.0000,100.5424,100.5424,100.4141,1.6698,100.6681,100.6681,100.5408,1.6739
1.1590,100.0000,100.5735,100.5735,100.4398,1.6686,100.6991,100.6991,100.5663,1.6729
1.1600,100.0000,100.6056,100.6056,100.4665,1.6672,100.7310,100.7310,100.5928,1.6718
1.1610,100.0000,100.6386,100.6386,100.4943,1.6658,100.7638,100.7638,100.6205,1.6707
1.1620,100.0000,100.6724,100.6724,100.5232,1.6644,100.7974,100.7974,100.6491,1.6695
1.1630,100.0000,100.7069,100.7069,100.5530,1.6629,100.8318,100.8318,100.6788,1.6683
1.1640,100.0000,100.7422,100.7422,100.5838,1.6613,100.8668,100.8668,100.7094,1.6671
1.1650,100.0000,100.7782,100.7782,100.6155,1.6597,100.9025,100.9025,100.7409,1.6658
1.1660,100.0000,100.8147,100.8147,100.6480,1.6581,100.9386,100.9386,100.7732,1.6645
1.1670,100.0000,100.8516,100.8516,100.6814,1.6564,100.9753,100.9753,100.8063,1.6632
1.1680,100.0000,100.8890,100.8890,100.7154,1.6547,101.0123,101.0123,100.8401,1.6618
1.1690,100.0000,100.9268,100.9268,100.7501,1.6530,101.0497,101.0497,100.8745,1.6604
1.1700,100.0000,100.9648,100.9648,100.7855,1.6512,101.0872,101.0872,100.9096,1.6590
1.1710,100.0000,101.0030,101.0030,100.8213,1.6494,101.1249,101.1249,100.9451,1.6575
1.1720,100.0000,101.0413,101.0413,100.8577,1.6476,101.1627,101.1627,100.9811,1.6561
1.1730,100.0000,101.0796,101.0796,100.8944,1.6458,101.2005,101.2005,101.0174,1.6546
1.1740,100.0000,101.1178,101.1178,100.9314,1.6439,101.2382,101.2382,101.0540,1.6531
1.1750,100.0000,101.1559,101.1559,100.9687,1.6420,101.2757,101.2757,101.0909,1.6516
1.1760,100.0000,101.1938,101.1938,101.0061,1.6402,101.3130,101.3130,101.1278,1.6501
1.1770,100.0000,101.2314,101.2314,101.0437,1.6383,101.3499,101.3499,101.1649,1.6486
1.1780,100.0000,101.2686,101.2686,101.0812,1.6364,101.3865,101.3865,101.2019,1.6471
1.1790,100.0000,101.3053,101.3053,101.1187,1.6345,101.4225,101.4225,101.2388,1.6457
1.1800,100.0000,101.3415,101.3415,101.1560,1.6327,101.4579,101.4579,101.2755,1.6442
1.1810,100.0000,101.3770,101.3770,101.1931,1.6308,101.4928,101.4928,101.3120,1.6427
1.1820,100.0000,101.4118,101.4118,101.2299,1.6289,101.5268,101.5268,101.3482,1.6412
1.1830,100.0000,101.4459,101.4459,101.2663,1.6271,101.5601,101.5601,101.3839,1.6397
1.1840,100.0000,101.4791,101.4791,101.3022,1.6253,101.5925,101.5925,101.4191,1.6382
1.1850,100.0000,101.5113,101.5113,101.3376,1.6235,101.6240,101.6240,101.4538,1.6368
1.1860,100.0000,101.5426,101.5426,101.3723,1.6217,101.6544,101.6544,101.4878,1.6354
1.1870,100.0000,101.5727,101.5727,101.4064,1.6199,101.6837,101.6837,101.5212,1.6340
1.1880,100.0000,101.6017,101.6017,101.4397,1.6182,101.7119,101.7119,101.5537,1.6326
1.1890,100.0000,101.6295,101.6295,101.4721,1.6165,101.7388,101.7388,101.5853,1.6313
1.1900,100.0000,101.6560,101.6560,101.5036,1.6149,101.7645,101.7645,101.6160,1.6300
1.1910,100.0000,101.6812,101.6812,101.5341,1.6133,101.7888,101.7888,101.6457,1.6287
1.1920,100.0000,101.7050,101.7050,101.5635,1.6118,101.8118,101.8118,101.6743,1.6275
1.1930,100.0000,101.7273,101.7273,101.5918,1.6103,101.8332,101.8332,101.7018,1.6263
1.1940,100.0000,101.7481,101.7481,101.6189,1.6089,101.8532,101.8532,101.7281,1.6252
1.1950,100.0000,101.7673,101.7673,101.6447,1.6075,101.8716,101.8716,101.7531,1.6241
1.1960,100.0000,101.7849,101.7849,101.6692,1.6062,101.8884,101.8884,101.7768,1.6231
1.1970,100.0000,101.8009,101.8009,101.6924,1.6050,101.9035,101.9035,101.7991,1.6221
1.1980,100.0000,101.8152,101.8152,101.7141,1.6039,101.9170,101.9170,101.8200,1.6212
1.1990,100.0000,101.8277,101.8277,101.7343,1.6028,101.9288,101.9288,101.8394,1.6203
1.2000,100.0000,101.8385,101.8385,101.7530,1.6018,101.9388,101.9388,101.8573,1.6195
1.2010,100.0000,101.8475,101.8475,101.7701,1.6009,101.9470,101.9470,101.8736,1.6188
1.2020,100.0000,101.8546,101.8546,101.7856,1.6000,101.9535,101.9535,101.8883,1.6181
1.2030,100.0000,101.8599,101.8599,101.7994,1.5993,101.9581,101.9581,101.9013,1.6175
1.2040,100.0000,101.8633,101.8633,101.8115,1.5986,101.9608,101.9608,101.9127,1.6170
1.2050,100.0000,101.8648,101.8648,101.8218,1.5980,101.9618,101.9618,101.9223,1.6165
1.2060,100.0000,101.8645,101.8645,101.8304,1.5975,101.9608,101.9608,101.9302,1.6162
1.2070,100.0000,101.8622,101.8622,101.8372,1.5971,101.9580,101.9580,101.9363,1.6158
1.2080,100.0000,101.8580,101.8580,101.8422,1.5968,101.9533,101.9533,101.9407,1.6156
1.2090,100.0000,101.8519,101.8519,101.8454,1.5966,101.9467,101.9467,101.9432,1.6154
1.2100,100.0000,101.8439,101.8439,101.8467,1.5964,101.9382,101.9382,101.9439,1.6153
1.2110,100.0000,101.8339,101.8339,101.8461,1.5964,101.9279,101.9279,101.9427,1.6153
1.2120,100.0000,101.8221,101.8221,101.8437,1.5964,101.9158,101.9158,101.9398,1.6153
1.2130,100.0000,101.8084,101.8084,101.8394,1.5966,101.9017,101.9017,101.9350,1.6154
1.2140,100.0000,101.7928,101.7928,101.8332,1.5968,101.8859,101.8859,101.9283,1.6156
1.2150,100.0000,101.7754,101.7754,101.8251,1.5971,101.8683,101.8683,101.9198,1.6159
1.2160,100.0000,101.7561,101.7561,101.8152,1.5976,101.8489,101.8489,101.9095,1.6162
1.2170,100.0000,101.7350,101.7350,101.8033,1.5981,101.8277,101.8277,101.8974,1.6166
1.2180,100.0000,101.7121,101.7121,101.7897,1.5987,101.8049,101.8049,101.8835,1.6171
1.2190,100.0000,101.6875,101.6875,101.7742,1.5994,101.7803,101.7803,101.8677,1.6177
1.2200,100.0000,101.6612,101.6612,101.7568,1.6002,101.7541,101.7541,101.8503,1.6183
1.2210,100.0000,101.6333,101.6333,101.7377,1.6011,101.7263,101.7263,101.8310,1.6190
1.2220,100.0000,101.6037,101.6037,101.7168,1.6021,101.6970,101.6970,101.8101,1.6198
1.2230,100.0000,101.5725,101.5725,101.6942,1.6031,101.6661,101.6661,101.7875,1.6206
1.2240,100.0000,101.5398,101.5398,101.6699,1.6043,101.6338,101.6338,101.7632,1.6215
1.2250,100.0000,101.5056,101.5056,101.6438,1.6055,101.6001,101.6001,101.7373,1.6225
1.2260,100.0000,101.4700,101.4700,101.6162,1.6069,101.5650,101.5650,101.7099,1.6236
1.2270,100.0000,101.4330,101.4330,101.5869,1.6083,101.5286,101.5286,101.6809,1.6247
1.2280,100.0000,101.3947,101.3947,101.5562,1.6097,101.4910,101.4910,101.6504,1.6258
1.2290,100.0000,101.3551,101.3551,101.5239,1.6113,101.4522,101.4522,101.6185,1.6270
1.2300,100.0000,101.3144,101.3144,101.4901,1.6129,101.4123,101.4123,101.5853,1.6283
1.2310,100.0000,101.2725,101.2725,101.4550,1.6146,101.3713,101.3713,101.5507,1.6297
1.2320,100.0000,101.2295,101.2295,101.4185,1.6164,101.3294,101.3294,101.5148,1.6310
1.2330,100.0000,101.1856,101.1856,101.3807,1.6182,101.2865,101.2865,101.4777,1.6325
1.2340,100.0000,101.1407,101.1407,101.3417,1.6201,101.2429,101.2429,101.4395,1.6340
1.2350,100.0000,101.0950,101.0950,101.3015,1.6221,101.1984,101.1984,101.4002,1.6355
1.2360,100.0000,101.0485,101.0485,101.2602,1.6241,101.1533,101.1533,101.3598,1.6371
1.2370,100.0000,101.0014,101.0014,101.2179,1.6262,101.1075,101.1075,101.3185,1.6387
1.2380,100.0000,100.9535,100.9535,101.1746,1.6283,101.0612,90.4502,101.2763,1.6403
1.2390,100.0000,100.9052,90.2069,101.1303,1.6304,101.0149,90.5114,99.1111,1.7276
1.2400,100.0000,100.8568,90.2412,98.9457,1.7396,100.9689,90.6454,97.3911,1.7970
1.2410,100.0000,100.8091,90.3507,97.2048,1.8267,100.9236,90.8474,96.0420,1.8516
1.2420,100.0000,100.7622,90.5302,95.8340,1.8954,100.8792,91.1121,95.0031,1.8938
1.2430,100.0000,100.7166,90.7743,94.7732,1.9486,100.8360,91.4344,94.2249,1.9256
1.2440,100.0000,100.6724,91.0776,93.9734,1.9886,100.7941,91.8088,93.6668,1.9484
1.2450,100.0000,100.6299,91.4346,93.3942,2.0176,100.7536,92.2294,93.2952,1.9636
1.2460,100.0000,100.5892,91.8398,93.0023,2.0372,100.7146,92.6903,93.0820,1.9723
1.2470,100.0000,100.5503,92.2873,92.7698,2.0489,100.6772,93.1852,93.0037,1.9756
1.2480,100.0000,100.5133,92.7709,92.6733,2.0538,100.6414,93.7078,93.0400,1.9741
1.2490,100.0000,100.4784,93.2847,92.6928,2.0528,100.6072,94.2512,93.1736,1.9687
1.2500,100.0000,100.4454,93.8218,92.8112,2.0469,100.5747,94.8084,93.3891,1.9599
1.2510,100.0000,100.4143,94.3758,93.0133,2.0369,100.5438,95.3726,93.6729,1.9484
1.2520,100.0000,100.3852,94.9398,93.2858,2.0233,100.5145,95.9363,94.0129,1.9346
1.2530,100.0000,100.3581,95.5067,93.6166,2.0068,100.4869,96.4926,94.3976,1.9190
1.2540,100.0000,100.3328,96.0696,93.9946,1.9879,100.4607,97.0344,94.8166,1.9020
1.2550,100.0000,100.3093,96.6216,94.4096,1.9672,100.4362,97.5544,95.2601,1.8841
1.2560,100.0000,100.2877,97.1552,94.8520,1.9451,100.4131,98.0458,95.7190,1.8656
1.2570,100.0000,100.2677,97.6639,95.3127,1.9221,100.3915,98.5023,96.1843,1.8468
1.2580,100.0000,100.2493,98.1409,95.7829,1.8986,100.3713,98.9174,96.6479,1.8281
1.2590,100.0000,100.2326,98.5798,96.2545,1.8750,100.3526,99.2855,97.1018,1.8098
1.2600,100.0000,100.2174,98.9746,96.7195,1.8518,100.3352,99.6013,97.5386,1.7921
1.2610,100.0000,100.2036,99.3198,97.1706,1.8292,100.3191,99.8604,97.9511,1.7755
1.2620,100.0000,100.1913,99.6105,97.6004,1.8078,100.3043,100.0588,98.3330,1.7601
1.2630,100.0000,100.1803,99.8424,98.0024,1.7877,100.2909,100.1936,98.6781,1.7462
1.2640,100.0000,100.1707,100.0120,98.3704,1.7693,100.2788,100.2626,98.9812,1.7340
1.2650,100.0000,100.1623,100.1167,98.6987,1.7529,100.2679,100.2679,99.2375,1.7236
1.2660,100.0000,100.1553,100.1545,98.9823,1.7387,100.2584,100.2584,99.4436,1.7153
1.2670,100.0000,100.1496,100.1496,99.2168,1.7270,100.2501,100.2501,99.6065,1.7087
1.2680,100.0000,100.1451,100.1451,99.4033,1.7177,100.2432,100.2432,99.7353,1.7035
1.2690,100.0000,100.1419,100.1419,99.5517,1.7102,100.2377,100.2377,99.8369,1.6995
1.2700,100.0000,100.1401,100.1401,99.6697,1.7043,100.2335,100.2335,99.9170,1.6962
1.2710,100.0000,100.1395,100.1395,99.7638,1.6996,100.2307,100.2307,99.9803,1.6937
1.2720,100.0000,100.1403,100.1403,99.8389,1.6959,100.2294,100.2294,100.0304,1.6916
1.2730,100.0000,100.1424,100.1424,99.8992,1.6929,100.2294,100.2294,100.0702,1.6900
1.2740,100.0000,100.1460,100.1460,99.9479,1.6904,100.2310,100.2310,100.1020,1.6888
1.2750,100.0000,100.1509,100.1509,99.9875,1.6885,100.2340,100.2340,100.1278,1.6877
1.2760,100.0000,100.1572,100.1572,100.0202,1.6868,100.2385,100.2385,100.1491,1.6869
1.2770,100.0000,100.1649,100.1649,100.0476,1.6855,100.2444,100.2444,100.1669,1.6861
1.2780,100.0000,100.1741,100.1741,100.0710,1.6843,100.2519,100.2519,100.1824,1.6855
1.2790,100.0000,100.1847,100.1847,100.0916,1.6832,100.2608,100.2608,100.1963,1.6849
1.2800,100.0000,100.1967,100.1967,100.1102,1.6823,100.2713,100.2713,100.2092,1.6844
1.2810,100.0000,100.2101,100.2101,100.1275,1.6815,100.2833,100.2833,100.2216,1.6839
1.2820,100.0000,100.2250,100.2250,100.1441,1.6806,100.2967,100.2967,100.2340,1.6834
1.2830,100.0000,100.2413,100.2413,100.1602,1.6798,100.3116,100.3116,100.2465,1.6829
1.2840,100.0000,100.2590,100.2590,100.1765,1.6790,100.3279,100.3279,100.2595,1.6824
1.2850,100.0000,100.2781,100.2781,100.1930,1.6782,100.3457,100.3457,100.2732,1.6818
1.2860,100.0000,100.2986,100.2986,100.2100,1.6773,100.3649,100.3649,100.2877,1.6812
1.2870,100.0000,100.3204,100.3204,100.2277,1.6764,100.3855,100.3855,100.3031,1.6806
1.2880,100.0000,100.3435,100.3435,100.2463,1.6755,100.4074,100.4074,100.3196,1.6800
1.2890,100.0000,100.3680,100.3680,100.2657,1.6745,100.4307,100.4307,100.3372,1.6792
1.2900,100.0000,100.3936,100.3936,100.2862,1.6735,100.4552,100.4552,100.3559,1.6785
1.2910,100.0000,100.4205,100.4205,100.3077,1.6724,100.4809,100.4809,100.3757,1.6777
1.2920,100.0000,100.4486,100.4486,100.3302,1.6713,100.5079,100.5079,100.3968,1.6768
1.2930,100.0000,100.4777,100.4777,100.3539,1.6701,100.5360,100.5360,100.4190,1.6759
1.2940,100.0000,100.5080,100.5080,100.3787,1.6689,100.5651,100.5651,100.4424,1.6750
1.2950,100.0000,100.5392,100.5392,100.4045,1.6676,100.5953,100.5953,100.4669,1.6740
1.2960,100.0000,100.5715,100.5715,100.4315,1.6662,100.6265,100.6265,100.4926,1.6730
1.2970,100.0000,100.6046,100.6046,100.4595,1.6648,100.6586,100.6586,100.5194,1.6719
1.2980,100.0000,100.6386,100.6386,100.4885,1.6634,100.6916,100.6916,100.5472,1.6707
1.2990,100.0000,100.6733,100.6733,100.5185,1.6619,100.7253,100.7253,100.5761,1.6696
1.3000,100.0000,100.7088,100.7088,100.5495,1.6603,100.7598,100.7598,100.6059,1.6684
1.3010,100.0000,100.7449,100.7449,100.5813,1.6587,100.7948,100.7948,100.6367,1.6671
1.3020,100.0000,100.7816,100.7816,100.6140,1.6571,100.8305,100.8305,100.6683,1.6658
1.3030,100.0000,100.8188,100.8188,100.6476,1.6554,100.8667,100.8667,100.7008,1.6645
1.3040,100.0000,100.8564,100.8564,100.6818,1.6537,100.9033,100.9033,100.7340,1.6632
1.3050,100.0000,100.8944,100.8944,100.7167,1.6519,100.9403,100.9403,100.7678,1.6618
1.3060,100.0000,100.9326,100.9326,100.7523,1.6502,100.9775,100.9775,100.8023,1.6604
1.3070,100.0000,100.9710,100.9710,100.7883,1.6484,101.0149,101.0149,100.8374,1.6590
1.3080,100.0000,101.0096,101.0096,100.8249,1.6465,101.0525,101.0525,100.8729,1.6576
1.3090,100.0000,101.0481,101.0481,100.8618,1.6447,101.0901,101.0901,100.9088,1.6561
1.3100,100.0000,101.0867,101.0867,100.8991,1.6428,101.1276,101.1276,100.9450,1.6546
1.3110,100.0000,101.1251,101.1251,100.9366,1.6409,101.1650,101.1650,100.9816,1.6532
1.3120,100.0000,101.1632,101.1632,100.9743,1.6390,101.2022,101.2022,101.0182,1.6517
1.3130,100.0000,101.2011,101.2011,101.0121,1.6371,101.2391,101.2391,101.0550,1.6502
1.3140,100.0000,101.2386,101.2386,101.0499,1.6352,101.2756,101.2756,101.0918,1.6487
1.3150,100.0000,101.2757,101.2757,101.0876,1.6334,101.3117,101.3117,101.1286,1.6472
1.3160,100.0000,101.3122,101.3122,101.1252,1.6315,101.3472,101.3472,101.1652,1.6457
1.3170,100.0000,101.3481,101.3481,101.1626,1.6296,101.3822,101.3822,101.2016,1.6442
1.3180,100.0000,101.3833,101.3833,101.1997,1.6277,101.4165,101.4165,101.2377,1.6428
1.3190,100.0000,101.4177,101.4177,101.2364,1.6259,101.4500,101.4500,101.2735,1.6413
1.3200,100.0000,101.4513,101.4513,101.2727,1.6241,101.4826,101.4826,101.3088,1.6398
1.3210,100.0000,101.4839,101.4839,101.3084,1.6222,101.5144,101.5144,101.3435,1.6384
1.3220,100.0000,101.5156,101.5156,101.3435,1.6204,101.5451,101.5451,101.3777,1.6369
1.3230,100.0000,101.5461,101.5461,101.3779,1.6187,101.5748,101.5748,101.4112,1.6355
1.3240,100.0000,101.5756,101.5756,101.4116,1.6169,101.6034,101.6034,101.4439,1.6341
1.3250,100.0000,101.6038,101.6038,101.4444,1.6152,101.6308,101.6308,101.4758,1.6328
1.3260,100.0000,101.6307,101.6307,101.4762,1.6136,101.6570,101.6570,101.5068,1.6315
1.3270,100.0000,101.6564,101.6564,101.5071,1.6120,101.6818,101.6818,101.5369,1.6302
1.3280,100.0000,101.6806,101.6806,101.5370,1.6104,101.7053,101.7053,101.5659,1.6290
1.3290,100.0000,101.7034,101.7034,101.5657,1.6089,101.7274,101.7274,101.5938,1.6278
1.3300,100.0000,101.7246,101.7246,101.5932,1.6075,101.7480,101.7480,101.6205,1.6267
1.3310,100.0000,101.7443,101.7443,101.6195,1.6061,101.7670,101.7670,101.6460,1.6256
1.3320,100.0000,101.7624,101.7624,101.6445,1.6048,101.7845,101.7845,101.6702,1.6245
1.3330,100.0000,101.7789,101.7789,101.6681,1.6036,101.8003,101.8003,101.6930,1.6235
1.3340,100.0000,101.7936,101.7936,101.6902,1.6024,101.8146,101.8146,101.7145,1.6226
1.3350,100.0000,101.8067,101.8067,101.7109,1.6013,101.8271,101.8271,101.7345,1.6217
1.3360,100.0000,101.8179,101.8179,101.7301,1.6003,101.8379,101.8379,101.7530,1.6209
1.3370,100.0000,101.8274,101.8274,101.7476,1.5993,101.8469,101.8469,101.7700,1.6202
1.3380,100.0000,101.8350,101.8350,101.7636,1.5985,101.8541,101.8541,101.7854,1.6195
1.3390,100.0000,101.8408,101.8408,101.7779,1.5977,101.8596,101.8596,101.7991,1.6188
1.3400,100.0000,101.8448,101.8448,101.7905,1.5970,101.8632,101.8632,101.8112,1.6183
1.3410,100.0000,101.8468,101.8468,101.8013,1.5964,101.8650,101.8650,101.8216,1.6178
1.3420,100.0000,101.8469,101.8469,101.8104,1.5959,101.8649,101.8649,101.8303,1.6174
1.3430,100.0000,101.8451,101.8451,101.8177,1.5954,101.8630,101.8630,101.8372,1.6170
1.3440,100.0000,101.8414,101.8414,101.8232,1.5951,101.8592,101.8592,101.8424,1.6167
1.3450,100.0000,101.8358,101.8358,101.8268,1.5948,101.8535,101.8535,101.8457,1.6165
1.3460,100.0000,101.8282,101.8282,101.8286,1.5947,101.8460,101.8460,101.8473,1.6164
1.3470,100.0000,101.8188,101.8188,101.8286,1.5946,101.8366,101.8366,101.8470,1.6163
1.3480,100.0000,101.8074,101.8074,101.8266,1.5946,101.8253,101.8253,101.8449,1.6163
1.3490,100.0000,101.7941,101.7941,101.8228,1.5947,101.8123,101.8123,101.8410,1.6164
1.3500,100.0000,101.7790,101.7790,101.8170,1.5950,101.7974,101.7974,101.8353,1.6166
1.3510,100.0000,101.7619,101.7619,101.8094,1.5953,101.7807,101.7807,101.8277,1.6168
1.3520,100.0000,101.7431,101.7431,101.7999,1.5957,101.7622,101.7622,101.8183,1.6171
1.3530,100.0000,101.7224,101.7224,101.7886,1.5962,101.7420,101.7420,101.8071,1.6175
1.3540,100.0000,101.6999,101.6999,101.7753,1.5968,101.7200,101.7200,101.7940,1.6180
1.3550,100.0000,101.6757,101.6757,101.7602,1.5975,101.6964,101.6964,101.7792,1.6185
1.3560,100.0000,101.6498,101.6498,101.7433,1.5982,101.6711,101.6711,101.7627,1.6191
1.3570,100.0000,101.6222,101.6222,101.7246,1.5991,101.6442,101.6442,101.7443,1.6198
1.3580,100.0000,101.5929,101.5929,101.7041,1.6001,101.6157,101.6157,101.7243,1.6205
1.3590,100.0000,101.5620,101.5620,101.6819,1.6011,101.5857,101.5857,101.7026,1.6213
1.3600,100.0000,101.5296,101.5296,101.6579,1.6022,101.5543,101.5543,101.6792,1.6222
1.3610,100.0000,101.4957,101.4957,101.6323,1.6035,101.5214,101.5214,101.6543,1.6231
1.3620,100.0000,101.4604,101.4604,101.6049,1.6048,101.4872,101.4872,101.6277,1.6241
1.3630,100.0000,101.4236,101.4236,101.5760,1.6061,101.4516,101.4516,101.5996,1.6252
1.3640,100.0000,101.3855,101.3855,101.5455,1.6076,101.4148,101.4148,101.5700,1.6263
1.3650,100.0000,101.3462,101.3462,101.5135,1.6092,101.3767,101.3767,101.5389,1.6275
1.3660,100.0000,101.3056,101.3056,101.4801,1.6108,101.3376,101.3376,101.5065,1.6288
1.3670,100.0000,101.2639,101.2639,101.4452,1.6125,101.2974,101.2974,101.4727,1.6301
1.3680,100.0000,101.2211,101.2211,101.4089,1.6142,101.2562,101.2562,101.4377,1.6314
1.3690,100.0000,101.1773,101.1773,101.3714,1.6160,101.2140,101.2140,101.4014,1.6328
1.3700,100.0000,101.1325,101.1325,101.3325,1.6179,101.1710,101.1710,101.3639,1.6343
1.3710,100.0000,101.0869,101.0869,101.2925,1.6199,101.1272,101.1272,101.3253,1.6358
1.3720,100.0000,101.0404,101.0404,101.2514,1.6219,101.0827,101.0827,101.2857,1.6374
1.3730,100.0000,100.9933,100.9933,101.2092,1.6239,101.0375,101.0375,101.2451,1.6389
1.3740,100.0000,100.9454,100.9454,101.1660,1.6261,100.9918,90.3717,101.2036,1.6406
1.3750,100.0000,100.8970,90.1854,101.1219,1.6282,100.9460,90.4098,99.0372,1.7279
1.3760,100.0000,100.8487,90.1989,98.9346,1.7376,100.9006,90.5214,97.3117,1.7977
1.3770,100.0000,100.8008,90.2884,97.1875,1.8250,100.8558,90.7020,95.9537,1.8527
1.3780,100.0000,100.7539,90.4486,95.8076,1.8941,100.8119,90.9466,94.9033,1.8954
1.3790,100.0000,100.7081,90.6745,94.7358,1.9478,100.7692,91.2502,94.1120,1.9277
1.3800,100.0000,100.6638,90.9608,93.9236,1.9885,100.7277,91.6075,93.5396,1.9511
1.3810,100.0000,100.6212,91.3022,93.3310,2.0181,100.6877,92.0129,93.1532,1.9669
1.3820,100.0000,100.5803,91.6933,92.9252,2.0385,100.6491,92.4607,92.9251,1.9763
1.3830,100.0000,100.5412,92.1285,92.6789,2.0508,100.6121,92.9446,92.8323,1.9801
1.3840,100.0000,100.5041,92.6016,92.5688,2.0563,100.5767,93.4584,92.8547,1.9792
1.3850,100.0000,100.4689,93.1067,92.5753,2.0561,100.5430,93.9954,92.9755,1.9743
1.3860,100.0000,100.4357,93.6373,92.6816,2.0508,100.5109,94.5487,93.1795,1.9660
1.3870,100.0000,100.4045,94.1870,92.8728,2.0413,100.4804,95.1114,93.4533,1.9549
1.3880,100.0000,100.3753,94.7486,93.1356,2.0282,100.4516,95.6765,93.7849,1.9414
1.3890,100.0000,100.3480,95.3155,93.4582,2.0121,100.4243,96.2364,94.1632,1.9260
1.3900,100.0000,100.3225,95.8806,93.8297,1.9935,100.3986,96.7843,94.5779,1.9092
1.3910,100.0000,100.2989,96.4368,94.2399,1.9730,100.3745,97.3129,95.0192,1.8913
1.3920,100.0000,100.2770,96.9771,94.6792,1.9511,100.3519,97.8155,95.4779,1.8728
1.3930,100.0000,100.2569,97.4944,95.1388,1.9281,100.3307,98.2852,95.9454,1.8539
1.3940,100.0000,100.2384,97.9821,95.6099,1.9046,100.3110,98.7157,96.4134,1.8350
1.3950,100.0000,100.2216,98.4336,96.0844,1.8809,100.2926,99.1010,96.8738,1.8164
1.3960,100.0000,100.2062,98.8430,96.5542,1.8574,100.2757,99.4359,97.3193,1.7984
1.3970,100.0000,100.1923,99.2043,97.0120,1.8346,100.2601,99.7154,97.7426,1.7813
1.3980,100.0000,100.1799,99.5125,97.4504,1.8126,100.2458,99.9355,98.1372,1.7653
1.3990,100.0000,100.1688,99.7632,97.8628,1.7920,100.2328,100.0930,98.4968,1.7508
1.4000,100.0000,100.1591,99.9525,98.2429,1.7730,100.2210,100.1852,98.8161,1.7379
1.4010,100.0000,100.1506,100.0775,98.5848,1.7559,100.2106,100.2106,99.0899,1.7269
1.4020,100.0000,100.1435,100.1362,98.8834,1.7410,100.2015,100.2015,99.3140,1.7178
1.4030,100.0000,100.1376,100.1376,99.1339,1.7285,100.1936,100.1936,99.4915,1.7106
1.4040,100.0000,100.1329,100.1329,99.3347,1.7185,100.1871,100.1871,99.6319,1.7050
1.4050,100.0000,100.1296,100.1296,99.4943,1.7105,100.1819,100.1819,99.7430,1.7005
1.4060,100.0000,100.1275,100.1275,99.6214,1.7041,100.1781,100.1781,99.8308,1.6969
1.4070,100.0000,100.1268,100.1268,99.7226,1.6991,100.1756,100.1756,99.9002,1.6941
1.4080,100.0000,100.1274,100.1274,99.8034,1.6950,100.1746,100.1746,99.9553,1.6919
1.4090,100.0000,100.1293,100.1293,99.8682,1.6918,100.1749,100.1749,99.9992,1.6901
1.4100,100.0000,100.1325,100.1325,99.9204,1.6892,100.1767,100.1767,100.0343,1.6887
1.4110,100.0000,100.1372,100.1372,99.9629,1.6871,100.1800,100.1800,100.0628,1.6876
1.4120,100.0000,100.1432,100.1432,99.9977,1.6853,100.1847,100.1847,100.0862,1.6866
1.4130,100.0000,100.1506,100.1506,100.0268,1.6839,100.1909,100.1909,100.1059,1.6858
1.4140,100.0000,100.1594,100.1594,100.0516,1.6826,100.1986,100.1986,100.1229,1.6851
1.4150,100.0000,100.1697,100.1697,100.0731,1.6816,100.2078,100.2078,100.1381,1.6845
1.4160,100.0000,100.1814,100.1814,100.0924,1.6806,100.2184,100.2184,100.1520,1.6839
1.4170,100.0000,100.1945,100.1945,100.1102,1.6797,100.2305,100.2305,100.1653,1.6834
1.4180,100.0000,100.2090,100.2090,100.1271,1.6789,100.2442,100.2442,100.1783,1.6829
1.4190,100.0000,100.2249,100.2249,100.1435,1.6780,100.2592,100.2592,100.1915,1.6823
1.4200,100.0000,100.2422,100.2422,100.1597,1.6772,100.2757,100.2757,100.2050,1.6818
1.4210,100.0000,100.2609,100.2609,100.1762,1.6764,100.2937,100.2937,100.2192,1.6812
1.4220,100.0000,100.2810,100.2810,100.1932,1.6755,100.3131,100.3131,100.2341,1.6806
1.4230,100.0000,100.3024,100.3024,100.2107,1.6747,100.3338,100.3338,100.2499,1.6800
1.4240,100.0000,100.3251,100.3251,100.2291,1.6737,100.3559,100.3559,100.2667,1.6793
1.4250,100.0000,100.3492,100.3492,100.2483,1.6728,100.3793,100.3793,100.2845,1.6786
1.4260,100.0000,100.3744,100.3744,100.2685,1.6718,100.4040,100.4040,100.3035,1.6778
1.4270,100.0000,100.4009,100.4009,100.2896,1.6707,100.4299,100.4299,100.3236,1.6770
1.4280,100.0000,100.4286,100.4286,100.3119,1.6696,100.4570,100.4570,100.3448,1.6761
1.4290,100.0000,100.4573,100.4573,100.3352,1.6684,100.4852,100.4852,100.3673,1.6752
1.4300,100.0000,100.4872,100.4872,100.3597,1.6672,100.5146,100.5146,100.3908,1.6743
1.4310,100.0000,100.5181,100.5181,100.3852,1.6659,100.5449,100.5449,100.4156,1.6733
1.4320,100.0000,100.5499,100.5499,100.4117,1.6646,100.5763,100.5763,100.4415,1.6722
1.4330,100.0000,100.5827,100.5827,100.4394,1.6632,100.6086,100.6086,100.4684,1.6711
1.4340,100.0000,100.6163,100.6163,100.4680,1.6618,100.6417,100.6417,100.4965,1.6700
1.4350,100.0000,100.6507,100.6507,100.4977,1.6603,100.6757,100.6757,100.5255,1.6688
1.4360,100.0000,100.6859,100.6859,100.5283,1.6588,100.7103,100.7103,100.5555,1.6676
1.4370,100.0000,100.7217,100.7217,100.5598,1.6572,100.7456,100.7456,100.5865,1.6663
1.4380,100.0000,100.7580,100.7580,100.5922,1.6556,100.7815,100.7815,100.6183,1.6651
1.4390,100.0000,100.7949,100.7949,100.6254,1.6539,100.8180,100.8180,100.6510,1.6637
1.4400,100.0000,100.8323,100.8323,100.6593,1.6522,100.8548,100.8548,100.6844,1.6624
1.4410,100.0000,100.8700,100.8700,100.6939,1.6505,100.8920,100.8920,100.7185,1.6610
1.4420,100.0000,100.9079,100.9079,100.7291,1.6487,100.9296,100.9296,100.7532,1.6596
1.4430,100.0000,100.9461,100.9461,100.7649,1.6469,100.9673,100.9673,100.7885,1.6582
1.4440,100.0000,100.9845,100.9845,100.8011,1.6451,101.0051,101.0051,100.8242,1.6567
1.4450,100.0000,101.0228,101.0228,100.8378,1.6433,101.0430,101.0430,100.8604,1.6552
1.4460,100.0000,101.0612,101.0612,100.8748,1.6414,101.0809,101.0809,100.8969,1.6538
1.4470,100.0000,101.0994,101.0994,100.9121,1.6395,101.1186,101.1186,100.9337,1.6523
1.4480,100.0000,101.1374,101.1374,100.9495,1.6377,101.1562,101.1562,100.9707,1.6508
1.4490,100.0000,101.1752,101.1752,100.9871,1.6358,101.1934,101.1934,101.0078,1.6493
1.4500,100.0000,101.2126,101.2126,101.0247,1.6339,101.2303,101.2303,101.0449,1.6478
1.4510,100.0000,101.2496,101.2496,101.0623,1.6320,101.2668,101.2668,101.0820,1.6463
1.4520,100.0000,101.2860,101.2860,101.0998,1.6301,101.3028,101.3028,101.1190,1.6448
1.4530,100.0000,101.3219,101.3219,101.1370,1.6283,101.3381,101.3381,101.1557,1.6433
1.4540,100.0000,101.3570,101.3570,101.1740,1.6264,101.3728,101.3728,101.1922,1.6418
1.4550,100.0000,101.3914,101.3914,101.2106,1.6246,101.4068,101.4068,101.2283,1.6403
1.4560,100.0000,101.4250,101.4250,101.2468,1.6228,101.4399,101.4399,101.2640,1.6388
1.4570,100.0000,101.4577,101.4577,101.2824,1.6209,101.4721,101.4721,101.2992,1.6373
1.4580,100.0000,101.4894,101.4894,101.3175,1.6191,101.5033,101.5033,101.3338,1.6359
1.4590,100.0000,101.5201,101.5201,101.3519,1.6173,101.5335,101.5335,101.3677,1.6344
1.4600,100.0000,101.5496,101.5496,101.3855,1.6156,101.5626,101.5626,101.4009,1.6330
1.4610,100.0000,101.5779,101.5779,101.4183,1.6139,101.5905,101.5905,101.4332,1.6317
1.4620,100.0000,101.6050,101.6050,101.4502,1.6123,101.6172,101.6172,101.4647,1.6304
1.4630,100.0000,101.6307,101.6307,101.4812,1.6107,101.6426,101.6426,101.4952,1.6291
1.4640,100.0000,101.6551,101.6551,101.5111,1.6091,101.6666,101.6666,101.5247,1.6278
1.4650,100.0000,101.6781,101.6781,101.5399,1.6076,101.6892,101.6892,101.5530,1.6266
1.4660,100.0000,101.6995,101.6995,101.5675,1.6062,101.7103,101.7103,101.5803,1.6254
1.4670,100.0000,101.7194,101.7194,101.5939,1.6048,101.7299,101.7299,101.6063,1.6243
1.4680,100.0000,101.7378,101.7378,101.6190,1.6035,101.7479,101.7479,101.6310,1.6233
1.4690,100.0000,101.7544,101.7544,101.6428,1.6022,101.7644,101.7644,101.6544,1.6223
1.4700,100.0000,101.7695,101.7695,101.6651,1.6010,101.7791,101.7791,101.6764,1.6213
1.4710,100.0000,101.7827,101.7827,101.6860,1.5999,101.7922,101.7922,101.6969,1.6204
1.4720,100.0000,101.7943,101.7943,101.7053,1.5989,101.8036,101.8036,101.7160,1.6196
1.4730,100.0000,101.8040,101.8040,101.7231,1.5980,101.8132,101.8132,101.7335,1.6188
1.4740,100.0000,101.8120,101.8120,101.7393,1.5971,101.8210,101.8210,101.7494,1.6181
1.4750,100.0000,101.8180,101.8180,101.7538,1.5963,101.8270,101.8270,101.7637,1.6174
1.4760,100.0000,101.8223,101.8223,101.7667,1.5956,101.8312,101.8312,101.7764,1.6169
1.4770,100.0000,101.8246,101.8246,101.7778,1.5950,101.8335,101.8335,101.7873,1.6163
1.4780,100.0000,101.8250,101.8250,101.7871,1.5944,101.8340,101.8340,101.7966,1.6159
1.4790,100.0000,101.8236,101.8236,101.7947,1.5940,101.8327,101.8327,101.8041,1.6155
1.4800,100.0000,101.8202,101.8202,101.8005,1.5936,101.8294,101.8294,101.8098,1.6152
1.4810,100.0000,101.8149,101.8149,101.8044,1.5933,101.8243,101.8243,101.8137,1.6150
1.4820,100.0000,101.8077,101.8077,101.8065,1.5932,101.8173,101.8173,101.8158,1.6148
1.4830,100.0000,101.7985,101.7985,101.8067,1.5931,101.8084,101.8084,101.8161,1.6148
1.4840,100.0000,101.7875,101.7875,101.8051,1.5931,101.7977,101.7977,101.8146,1.6147
1.4850,100.0000,101.7745,101.7745,101.8016,1.5932,101.7852,101.7852,101.8112,1.6148
1.4860,100.0000,101.7597,101.7597,101.7962,1.5934,101.7708,101.7708,101.8060,1.6149
1.4870,100.0000,101.7430,101.7430,101.7889,1.5937,101.7546,101.7546,101.7990,1.6152
1.4880,100.0000,101.7245,101.7245,101.7797,1.5941,101.7366,101.7366,101.7901,1.6154
1.4890,100.0000,101.7041,101.7041,101.7687,1.5946,101.7169,101.7169,101.7794,1.6158
1.4900,100.0000,101.6819,101.6819,101.7557,1.5952,101.6954,101.6954,101.7669,1.6162
1.4910,100.0000,101.6580,101.6580,101.7410,1.5958,101.6722,101.6722,101.7526,1.6168
1.4920,100.0000,101.6324,101.6324,101.7244,1.5966,101.6473,101.6473,101.7365,1.6173
1.4930,100.0000,101.6050,101.6050,101.7060,1.5975,101.6209,101.6209,101.7187,1.6180
1.4940,100.0000,101.5760,101.5760,101.6858,1.5984,101.5928,101.5928,101.6991,1.6187
1.4950,100.0000,101.5454,101.5454,101.6638,1.5994,101.5632,101.5632,101.6778,1.6195
1.4960,100.0000,101.5133,101.5133,101.6402,1.6005,101.5321,101.5321,101.6549,1.6204
1.4970,100.0000,101.4796,101.4796,101.6148,1.6018,101.4996,101.4996,101.6304,1.6213
1.4980,100.0000,101.4445,101.4445,101.5878,1.6030,101.4657,101.4657,101.6042,1.6223
1.4990,100.0000,101.4079,101.4079,101.5591,1.6044,101.4304,101.4304,101.5765,1.6233
1.5000,100.0000,101.3700,101.3700,101.5289,1.6059,101.3939,101.3939,101.5473,1.6245
1.5010,100.0000,101.3308,101.3308,101.4971,1.6074,101.3561,101.3561,101.5166,1.6256
1.5020,100.0000,101.2904,101.2904,101.4639,1.6090,101.3172,101.3172,101.4845,1.6269
1.5030,100.0000,101.2488,101.2488,101.4292,1.6107,101.2772,101.2772,101.4510,1.6282
1.5040,100.0000,101.2061,101.2061,101.3931,1.6124,101.2362,101.2362,101.4163,1.6295
1.5050,100.0000,101.1624,101.1624,101.3557,1.6142,101.1943,101.1943,101.3803,1.6309
1.5060,100.0000,101.1177,101.1177,101.3171,1.6161,101.1514,101.1514,101.3431,1.6324
1.5070,100.0000,101.0722,101.0722,101.2772,1.6181,101.1077,101.1077,101.3047,1.6339
1.5080,100.0000,101.0257,101.0257,101.2362,1.6201,101.0633,101.0633,101.2653,1.6354
1.5090,100.0000,100.9786,100.9786,101.1941,1.6221,101.0183,101.0183,101.2249,1.6370
1.5100,100.0000,100.9307,100.9307,101.1510,1.6242,100.9726,90.3399,101.1836,1.6386
1.5110,100.0000,100.8823,100.8823,101.1069,1.6264,100.9268,90.3575,99.0149,1.7262
1.5120,100.0000,100.8333,90.1388,101.0620,1.6286,100.8814,90.4493,97.2834,1.7963
1.5130,100.0000,100.7845,90.1953,98.8774,1.7378,100.8366,90.6107,95.9166,1.8517
1.5140,100.0000,100.7361,90.3261,97.1410,1.8247,100.7927,90.8372,94.8554,1.8950
1.5150,100.0000,100.6888,90.5257,95.7780,1.8929,100.7499,91.1239,94.0518,1.9278
1.5160,100.0000,100.6427,90.7887,94.7275,1.9456,100.7084,91.4656,93.4662,1.9518
1.5170,100.0000,100.5980,91.1093,93.9398,1.9850,100.6683,91.8571,93.0661,1.9682
1.5180,100.0000,100.5550,91.4820,93.3737,2.0134,100.6296,92.2926,92.8243,1.9781
1.5190,100.0000,100.5138,91.9010,92.9953,2.0323,100.5926,92.7661,92.7179,1.9825
1.5200,100.0000,100.4745,92.3603,92.7765,2.0433,100.5571,93.2714,92.7276,1.9822
1.5210,100.0000,100.4371,92.8537,92.6932,2.0475,100.5232,93.8021,92.8363,1.9778
1.5220,100.0000,100.4017,93.3751,92.7253,2.0459,100.4910,94.3511,93.0295,1.9699
1.5230,100.0000,100.3683,93.9177,92.8553,2.0395,100.4604,94.9118,93.2938,1.9591
1.5240,100.0000,100.3368,94.4748,93.0677,2.0289,100.4315,95.4769,93.6174,1.9459
1.5250,100.0000,100.3073,95.0397,93.3492,2.0149,100.4041,96.0393,93.9893,1.9308
1.5260,100.0000,100.2797,95.6052,93.6873,1.9980,100.3784,96.5919,94.3993,1.9141
1.5270,100.0000,100.2540,96.1646,94.0709,1.9788,100.3541,97.1273,94.8378,1.8963
1.5280,100.0000,100.2301,96.7105,94.4896,1.9579,100.3314,97.6388,95.2957,1.8777
1.5290,100.0000,100.2079,97.2363,94.9338,1.9357,100.3101,98.1194,95.7644,1.8588
1.5300,100.0000,100.1875,97.7349,95.3943,1.9127,100.2903,98.5627,96.2354,1.8397
1.5310,100.0000,100.1686,98.1998,95.8624,1.8894,100.2719,98.9627,96.7008,1.8209
1.5320,100.0000,100.1514,98.6249,96.3299,1.8660,100.2548,99.3138,97.1532,1.8026
1.5330,100.0000,100.1357,99.0043,96.7889,1.8431,100.2391,99.6110,97.5853,1.7851
1.5340,100.0000,100.1214,99.3327,97.2320,1.8209,100.2247,99.8499,97.9905,1.7687
1.5350,100.0000,100.1085,99.6053,97.6521,1.7999,100.2116,100.0270,98.3624,1.7537
1.5360,100.0000,100.0970,99.8182,98.0428,1.7804,100.1998,100.1395,98.6953,1.7402
1.5370,100.0000,100.0869,99.9680,98.3979,1.7627,100.1892,100.1856,98.9841,1.7285
1.5380,100.0000,100.0781,100.0524,98.7119,1.7470,100.1800,100.1800,99.2244,1.7188
1.5390,100.0000,100.0705,100.0705,98.9800,1.7336,100.1720,100.1720,99.4155,1.7111
1.5400,100.0000,100.0643,100.0643,99.1981,1.7227,100.1653,100.1653,99.5668,1.7049
1.5410,100.0000,100.0593,100.0593,99.3713,1.7140,100.1599,100.1599,99.6865,1.7001
1.5420,100.0000,100.0556,100.0556,99.5089,1.7071,100.1559,100.1559,99.7812,1.6963
1.5430,100.0000,100.0533,100.0533,99.6183,1.7017,100.1532,100.1532,99.8561,1.6932
1.5440,100.0000,100.0523,100.0523,99.7053,1.6973,100.1519,100.1519,99.9155,1.6908
1.5450,100.0000,100.0527,100.0527,99.7747,1.6938,100.1520,100.1520,99.9628,1.6889
1.5460,100.0000,100.0544,100.0544,99.8303,1.6911,100.1536,100.1536,100.0007,1.6874
1.5470,100.0000,100.0575,100.0575,99.8751,1.6888,100.1565,100.1565,100.0312,1.6862
1.5480,100.0000,100.0620,100.0620,99.9116,1.6870,100.1609,100.1609,100.0563,1.6851
1.5490,100.0000,100.0679,100.0679,99.9417,1.6855,100.1668,100.1668,100.0772,1.6843
1.5500,100.0000,100.0753,100.0753,99.9669,1.6842,100.1742,100.1742,100.0951,1.6836
1.5510,100.0000,100.0841,100.0841,99.9886,1.6832,100.1830,100.1830,100.1110,1.6829
1.5520,100.0000,100.0943,100.0943,100.0077,1.6822,100.1933,100.1933,100.1254,1.6824
1.5530,100.0000,100.1060,100.1060,100.0250,1.6813,100.2051,100.2051,100.1390,1.6818
1.5540,100.0000,100.1191,100.1191,100.0412,1.6805,100.2184,100.2184,100.1522,1.6813
1.5550,100.0000,100.1337,100.1337,100.0568,1.6797,100.2331,100.2331,100.1654,1.6807
1.5560,100.0000,100.1497,100.1497,100.0722,1.6790,100.2492,100.2492,100.1790,1.6802
1.5570,100.0000,100.1671,100.1671,100.0877,1.6782,100.2668,100.2668,100.1930,1.6796
1.5580,100.0000,100.1858,100.1858,100.1035,1.6774,100.2858,100.2858,100.2078,1.6790
1.5590,100.0000,100.2060,100.2060,100.1200,1.6766,100.3061,100.3061,100.2234,1.6784
1.5600,100.0000,100.2275,100.2275,100.1372,1.6757,100.3279,100.3279,100.2399,1.6777
1.5610,100.0000,100.2504,100.2504,100.1553,1.6748,100.3509,100.3509,100.2575,1.6770
1.5620,100.0000,100.2745,100.2745,100.1743,1.6739,100.3752,100.3752,100.2762,1.6762
1.5630,100.0000,100.2999,100.2999,100.1943,1.6729,100.4007,100.4007,100.2960,1.6754
1.5640,100.0000,100.3265,100.3265,100.2154,1.6718,100.4275,100.4275,100.3169,1.6746
1.5650,100.0000,100.3542,100.3542,100.2377,1.6707,100.4553,100.4553,100.3390,1.6737
1.5660,100.0000,100.3831,100.3831,100.2610,1.6695,100.4843,100.4843,100.3623,1.6727
1.5670,100.0000,100.4131,100.4131,100.2854,1.6683,100.5144,100.5144,100.3867,1.6718
1.5680,100.0000,100.4441,100.4441,100.3109,1.6670,100.5454,100.5454,100.4122,1.6707
1.5690,100.0000,100.4760,100.4760,100.3376,1.6657,100.5773,100.5773,100.4389,1.6696
1.5700,100.0000,100.5089,100.5089,100.3652,1.6643,100.6102,100.6102,100.4666,1.6685
1.5710,100.0000,100.5425,100.5425,100.3940,1.6629,100.6438,100.6438,100.4953,1.6674
1.5720,100.0000,100.5770,100.5770,100.4237,1.6614,100.6782,100.6782,100.5250,1.6661
1.5730,100.0000,100.6122,100.6122,100.4544,1.6598,100.7132,100.7132,100.5556,1.6649
1.5740,100.0000,100.6480,100.6480,100.4859,1.6583,100.7489,100.7489,100.5871,1.6636
1.5750,100.0000,100.6844,100.6844,100.5183,1.6566,100.7850,100.7850,100.6195,1.6623
1.5760,100.0000,100.7213,100.7213,100.5516,1.6550,100.8217,100.8217,100.6526,1.6610
1.5770,100.0000,100.7586,100.7586,100.5855,1.6533,100.8587,100.8587,100.6864,1.6596
1.5780,100.0000,100.7963,100.7963,100.6201,1.6515,100.8960,100.8960,100.7209,1.6582
1.5790,100.0000,100.8342,100.8342,100.6554,1.6498,100.9335,100.9335,100.7559,1.6568
1.5800,100.0000,100.8723,100.8723,100.6911,1.6480,100.9712,100.9712,100.7914,1.6553
1.5810,100.0000,100.9106,100.9106,100.7274,1.6462,101.0089,101.0089,100.8274,1.6539
1.5820,100.0000,100.9488,100.9488,100.7640,1.6443,101.0466,101.0466,100.8637,1.6524
1.5830,100.0000,100.9870,100.9870,100.8010,1.6425,101.0843,101.0843,100.9003,1.6509
1.5840,100.0000,101.0251,101.0251,100.8382,1.6406,101.1217,101.1217,100.9371,1.6494
1.5850,100.0000,101.0630,101.0630,100.8756,1.6387,101.1589,101.1589,100.9740,1.6479
1.5860,100.0000,101.1005,101.1005,100.9131,1.6369,101.1958,101.1958,101.0110,1.6464
1.5870,100.0000,101.1377,101.1377,100.9506,1.6350,101.2322,101.2322,101.0479,1.6449
1.5880,100.0000,101.1745,101.1745,100.9880,1.6331,101.2681,101.2681,101.0848,1.6434
1.5890,100.0000,101.2107,101.2107,101.0253,1.6312,101.3035,101.3035,101.1215,1.6419
1.5900,100.0000,101.2462,101.2462,101.0624,1.6294,101.3382,101.3382,101.1579,1.6405
1.5910,100.0000,101.2811,101.2811,101.0991,1.6275,101.3722,101.3722,101.1939,1.6390
1.5920,100.0000,101.3152,101.3152,101.1355,1.6257,101.4054,101.4054,101.2296,1.6375
1.5930,100.0000,101.3484,101.3484,101.1715,1.6239,101.4376,101.4376,101.2647,1.6360
1.5940,100.0000,101.3808,101.3808,101.2069,1.6221,101.4690,101.4690,101.2993,1.6346
1.5950,100.0000,101.4121,101.4121,101.2416,1.6203,101.4993,101.4993,101.3333,1.6331
1.5960,100.0000,101.4423,101.4423,101.2757,1.6186,101.5285,101.5285,101.3665,1.6318
1.5970,100.0000,101.4715,101.4715,101.3091,1.6168,101.5566,101.5566,101.3989,1.6304
1.5980,100.0000,101.4994,101.4994,101.3415,1.6152,101.5834,101.5834,101.4304,1.6291
1.5990,100.0000,101.5260,101.5260,101.3731,1.6135,101.6090,101.6090,101.4610,1.6278
1.6000,100.0000,101.5513,101.5513,101.4037,1.6120,101.6332,101.6332,101.4906,1.6265
1.6010,100.0000,101.5752,101.5752,101.4332,1.6104,101.6560,101.6560,101.5191,1.6253
1.6020,100.0000,101.5977,101.5977,101.4616,1.6089,101.6774,101.6774,101.5465,1.6241
1.6030,100.0000,101.6186,101.6186,101.4888,1.6075,101.6972,101.6972,101.5727,1.6230
1.6040,100.0000,101.6381,101.6381,101.5148,1.6062,101.7155,101.7155,101.5976,1.6219
1.6050,100.0000,101.6559,101.6559,101.5394,1.6049,101.7322,101.7322,101.6212,1.6209
1.6060,100.0000,101.6720,101.6720,101.5627,1.6037,101.7473,101.7473,101.6434,1.6200
1.6070,100.0000,101.6865,101.6865,101.5846,1.6025,101.7607,101.7607,101.6642,1.6191
1.6080,100.0000,101.6993,101.6993,101.6050,1.6014,101.7723,101.7723,101.6835,1.6182
1.6090,100.0000,101.7103,101.7103,101.6238,1.6004,101.7822,101.7822,101.7012,1.6174
1.6100,100.0000,101.7194,101.7194,101.6411,1.5995,101.7904,101.7904,101.7174,1.6167
1.6110,100.0000,101.7268,101.7268,101.6568,1.5986,101.7967,101.7967,101.7320,1.6160
1.6120,100.0000,101.7324,101.7324,101.6708,1.5979,101.8013,101.8013,101.7450,1.6154
1.6130,100.0000,101.7360,101.7360,101.6831,1.5972,101.8040,101.8040,101.7562,1.6149
1.6140,100.0000,101.7378,101.7378,101.6937,1.5966,101.8048,101.8048,101.7658,1.6145
1.6150,100.0000,101.7377,101.7377,101.7025,1.5961,101.8038,101.8038,101.7736,1.6141
1.6160,100.0000,101.7357,101.7357,101.7096,1.5957,101.8009,101.8009,101.7796,1.6138
1.6170,100.0000,101.7318,101.7318,101.7148,1.5954,101.7962,101.7962,101.7839,1.6135
1.6180,100.0000,101.7260,101.7260,101.7182,1.5951,101.7896,101.7896,101.7863,1.6134
1.6190,100.0000,101.7183,101.7183,101.7198,1.5950,101.7811,101.7811,101.7870,1.6133
1.6200,100.0000,101.7086,101.7086,101.7195,1.5949,101.7707,101.7707,101.7858,1.6132
1.6210,100.0000,101.6971,101.6971,101.7173,1.5950,101.7585,101.7585,101.7828,1.6133
1.6220,100.0000,101.6837,101.6837,101.7133,1.5951,101.7445,101.7445,101.7779,1.6134
1.6230,100.0000,101.6684,101.6684,101.7074,1.5953,101.7286,101.7286,101.7712,1.6136
1.6240,100.0000,101.6513,101.6513,101.6996,1.5957,101.7110,101.7110,101.7627,1.6139
1.6250,100.0000,101.6323,101.6323,101.6899,1.5961,101.6916,101.6916,101.7524,1.6142
1.6260,100.0000,101.6115,101.6115,101.6784,1.5966,101.6704,101.6704,101.7402,1.6147
1.6270,100.0000,101.5890,101.5890,101.6650,1.5972,101.6476,101.6476,101.7263,1.6152
1.6280,100.0000,101.5647,101.5647,101.6498,1.5979,101.6230,101.6230,101.7105,1.6157
1.6290,100.0000,101.5387,101.5387,101.6328,1.5987,101.5969,101.5969,101.6930,1.6164
1.6300,100.0000,101.5110,101.5110,101.6139,1.5996,101.5691,101.5691,101.6738,1.6171
1.6310,100.0000,101.4817,101.4817,101.5934,1.6005,101.5398,101.5398,101.6528,1.6179
1.6320,100.0000,101.4508,101.4508,101.5710,1.6016,101.5089,101.5089,101.6302,1.6187
1.6330,100.0000,101.4184,101.4184,101.5470,1.6027,101.4767,101.4767,101.6060,1.6196
1.6340,100.0000,101.3845,101.3845,101.5213,1.6039,101.4430,101.4430,101.5801,1.6206
1.6350,100.0000,101.3492,101.3492,101.4939,1.6053,101.4079,101.4079,101.5527,1.6217
1.6360,100.0000,101.3125,101.3125,101.4650,1.6066,101.3716,101.3716,101.5237,1.6228
1.6370,100.0000,101.2744,101.2744,101.4345,1.6081,101.3340,101.3340,101.4933,1.6239
1.6380,100.0000,101.2352,101.2352,101.4025,1.6097,101.2953,101.2953,101.4614,1.6252
1.6390,100.0000,101.1947,101.1947,101.3690,1.6113,101.2555,101.2555,101.4282,1.6265
1.6400,100.0000,101.1530,101.1530,101.3341,1.6130,101.2146,101.2146,101.3937,1.6278
1.6410,100.0000,101.1104,101.1104,101.2979,1.6147,101.1727,101.1727,101.3578,1.6292
1.6420,100.0000,101.0667,101.0667,101.2604,1.6166,101.1299,101.1299,101.3208,1.6306
1.6430,100.0000,101.0220,101.0220,101.2217,1.6184,101.0863,101.0863,101.2826,1.6321
1.6440,100.0000,100.9766,100.9766,101.1817,1.6204,101.0420,101.0420,101.2434,1.6337
1.6450,100.0000,100.9303,100.9303,101.1407,1.6224,100.9969,100.9969,101.2031,1.6353
1.6460,100.0000,100.8833,100.8833,101.0986,1.6245,100.9512,100.9512,101.1619,1.6369
1.6470,100.0000,100.8357,100.8357,101.0556,1.6266,100.9050,90.2931,101.1197,1.6385
1.6480,100.0000,100.7875,90.0847,101.0116,1.6287,100.8588,90.3540,98.9544,1.7261
1.6490,100.0000,100.7394,90.1082,98.8262,1.7380,100.8129,90.4876,97.2343,1.7958
1.6500,100.0000,100.6917,90.2071,97.0826,1.8252,100.7677,90.6890,95.8850,1.8506
1.6510,100.0000,100.6451,90.3763,95.7075,1.8941,100.7235,90.9531,94.8458,1.8931
1.6520,100.0000,100.5996,90.6107,94.6413,1.9476,100.6804,91.2747,94.0673,1.9249
1.6530,100.0000,100.5555,90.9047,93.8351,1.9879,100.6386,91.6482,93.5087,1.9478
1.6540,100.0000,100.5131,91.2532,93.2491,2.0172,100.5982,92.0679,93.1366,1.9630
1.6550,100.0000,100.4725,91.6506,92.8499,2.0372,100.5593,92.5279,92.9229,1.9718
1.6560,100.0000,100.4337,92.0911,92.6100,2.0493,100.5220,93.0220,92.8439,1.9751
1.6570,100.0000,100.3969,92.5688,92.5063,2.0545,100.4864,93.5436,92.8795,1.9737
1.6580,100.0000,100.3620,93.0776,92.5188,2.0539,100.4523,94.0861,93.0123,1.9683
1.6590,100.0000,100.3291,93.6109,92.6305,2.0484,100.4199,94.6426,93.2271,1.9595
1.6600,100.0000,100.2982,94.1622,92.8266,2.0386,100.3892,95.2062,93.5102,1.9480
1.6610,100.0000,100.2693,94.7247,93.0937,2.0253,100.3601,95.7695,93.8494,1.9342
1.6620,100.0000,100.2422,95.2913,93.4199,2.0090,100.3325,96.3256,94.2334,1.9185
1.6630,100.0000,100.2170,95.8552,93.7942,1.9903,100.3066,96.8673,94.6519,1.9015
1.6640,100.0000,100.1937,96.4093,94.2064,1.9697,100.2821,97.3874,95.0949,1.8835
1.6650,100.0000,100.1721,96.9465,94.6470,1.9477,100.2592,97.8793,95.5534,1.8649
1.6660,100.0000,100.1523,97.4598,95.1069,1.9247,100.2378,98.3364,96.0186,1.8461
1.6670,100.0000,100.1340,97.9427,95.5775,1.9012,100.2177,98.7524,96.4822,1.8273
1.6680,100.0000,100.1174,98.3887,96.0505,1.8776,100.1991,99.1216,96.9362,1.8089
1.6690,100.0000,100.1023,98.7917,96.5182,1.8542,100.1818,99.4389,97.3733,1.7912
1.6700,100.0000,100.0887,99.1460,96.9729,1.8315,100.1659,99.6996,97.7864,1.7744
1.6710,100.0000,100.0765,99.4468,97.4075,1.8098,100.1513,99.9000,98.1691,1.7589
1.6720,100.0000,100.0656,99.6895,97.8153,1.7894,100.1380,100.0369,98.5152,1.7449
1.6730,100.0000,100.0561,99.8706,98.1902,1.7707,100.1260,100.1082,98.8196,1.7326
1.6740,100.0000,100.0479,99.9871,98.5263,1.7539,100.1152,100.1152,99.0773,1.7222
1.6750,100.0000,100.0410,100.0372,98.8184,1.7393,100.1058,100.1058,99.2849,1.7138
1.6760,100.0000,100.0354,100.0354,99.0622,1.7271,100.0977,100.0977,99.4491,1.7071
1.6770,100.0000,100.0310,100.0310,99.2568,1.7174,100.0909,100.0909,99.5788,1.7019
1.6780,100.0000,100.0279,100.0279,99.4117,1.7096,100.0854,100.0854,99.6812,1.6977
1.6790,100.0000,100.0261,100.0261,99.5349,1.7035,100.0814,100.0814,99.7621,1.6944
1.6800,100.0000,100.0256,100.0256,99.6331,1.6986,100.0787,100.0787,99.8259,1.6919
1.6810,100.0000,100.0265,100.0265,99.7116,1.6946,100.0774,100.0774,99.8765,1.6898
1.6820,100.0000,100.0286,100.0286,99.7746,1.6915,100.0775,100.0775,99.9167,1.6882
1.6830,100.0000,100.0322,100.0322,99.8254,1.6890,100.0791,100.0791,99.9488,1.6869
1.6840,100.0000,100.0371,100.0371,99.8668,1.6869,100.0822,100.0822,99.9749,1.6858
1.6850,100.0000,100.0434,100.0434,99.9008,1.6852,100.0867,100.0867,99.9964,1.6850
1.6860,100.0000,100.0511,100.0511,99.9293,1.6838,100.0928,100.0928,100.0144,1.6842
1.6870,100.0000,100.0603,100.0603,99.9537,1.6825,100.1003,100.1003,100.0301,1.6836
1.6880,100.0000,100.0708,100.0708,99.9750,1.6815,100.1093,100.1093,100.0441,1.6830
1.6890,100.0000,100.0828,100.0828,99.9942,1.6805,100.1198,100.1198,100.0572,1.6825
1.6900,100.0000,100.0962,100.0962,100.0119,1.6796,100.1317,100.1317,100.0697,1.6820
1.6910,100.0000,100.1110,100.1110,100.0287,1.6788,100.1452,100.1452,100.0821,1.6815
1.6920,100.0000,100.1272,100.1272,100.0452,1.6780,100.1601,100.1601,100.0947,1.6810
1.6930,100.0000,100.1449,100.1449,100.0616,1.6772,100.1765,100.1765,100.1078,1.6804
1.6940,100.0000,100.1639,100.1639,100.0783,1.6763,100.1943,100.1943,100.1215,1.6799
1.6950,100.0000,100.1843,100.1843,100.0954,1.6755,100.2135,100.2135,100.1361,1.6793
1.6960,100.0000,100.2060,100.2060,100.1132,1.6746,100.2340,100.2340,100.1516,1.6787
1.6970,100.0000,100.2290,100.2290,100.1317,1.6736,100.2560,100.2560,100.1681,1.6780
1.6980,100.0000,100.2534,100.2534,100.1512,1.6727,100.2792,100.2792,100.1856,1.6773
1.6990,100.0000,100.2789,100.2789,100.1716,1.6716,100.3037,100.3037,100.2044,1.6765
1.7000,100.0000,100.3057,100.3057,100.1931,1.6706,100.3295,100.3295,100.2242,1.6757
1.7010,100.0000,100.3337,100.3337,100.2156,1.6694,100.3564,100.3564,100.2453,1.6749
1.7020,100.0000,100.3627,100.3627,100.2392,1.6683,100.3845,100.3845,100.2675,1.6740
1.7030,100.0000,100.3929,100.3929,100.2639,1.6670,100.4136,100.4136,100.2909,1.6730
1.7040,100.0000,100.4240,100.4240,100.2897,1.6657,100.4438,100.4438,100.3154,1.6720
1.7050,100.0000,100.4562,100.4562,100.3166,1.6644,100.4750,100.4750,100.3411,1.6710
1.7060,100.0000,100.4892,100.4892,100.3445,1.6630,100.5070,100.5070,100.3679,1.6699
1.7070,100.0000,100.5231,100.5231,100.3735,1.6615,100.5400,100.5400,100.3957,1.6688
1.7080,100.0000,100.5578,100.5578,100.4034,1.6600,100.5737,100.5737,100.4246,1.6676
1.7090,100.0000,100.5932,100.5932,100.4343,1.6585,100.6081,100.6081,100.4544,1.6664
1.7100,100.0000,100.6293,100.6293,100.4661,1.6569,100.6432,100.6432,100.4851,1.6651
1.7110,100.0000,100.6659,100.6659,100.4987,1.6553,100.6788,100.6788,100.5167,1.6638
1.7120,100.0000,100.7030,100.7030,100.5321,1.6536,100.7150,100.7150,100.5492,1.6625
1.7130,100.0000,100.7406,100.7406,100.5663,1.6519,100.7516,100.7516,100.5823,1.6612
1.7140,100.0000,100.7785,100.7785,100.6012,1.6501,100.7886,100.7886,100.6162,1.6598
1.7150,100.0000,100.8167,100.8167,100.6367,1.6484,100.8258,100.8258,100.6507,1.6584
1.7160,100.0000,100.8552,100.8552,100.6727,1.6466,100.8632,100.8632,100.6857,1.6570
1.7170,100.0000,100.8937,100.8937,100.7092,1.6447,100.9008,100.9008,100.7212,1.6555
1.7180,100.0000,100.9323,100.9323,100.7461,1.6429,100.9383,100.9383,100.7571,1.6541
1.7190,100.0000,100.9708,100.9708,100.7833,1.6410,100.9759,100.9759,100.7934,1.6526
1.7200,100.0000,101.0092,101.0092,100.8208,1.6391,101.0133,101.0133,100.8299,1.6511
1.7210,100.0000,101.0475,101.0475,100.8585,1.6372,101.0505,101.0505,100.8666,1.6496
1.7220,100.0000,101.0854,101.0854,100.8963,1.6354,101.0875,101.0875,100.9034,1.6481
1.7230,100.0000,101.1230,101.1230,100.9341,1.6335,101.1240,101.1240,100.9402,1.6466
1.7240,100.0000,101.1601,101.1601,100.9719,1.6316,101.1601,101.1601,100.9770,1.6451
1.7250,100.0000,101.1967,101.1967,101.0095,1.6297,101.1957,101.1957,101.0136,1.6436
1.7260,100.0000,101.2327,101.2327,101.0470,1.6278,101.2308,101.2308,101.0500,1.6422
1.7270,100.0000,101.2680,101.2680,101.0841,1.6259,101.2651,101.2651,101.0862,1.6407
1.7280,100.0000,101.3026,101.3026,101.1209,1.6241,101.2986,101.2986,101.1219,1.6392
1.7290,100.0000,101.3363,101.3363,101.1572,1.6223,101.3314,101.3314,101.1573,1.6377
1.7300,100.0000,101.3691,101.3691,101.1930,1.6204,101.3632,101.3632,101.1921,1.6363
1.7310,100.0000,101.4009,101.4009,101.2283,1.6186,101.3940,101.3940,101.2263,1.6348
1.7320,100.0000,101.4317,101.4317,101.2628,1.6169,101.4238,101.4238,101.2599,1.6334
1.7330,100.0000,101.4613,101.4613,101.2966,1.6151,101.4525,101.4525,101.2927,1.6320
1.7340,100.0000,101.4897,101.4897,101.3295,1.6134,101.4800,101.4800,101.3246,1.6307
1.7350,100.0000,101.5169,101.5169,101.3616,1.6118,101.5063,101.5063,101.3557,1.6294
1.7360,100.0000,101.5428,101.5428,101.3926,1.6102,101.5313,101.5313,101.3858,1.6281
1.7370,100.0000,101.5672,101.5672,101.4227,1.6086,101.5549,101.5549,101.4149,1.6269
1.7380,100.0000,101.5903,101.5903,101.4516,1.6071,101.5771,101.5771,101.4429,1.6257
1.7390,100.0000,101.6118,101.6118,101.4793,1.6057,101.5978,101.5978,101.4697,1.6245
1.7400,100.0000,101.6318,101.6318,101.5058,1.6043,101.6170,101.6170,101.4954,1.6235
1.7410,100.0000,101.6502,101.6502,101.5310,1.6030,101.6346,101.6346,101.5197,1.6224
1.7420,100.0000,101.6669,101.6669,101.5548,1.6017,101.6507,101.6507,101.5427,1.6214
1.7430,100.0000,101.6820,101.6820,101.5772,1.6005,101.6650,101.6650,101.5643,1.6205
1.7440,100.0000,101.6953,101.6953,101.5982,1.5994,101.6777,101.6777,101.5844,1.6196
1.7450,100.0000,101.7069,101.7069,101.6176,1.5984,101.6887,101.6887,101.6031,1.6188
1.7460,100.0000,101.7167,101.7167,101.6355,1.5974,101.6979,101.6979,101.6202,1.6180
1.7470,100.0000,101.7247,101.7247,101.6517,1.5966,101.7054,101.7054,101.6358,1.6173
1.7480,100.0000,101.7309,101.7309,101.6663,1.5958,101.7110,101.7110,101.6497,1.6167
1.7490,100.0000,101.7351,101.7351,101.6792,1.5951,101.7149,101.7149,101.6619,1.6161
1.7500,100.0000,101.7375,101.7375,101.6904,1.5944,101.7169,101.7169,101.6725,1.6157
1.7510,100.0000,101.7380,101.7380,101.6998,1.5939,101.7170,101.7170,101.6814,1.6152
1.7520,100.0000,101.7366,101.7366,101.7075,1.5935,101.7153,101.7153,101.6885,1.6149
1.7530,100.0000,101.7332,101.7332,101.7133,1.5931,101.7117,101.7117,101.6939,1.6146
1.7540,100.0000,101.7280,101.7280,101.7173,1.5928,101.7063,101.7063,101.6974,1.6144
1.7550,100.0000,101.7208,101.7208,101.7194,1.5927,101.6990,101.6990,101.6992,1.6142
1.7560,100.0000,101.7117,101.7117,101.7197,1.5926,101.6898,101.6898,101.6992,1.6142
1.7570,100.0000,101.7007,101.7007,101.7181,1.5926,101.6788,101.6788,101.6973,1.6142
1.7580,100.0000,101.6879,101.6879,101.7146,1.5927,101.6659,101.6659,101.6936,1.6143
1.7590,100.0000,101.6731,101.6731,101.7093,1.5929,101.6513,101.6513,101.6881,1.6144
1.7600,100.0000,101.6564,101.6564,101.7020,1.5932,101.6348,101.6348,101.6807,1.6147
1.7610,100.0000,101.6379,101.6379,101.6929,1.5936,101.6166,101.6166,101.6715,1.6150
1.7620,100.0000,101.6176,101.6176,101.6819,1.5941,101.5966,101.5966,101.6605,1.6153
1.7630,100.0000,101.5955,101.5955,101.6691,1.5947,101.5749,101.5749,101.6478,1.6158
1.7640,100.0000,101.5717,101.5717,101.6544,1.5953,101.5515,101.5515,101.6332,1.6163
1.7650,100.0000,101.5461,101.5461,101.6378,1.5961,101.5265,101.5265,101.6169,1.6169
1.7660,100.0000,101.5188,101.5188,101.6195,1.5969,101.4998,101.4998,101.5988,1.6176
1.7670,100.0000,101.4899,101.4899,101.5993,1.5979,101.4716,101.4716,101.5790,1.6183
1.7680,100.0000,101.4594,101.4594,101.5774,1.5989,101.4419,101.4419,101.5575,1.6191
1.7690,100.0000,101.4273,101.4273,101.5538,1.6000,101.4106,101.4106,101.5344,1.6200
1.7700,100.0000,101.3937,101.3937,101.5285,1.6012,101.3780,101.3780,101.5096,1.6209
1.7710,100.0000,101.3587,101.3587,101.5016,1.6025,101.3440,101.3440,101.4833,1.6220
1.7720,100.0000,101.3222,101.3222,101.4730,1.6039,101.3086,101.3086,101.4554,1.6230
1.7730,100.0000,101.2844,101.2844,101.4428,1.6054,101.2720,101.2720,101.4261,1.6242
1.7740,100.0000,101.2453,101.2453,101.4111,1.6069,101.2342,101.2342,101.3952,1.6254
1.7750,100.0000,101.2050,101.2050,101.3780,1.6085,101.1952,101.1952,101.3630,1.6266
1.7760,100.0000,101.1635,101.1635,101.3434,1.6102,101.1552,101.1552,101.3295,1.6279
1.7770,100.0000,101.1210,101.1210,101.3074,1.6119,101.1142,101.1142,101.2946,1.6293
1.7780,100.0000,101.0774,101.0774,101.2701,1.6137,101.0723,101.0723,101.2585,1.6307
1.7790,100.0000,101.0328,101.0328,101.2316,1.6156,101.0294,101.0294,101.2213,1.6321
1.7800,100.0000,100.9873,100.9873,101.1918,1.6176,100.9858,100.9858,101.1829,1.6336
1.7810,100.0000,100.9410,100.9410,101.1509,1.6196,100.9414,100.9414,101.1435,1.6352
1.7820,100.0000,100.8940,100.8940,101.1089,1.6216,100.8964,100.8964,101.1031,1.6368
1.7830,100.0000,100.8463,100.8463,101.0660,1.6237,100.8508,90.2241,101.0617,1.6384
1.7840,100.0000,100.7980,100.7980,101.0220,1.6259,100.8052,90.2519,98.8942,1.7262
1.7850,100.0000,100.7492,90.0637,100.9772,1.6281,100.7598,90.3536,97.1658,1.7963
1.7860,100.0000,100.7005,90.1255,98.7945,1.7372,100.7152,90.5244,95.8033,1.8517
1.7870,100.0000,100.6524,90.2614,97.0607,1.8239,100.6714,90.7597,94.7475,1.8950
1.7880,100.0000,100.6052,90.4659,95.7008,1.8920,100.6288,91.0544,93.9500,1.9276
1.7890,100.0000,100.5592,90.7332,94.6538,1.9446,100.5874,91.4035,93.3709,1.9514
1.7900,100.0000,100.5148,91.0578,93.8697,1.9838,100.5475,91.8015,92.9774,1.9676
1.7910,100.0000,100.4719,91.4341,93.3073,2.0119,100.5091,92.2426,92.7422,1.9773
1.7920,100.0000,100.4309,91.8562,92.9327,2.0307,100.4722,92.7207,92.6423,1.9814
1.7930,100.0000,100.3918,92.3180,92.7174,2.0415,100.4369,93.2297,92.6580,1.9808
1.7940,100.0000,100.3546,92.8136,92.6375,2.0455,100.4033,93.7630,92.7723,1.9762
1.7950,100.0000,100.3193,93.3366,92.6727,2.0438,100.3713,94.3138,92.9705,1.9681
1.7960,100.0000,100.2860,93.8802,92.8055,2.0372,100.3410,94.8751,93.2391,1.9571
1.7970,100.0000,100.2547,94.4379,93.0204,2.0265,100.3122,95.4398,93.5663,1.9437
1.7980,100.0000,100.2254,95.0028,93.3039,2.0124,100.2851,96.0008,93.9410,1.9284
1.7990,100.0000,100.1979,95.5678,93.6437,1.9954,100.2595,96.5510,94.3530,1.9116
1.8000,100.0000,100.1723,96.1261,94.0285,1.9762,100.2355,97.0831,94.7926,1.8937
1.8010,100.0000,100.1486,96.6705,94.4480,1.9553,100.2131,97.5904,95.2507,1.8751
1.8020,100.0000,100.1265,97.1941,94.8925,1.9331,100.1920,98.0659,95.7186,1.8561
1.8030,100.0000,100.1062,97.6901,95.3528,1.9101,100.1724,98.5035,96.1881,1.8370
1.8040,100.0000,100.0875,98.1521,95.8203,1.8867,100.1543,98.8970,96.6512,1.8182
1.8050,100.0000,100.0704,98.5739,96.2867,1.8634,100.1374,99.2409,97.1003,1.8000
1.8060,100.0000,100.0547,98.9496,96.7441,1.8406,100.1220,99.5304,97.5285,1.7827
1.8070,100.0000,100.0406,99.2740,97.1852,1.8185,100.1078,99.7613,97.9288,1.7664
1.8080,100.0000,100.0278,99.5424,97.6030,1.7976,100.0949,99.9301,98.2953,1.7516
1.8090,100.0000,100.0164,99.7508,97.9908,1.7783,100.0833,100.0341,98.6223,1.7383
1.8100,100.0000,100.0064,99.8961,98.3428,1.7607,100.0730,100.0717,98.9047,1.7269
1.8110,100.0000,99.9977,99.9759,98.6535,1.7451,100.0640,100.0640,99.1381,1.7174
1.8120,100.0000,99.9902,99.9902,98.9180,1.7319,100.0562,100.0562,99.3232,1.7099
1.8130,100.0000,99.9840,99.9840,99.1324,1.7212,100.0498,100.0498,99.4698,1.7040
1.8140,100.0000,99.9792,99.9792,99.3027,1.7127,100.0447,100.0447,99.5858,1.6993
1.8150,100.0000,99.9756,99.9756,99.4380,1.7059,100.0409,100.0409,99.6776,1.6955
1.8160,100.0000,99.9734,99.9734,99.5455,1.7006,100.0385,100.0385,99.7502,1.6926
1.8170,100.0000,99.9725,99.9725,99.6311,1.6963,100.0374,100.0374,99.8079,1.6902
1.8180,100.0000,99.9729,99.9729,99.6994,1.6929,100.0378,100.0378,99.8538,1.6884
1.8190,100.0000,99.9747,99.9747,99.7541,1.6901,100.0396,100.0396,99.8906,1.6869
1.8200,100.0000,99.9779,99.9779,99.7982,1.6879,100.0429,100.0429,99.9204,1.6857
1.8210,100.0000,99.9825,99.9825,99.8341,1.6861,100.0476,100.0476,99.9449,1.6847
1.8220,100.0000,99.9885,99.9885,99.8638,1.6846,100.0538,100.0538,99.9654,1.6839
1.8230,100.0000,99.9960,99.9960,99.8888,1.6834,100.0614,100.0614,99.9831,1.6831
1.8240,100.0000,100.0049,100.0049,99.9102,1.6823,100.0705,100.0705,99.9988,1.6825
1.8250,100.0000,100.0152,100.0152,99.9291,1.6814,100.0811,100.0811,100.0131,1.6819
1.8260,100.0000,100.0270,100.0270,99.9463,1.6805,100.0932,100.0932,100.0267,1.6814
1.8270,100.0000,100.0402,100.0402,99.9625,1.6797,100.1067,100.1067,100.0400,1.6808
1.8280,100.0000,100.0548,100.0548,99.9780,1.6789,100.1217,100.1217,100.0534,1.6803
1.8290,100.0000,100.0709,100.0709,99.9934,1.6782,100.1382,100.1382,100.0670,1.6797
1.8300,100.0000,100.0884,100.0884,100.0089,1.6774,100.1560,100.1560,100.0813,1.6792
1.8310,100.0000,100.1072,100.1072,100.0248,1.6766,100.1753,100.1753,100.0962,1.6786
1.8320,100.0000,100.1275,100.1275,100.0413,1.6758,100.1959,100.1959,100.1120,1.6779
1.8330,100.0000,100.1491,100.1491,100.0585,1.6749,100.2179,100.2179,100.1288,1.6772
1.8340,100.0000,100.1720,100.1720,100.0766,1.6740,100.2412,100.2412,100.1466,1.6765
1.8350,100.0000,100.1962,100.1962,100.0957,1.6731,100.2658,100.2658,100.1656,1.6757
1.8360,100.0000,100.2217,100.2217,100.1158,1.6720,100.2916,100.2916,100.1856,1.6749
1.8370,100.0000,100.2483,100.2483,100.1370,1.6710,100.3186,100.3186,100.2068,1.6741
1.8380,100.0000,100.2762,100.2762,100.1593,1.6699,100.3468,100.3468,100.2292,1.6732
1.8390,100.0000,100.3051,100.3051,100.1826,1.6687,100.3760,100.3760,100.2527,1.6722
1.8400,100.0000,100.3351,100.3351,100.2071,1.6675,100.4063,100.4063,100.2774,1.6712
1.8410,100.0000,100.3662,100.3662,100.2327,1.6662,100.4376,100.4376,100.3032,1.6701
1.8420,100.0000,100.3982,100.3982,100.2594,1.6649,100.4698,100.4698,100.3300,1.6691
1.8430,100.0000,100.4311,100.4311,100.2872,1.6635,100.5029,100.5029,100.3580,1.6679
1.8440,100.0000,100.4648,100.4648,100.3159,1.6620,100.5367,100.5367,100.3870,1.6667
1.8450,100.0000,100.4993,100.4993,100.3457,1.6605,100.5713,100.5713,100.4169,1.6655
1.8460,100.0000,100.5345,100.5345,100.3764,1.6590,100.6066,100.6066,100.4478,1.6643
1.8470,100.0000,100.5704,100.5704,100.4081,1.6574,100.6424,100.6424,100.4796,1.6630
1.8480,100.0000,100.6068,100.6068,100.4405,1.6558,100.6788,100.6788,100.5121,1.6617
1.8490,100.0000,100.6438,100.6438,100.4738,1.6541,100.7156,100.7156,100.5455,1.6603
1.8500,100.0000,100.6811,100.6811,100.5078,1.6524,100.7528,100.7528,100.5795,1.6589
1.8510,100.0000,100.7188,100.7188,100.5425,1.6507,100.7903,100.7903,100.6142,1.6575
1.8520,100.0000,100.7568,100.7568,100.5777,1.6489,100.8280,100.8280,100.6494,1.6561
1.8530,100.0000,100.7949,100.7949,100.6135,1.6471,100.8659,100.8659,100.6851,1.6546
1.8540,100.0000,100.8332,100.8332,100.6498,1.6453,100.9038,100.9038,100.7213,1.6531
1.8550,100.0000,100.8714,100.8714,100.6865,1.6435,100.9417,100.9417,100.7578,1.6517
1.8560,100.0000,100.9097,100.9097,100.7235,1.6416,100.9795,100.9795,100.7946,1.6502
1.8570,100.0000,100.9477,100.9477,100.7607,1.6398,101.0171,101.0171,100.8316,1.6487
1.8580,100.0000,100.9856,100.9856,100.7981,1.6379,101.0544,101.0544,100.8687,1.6471
1.8590,100.0000,101.0232,101.0232,100.8356,1.6360,101.0914,101.0914,100.9058,1.6456
1.8600,100.0000,101.0604,101.0604,100.8731,1.6341,101.1280,101.1280,100.9429,1.6441
1.8610,100.0000,101.0971,101.0971,100.9106,1.6322,101.1640,101.1640,100.9799,1.6426
1.8620,100.0000,101.1333,101.1333,100.9479,1.6304,101.1995,101.1995,101.0168,1.6411
1.8630,100.0000,101.1689,101.1689,100.9850,1.6285,101.2343,101.2343,101.0533,1.6396
1.8640,100.0000,101.2037,101.2037,101.0218,1.6267,101.2684,101.2684,101.0895,1.6382
1.8650,100.0000,101.2378,101.2378,101.0582,1.6248,101.3017,101.3017,101.1253,1.6367
1.8660,100.0000,101.2711,101.2711,101.0941,1.6230,101.3341,101.3341,101.1606,1.6352
1.8670,100.0000,101.3034,101.3034,101.1295,1.6212,101.3655,101.3655,101.1953,1.6337
1.8680,100.0000,101.3347,101.3347,101.1643,1.6194,101.3959,101.3959,101.2293,1.6323
1.8690,100.0000,101.3649,101.3649,101.1983,1.6177,101.4252,101.4252,101.2626,1.6309
1.8700,100.0000,101.3940,101.3940,101.2317,1.6160,101.4533,101.4533,101.2951,1.6295
1.8710,100.0000,101.4219,101.4219,101.2641,1.6143,101.4802,101.4802,101.3268,1.6282
1.8720,100.0000,101.4486,101.4486,101.2957,1.6127,101.5059,101.5059,101.3575,1.6269
1.8730,100.0000,101.4739,101.4739,101.3263,1.6111,101.5301,101.5301,101.3871,1.6256
1.8740,100.0000,101.4978,101.4978,101.3558,1.6096,101.5530,101.5530,101.4157,1.6244
1.8750,100.0000,101.5202,101.5202,101.3842,1.6081,101.5744,101.5744,101.4432,1.6233
1.8760,100.0000,101.5412,101.5412,101.4114,1.6067,101.5943,101.5943,101.4694,1.6221
1.8770,100.0000,101.5606,101.5606,101.4373,1.6053,101.6127,101.6127,101.4944,1.6211
1.8780,100.0000,101.5784,101.5784,101.4620,1.6041,101.6294,101.6294,101.5181,1.6201
1.8790,100.0000,101.5945,101.5945,101.4853,1.6028,101.6445,101.6445,101.5403,1.6191
1.8800,100.0000,101.6090,101.6090,101.5071,1.6017,101.6579,101.6579,101.5612,1.6182
1.8810,100.0000,101.6218,101.6218,101.5275,1.6006,101.6696,101.6696,101.5805,1.6173
1.8820,100.0000,101.6327,101.6327,101.5463,1.5996,101.6796,101.6796,101.5983,1.6165
1.8830,100.0000,101.6419,101.6419,101.5636,1.5987,101.6878,101.6878,101.6146,1.6158
1.8840,100.0000,101.6493,101.6493,101.5793,1.5978,101.6942,101.6942,101.6292,1.6152
1.8850,100.0000,101.6549,101.6549,101.5933,1.5971,101.6987,101.6987,101.6422,1.6146
1.8860,100.0000,101.6586,101.6586,101.6056,1.5964,101.7015,101.7015,101.6535,1.6141
1.8870,100.0000,101.6604,101.6604,101.6162,1.5958,101.7023,101.7023,101.6631,1.6136
1.8880,100.0000,101.6603,101.6603,101.6250,1.5953,101.7014,101.7014,101.6710,1.6132
1.8890,100.0000,101.6583,101.6583,101.6321,1.5949,101.6985,101.6985,101.6770,1.6129
1.8900,100.0000,101.6544,101.6544,101.6373,1.5946,101.6938,101.6938,101.6813,1.6127
1.8910,100.0000,101.6486,101.6486,101.6407,1.5943,101.6872,101.6872,101.6838,1.6125
1.8920,100.0000,101.6409,101.6409,101.6423,1.5942,101.6788,101.6788,101.6845,1.6124
1.8930,100.0000,101.6313,101.6313,101.6420,1.5942,101.6684,101.6684,101.6834,1.6124
1.8940,100.0000,101.6198,101.6198,101.6399,1.5942,101.6563,101.6563,101.6804,1.6124
1.8950,100.0000,101.6064,101.6064,101.6359,1.5943,101.6423,101.6423,101.6756,1.6126
1.8960,100.0000,101.5911,101.5911,101.6300,1.5946,101.6265,101.6265,101.6689,1.6128
1.8970,100.0000,101.5740,101.5740,101.6222,1.5949,101.6089,101.6089,101.6604,1.6131
1.8980,100.0000,101.5551,101.5551,101.6126,1.5953,101.5896,101.5896,101.6501,1.6134
1.8990,100.0000,101.5343,101.5343,101.6011,1.5958,101.5685,101.5685,101.6380,1.6138
1.9000,100.0000,101.5118,101.5118,101.5877,1.5964,101.5457,101.5457,101.6241,1.6143
1.9010,100.0000,101.4876,101.4876,101.5725,1.5971,101.5212,101.5212,101.6084,1.6149
1.9020,100.0000,101.4616,101.4616,101.5555,1.5979,101.4951,101.4951,101.5910,1.6155
1.9030,100.0000,101.4340,101.4340,101.5368,1.5988,101.4674,101.4674,101.5718,1.6163
1.9040,100.0000,101.4047,101.4047,101.5162,1.5998,101.4382,101.4382,101.5509,1.6170
1.9050,100.0000,101.3739,101.3739,101.4939,1.6008,101.4074,101.4074,101.5284,1.6179
1.9060,100.0000,101.3416,101.3416,101.4699,1.6020,101.3752,101.3752,101.5042,1.6188
1.9070,100.0000,101.3077,101.3077,101.4442,1.6032,101.3416,101.3416,101.4784,1.6198
1.9080,100.0000,101.2725,101.2725,101.4169,1.6045,101.3067,101.3067,101.4510,1.6209
1.9090,100.0000,101.2358,101.2358,101.3880,1.6059,101.2705,101.2705,101.4222,1.6220
1.9100,100.0000,101.1978,101.1978,101.3576,1.6074,101.2330,101.2330,101.3918,1.6232
1.9110,100.0000,101.1586,101.1586,101.3256,1.6089,101.1944,101.1944,101.3601,1.6244
1.9120,100.0000,101.1182,101.1182,101.2922,1.6105,101.1546,101.1546,101.3269,1.6257
1.9130,100.0000,101.0767,101.0767,101.2574,1.6122,101.1139,101.1139,101.2925,1.6270
1.9140,100.0000,101.0340,101.0340,101.2213,1.6140,101.0721,101.0721,101.2567,1.6284
1.9150,100.0000,100.9904,100.9904,101.1838,1.6158,101.0295,101.0295,101.2198,1.6299
1.9160,100.0000,100.9459,100.9459,101.1451,1.6177,100.9860,100.9860,101.1818,1.6314
1.9170,100.0000,100.9005,100.9005,101.1053,1.6196,100.9418,100.9418,101.1426,1.6329
1.9180,100.0000,100.8543,100.8543,101.0643,1.6216,100.8969,100.8969,101.1024,1.6345
1.9190,100.0000,100.8074,100.8074,101.0223,1.6237,100.8513,100.8513,101.0613,1.6361
1.9200,100.0000,100.7598,100.7598,100.9793,1.6258,100.8053,90.2005,101.0193,1.6378
1.9210,100.0000,100.7117,90.0100,100.9354,1.6280,100.7592,90.2655,98.8556,1.7255
1.9220,100.0000,100.6637,90.0340,98.7504,1.7372,100.7134,90.4031,97.1376,1.7953
1.9230,100.0000,100.6161,90.1333,97.0071,1.8244,100.6684,90.6082,95.7907,1.8502
1.9240,100.0000,100.5695,90.3027,95.6323,1.8933,100.6243,90.8756,94.7542,1.8926
1.9250,100.0000,100.5241,90.5372,94.5664,1.9468,100.5814,91.2002,93.9785,1.9244
1.9260,100.0000,100.4802,90.8314,93.7606,1.9871,100.5398,91.5764,93.4228,1.9472
1.9270,100.0000,100.4379,91.1799,93.1747,2.0164,100.4996,91.9984,93.0535,1.9625
1.9280,100.0000,100.3973,91.5772,92.7758,2.0364,100.4609,92.4603,92.8425,1.9712
1.9290,100.0000,100.3586,92.0177,92.5361,2.0484,100.4238,92.9558,92.7661,1.9744
1.9300,100.0000,100.3219,92.4952,92.4324,2.0536,100.3883,93.4785,92.8040,1.9729
1.9310,100.0000,100.2871,93.0038,92.4450,2.0530,100.3545,94.0217,92.9389,1.9673
1.9320,100.0000,100.2542,93.5369,92.5567,2.0475,100.3223,94.5785,93.1555,1.9585
1.9330,100.0000,100.2234,94.0879,92.7527,2.0377,100.2918,95.1419,93.4401,1.9468
1.9340,100.0000,100.1945,94.6501,93.0198,2.0244,100.2628,95.7047,93.7804,1.9329
1.9350,100.0000,100.1675,95.2165,93.3458,2.0081,100.2355,96.2599,94.1653,1.9172
1.9360,100.0000,100.1424,95.7802,93.7200,1.9895,100.2097,96.8002,94.5842,1.9001
1.9370,100.0000,100.1192,96.3340,94.1320,1.9689,100.1855,97.3188,95.0274,1.8821
1.9380,100.0000,100.0977,96.8710,94.5724,1.9469,100.1628,97.8088,95.4857,1.8634
1.9390,100.0000,100.0779,97.3842,95.0321,1.9239,100.1415,98.2637,95.9503,1.8446
1.9400,100.0000,100.0597,97.8670,95.5025,1.9004,100.1217,98.6772,96.4130,1.8258
1.9410,100.0000,100.0432,98.3129,95.9754,1.8768,100.1032,99.0438,96.8658,1.8074
1.9420,100.0000,100.0281,98.7159,96.4429,1.8535,100.0862,99.3583,97.3014,1.7897
1.9430,100.0000,100.0146,99.0704,96.8975,1.8307,100.0704,99.6161,97.7128,1.7730
1.9440,100.0000,100.0024,99.3713,97.3321,1.8090,100.0560,99.8134,98.0935,1.7575
1.9450,100.0000,99.9916,99.6143,97.7399,1.7886,100.0429,99.9473,98.4375,1.7436
1.9460,100.0000,99.9822,99.7957,98.1148,1.7699,100.0310,100.0155,98.7394,1.7313
1.9470,100.0000,99.9740,99.9127,98.4510,1.7531,100.0205,100.0205,98.9946,1.7209
1.9480,100.0000,99.9672,99.9633,98.7433,1.7385,100.0112,100.0112,99.1998,1.7126
1.9490,100.0000,99.9616,99.9616,98.9873,1.7263,100.0033,100.0033,99.3621,1.7060
1.9500,100.0000,99.9573,99.9573,99.1822,1.7166,99.9967,99.9967,99.4903,1.7008
1.9510,100.0000,99.9542,99.9542,99.3372,1.7088,99.9914,99.9914,99.5916,1.6967
1.9520,100.0000,99.9524,99.9524,99.4606,1.7027,99.9875,99.9875,99.6715,1.6935
1.9530,100.0000,99.9520,99.9520,99.5590,1.6977,99.9850,99.9850,99.7347,1.6909
1.9540,100.0000,99.9529,99.9529,99.6376,1.6938,99.9838,99.9838,99.7848,1.6889
1.9550,100.0000,99.9551,99.9551,99.7006,1.6907,99.9842,99.9842,99.8246,1.6872
1.9560,100.0000,99.9587,99.9587,99.7515,1.6881,99.9859,99.9859,99.8565,1.6860
1.9570,100.0000,99.9636,99.9636,99.7929,1.6860,99.9892,99.9892,99.8824,1.6849
1.9580,100.0000,99.9700,99.9700,99.8271,1.6843,99.9939,99.9939,99.9037,1.6840
1.9590,100.0000,99.9777,99.9777,99.8557,1.6829,100.0000,100.0000,99.9218,1.6833
1.9600,100.0000,99.9869,99.9869,99.8801,1.6817,100.0077,100.0077,99.9374,1.6827
1.9610,100.0000,99.9974,99.9974,99.9014,1.6806,100.0169,100.0169,99.9515,1.6821
1.9620,100.0000,100.0094,100.0094,99.9206,1.6797,100.0275,100.0275,99.9646,1.6816
1.9630,100.0000,100.0229,100.0229,99.9384,1.6788,100.0396,100.0396,99.9771,1.6811
1.9640,100.0000,100.0377,100.0377,99.9553,1.6779,100.0532,100.0532,99.9896,1.6805
1.9650,100.0000,100.0540,100.0540,99.9718,1.6771,100.0683,100.0683,100.0024,1.6800
1.9660,100.0000,100.0716,100.0716,99.9882,1.6763,100.0848,100.0848,100.0155,1.6795
1.9670,100.0000,100.0906,100.0906,100.0049,1.6754,100.1027,100.1027,100.0294,1.6789
1.9680,100.0000,100.1110,100.1110,100.0220,1.6746,100.1221,100.1221,100.0441,1.6783
1.9690,100.0000,100.1328,100.1328,100.0398,1.6737,100.1428,100.1428,100.0597,1.6777
1.9700,100.0000,100.1558,100.1558,100.0584,1.6728,100.1648,100.1648,100.0763,1.6770
1.9710,100.0000,100.1801,100.1801,100.0779,1.6718,100.1882,100.1882,100.0940,1.6763
1.9720,100.0000,100.2057,100.2057,100.0983,1.6708,100.2128,100.2128,100.1128,1.6755
1.9730,100.0000,100.2325,100.2325,100.1198,1.6697,100.2387,100.2387,100.1328,1.6747
1.9740,100.0000,100.2604,100.2604,100.1423,1.6686,100.2657,100.2657,100.1540,1.6739
1.9750,100.0000,100.2895,100.2895,100.1660,1.6674,100.2939,100.2939,100.1764,1.6730
1.9760,100.0000,100.3196,100.3196,100.1907,1.6662,100.3232,100.3232,100.1999,1.6720
1.9770,100.0000,100.3508,100.3508,100.2165,1.6649,100.3535,100.3535,100.2245,1.6710
1.9780,100.0000,100.3830,100.3830,100.2433,1.6635,100.3847,100.3847,100.2503,1.6700
1.9790,100.0000,100.4160,100.4160,100.2713,1.6621,100.4169,100.4169,100.2772,1.6689
1.9800,100.0000,100.4499,100.4499,100.3002,1.6607,100.4499,100.4499,100.3051,1.6677
1.9810,100.0000,100.4846,100.4846,100.3301,1.6592,100.4837,100.4837,100.3341,1.6665
1.9820,100.0000,100.5200,100.5200,100.3610,1.6576,100.5183,100.5183,100.3640,1.6653
1.9830,100.0000,100.5560,100.5560,100.3928,1.6560,100.5534,100.5534,100.3949,1.6641
1.9840,100.0000,100.5927,100.5927,100.4255,1.6544,100.5892,100.5892,100.4266,1.6628
1.9850,100.0000,100.6298,100.6298,100.4589,1.6527,100.6254,100.6254,100.4591,1.6615
1.9860,100.0000,100.6674,100.6674,100.4931,1.6510,100.6621,100.6621,100.4924,1.6601
1.9870,100.0000,100.7053,100.7053,100.5279,1.6493,100.6991,100.6991,100.5263,1.6587
1.9880,100.0000,100.7435,100.7435,100.5634,1.6475,100.7364,100.7364,100.5609,1.6573
1.9890,100.0000,100.7819,100.7819,100.5994,1.6457,100.7739,100.7739,100.5960,1.6559
1.9900,100.0000,100.8205,100.8205,100.6359,1.6439,100.8115,100.8115,100.6316,1.6544
1.9910,100.0000,100.8591,100.8591,100.6729,1.6420,100.8491,100.8491,100.6675,1.6530
1.9920,100.0000,100.8976,100.8976,100.7101,1.6401,100.8867,100.8867,100.7039,1.6515
1.9930,100.0000,100.9361,100.9361,100.7476,1.6383,100.9242,100.9242,100.7404,1.6500
1.9940,100.0000,100.9743,100.9743,100.7853,1.6364,100.9615,100.9615,100.7772,1.6485
1.9950,100.0000,101.0123,101.0123,100.8231,1.6345,100.9985,100.9985,100.8140,1.6470
1.9960,100.0000,101.0499,101.0499,100.8609,1.6326,101.0351,101.0351,100.8509,1.6455
1.9970,100.0000,101.0870,101.0870,100.8987,1.6307,101.0712,101.0712,100.8878,1.6440
1.9980,100.0000,101.1236,101.1236,100.9364,1.6288,101.1069,101.1069,100.9245,1.6425
1.9990,100.0000,101.1597,101.1597,100.9738,1.6269,101.1419,101.1419,100.9609,1.6410
2.0000,100.0000,101.1950,101.1950,101.0110,1.6251,101.1763,101.1763,100.9971,1.6395
2.0010,100.0000,101.2296,101.2296,101.0478,1.6232,101.2099,101.2099,101.0330,1.6380
2.0020,100.0000,101.2633,101.2633,101.0842,1.6214,101.2426,101.2426,101.0683,1.6366
2.0030,100.0000,101.2962,101.2962,101.1200,1.6196,101.2745,101.2745,101.1032,1.6351
2.0040,100.0000,101.3280,101.3280,101.1552,1.6178,101.3054,101.3054,101.1375,1.6337
2.0050,100.0000,101.3588,101.3588,101.1898,1.6160,101.3352,101.3352,101.1710,1.6323
2.0060,100.0000,101.3885,101.3885,101.2236,1.6143,101.3639,101.3639,101.2039,1.6309
2.0070,100.0000,101.4170,101.4170,101.2566,1.6126,101.3915,101.3915,101.2359,1.6295
2.0080,100.0000,101.4442,101.4442,101.2887,1.6109,101.4178,101.4178,101.2670,1.6282
2.0090,100.0000,101.4701,101.4701,101.3198,1.6093,101.4428,101.4428,101.2972,1.6269
2.0100,100.0000,101.4947,101.4947,101.3499,1.6077,101.4664,101.4664,101.3263,1.6257
2.0110,100.0000,101.5178,101.5178,101.3788,1.6062,101.4886,101.4886,101.3543,1.6245
2.0120,100.0000,101.5394,101.5394,101.4066,1.6048,101.5094,101.5094,101.3812,1.6234
2.0130,100.0000,101.5594,101.5594,101.4332,1.6034,101.5286,101.5286,101.4068,1.6223
2.0140,100.0000,101.5779,101.5779,101.4584,1.6021,101.5463,101.5463,101.4312,1.6212
2.0150,100.0000,101.5947,101.5947,101.4823,1.6009,101.5623,101.5623,101.4542,1.6202
2.0160,100.0000,101.6099,101.6099,101.5048,1.5997,101.5768,101.5768,101.4758,1.6193
2.0170,100.0000,101.6233,101.6233,101.5258,1.5986,101.5895,101.5895,101.4960,1.6184
2.0180,100.0000,101.6350,101.6350,101.5453,1.5975,101.6005,101.6005,101.5147,1.6176
2.0190,100.0000,101.6449,101.6449,101.5632,1.5966,101.6098,101.6098,101.5319,1.6169
2.0200,100.0000,101.6530,101.6530,101.5796,1.5957,101.6172,101.6172,101.5474,1.6162
2.0210,100.0000,101.6592,101.6592,101.5943,1.5949,101.6229,101.6229,101.5614,1.6155
2.0220,100.0000,101.6636,101.6636,101.6072,1.5942,101.6268,101.6268,101.5737,1.6150
2.0230,100.0000,101.6661,101.6661,101.6185,1.5936,101.6288,101.6288,101.5843,1.6145
2.0240,100.0000,101.6667,101.6667,101.6280,1.5930,101.6290,101.6290,101.5932,1.6141
2.0250,100.0000,101.6653,101.6653,101.6357,1.5926,101.6273,101.6273,101.6004,1.6137
2.0260,100.0000,101.6621,101.6621,101.6417,1.5922,101.6238,101.6238,101.6058,1.6134
2.0270,100.0000,101.6570,101.6570,101.6458,1.5920,101.6184,101.6184,101.6094,1.6132
2.0280,100.0000,101.6499,101.6499,101.6480,1.5918,101.6112,101.6112,101.6112,1.6131
2.0290,100.0000,101.6410,101.6410,101.6484,1.5917,101.6021,101.6021,101.6112,1.6130
2.0300,100.0000,101.6301,101.6301,101.6469,1.5917,101.5911,101.5911,101.6094,1.6130
2.0310,100.0000,101.6173,101.6173,101.6435,1.5918,101.5783,101.5783,101.6057,1.6131
2.0320,100.0000,101.6027,101.6027,101.6383,1.5920,101.5637,101.5637,101.6002,1.6133
2.0330,100.0000,101.5861,101.5861,101.6312,1.5923,101.5473,101.5473,101.5929,1.6135
2.0340,100.0000,101.5678,101.5678,101.6222,1.5927,101.5292,101.5292,101.5838,1.6138
2.0350,100.0000,101.5476,101.5476,101.6113,1.5932,101.5092,101.5092,101.5729,1.6142
2.0360,100.0000,101.5256,101.5256,101.5985,1.5937,101.4876,101.4876,101.5602,1.6146
2.0370,100.0000,101.5019,101.5019,101.5840,1.5944,101.4643,101.4643,101.5457,1.6152
2.0380,100.0000,101.4764,101.4764,101.5676,1.5952,101.4393,101.4393,101.5294,1.6158
2.0390,100.0000,101.4493,101.4493,101.5493,1.5960,101.4127,101.4127,101.5114,1.6164
2.0400,100.0000,101.4205,101.4205,101.5293,1.5970,101.3846,101.3846,101.4916,1.6172
2.0410,100.0000,101.3901,101.3901,101.5076,1.5980,101.3549,101.3549,101.4702,1.6180
2.0420,100.0000,101.3581,101.3581,101.4841,1.5991,101.3238,101.3238,101.4472,1.6189
2.0430,100.0000,101.3247,101.3247,101.4589,1.6003,101.2912,101.2912,101.4225,1.6198
2.0440,100.0000,101.2897,101.2897,101.4320,1.6016,101.2572,101.2572,101.3962,1.6208
2.0450,100.0000,101.2534,101.2534,101.4036,1.6030,101.2220,101.2220,101.3684,1.6219
2.0460,100.0000,101.2157,101.2157,101.3736,1.6044,101.1854,101.1854,101.3391,1.6230
2.0470,100.0000,101.1768,101.1768,101.3420,1.6059,101.1477,101.1477,101.3084,1.6242
2.0480,100.0000,101.1366,101.1366,101.3089,1.6075,101.1088,101.1088,101.2763,1.6255
2.0490,100.0000,101.0952,101.0952,101.2745,1.6092,101.0689,101.0689,101.2428,1.6268
2.0500,100.0000,101.0527,101.0527,101.2386,1.6110,101.0279,101.0279,101.2080,1.6282
2.0510,100.0000,101.0092,101.0092,101.2014,1.6128,100.9860,100.9860,101.1720,1.6296
2.0520,100.0000,100.9648,100.9648,101.1630,1.6147,100.9433,100.9433,101.1348,1.6310
2.0530,100.0000,100.9194,100.9194,101.1234,1.6166,100.8997,100.8997,101.0965,1.6326
2.0540,100.0000,100.8732,100.8732,101.0826,1.6186,100.8554,100.8554,101.0571,1.6341
2.0550,100.0000,100.8263,100.8263,101.0407,1.6206,100.8105,100.8105,101.0168,1.6357
2.0560,100.0000,100.7787,100.7787,100.9978,1.6227,100.7650,90.1379,100.9755,1.6373
2.0570,100.0000,100.7305,100.7305,100.9540,1.6249,100.7194,90.1646,98.8080,1.7254
2.0580,100.0000,100.6818,89.9923,100.9093,1.6271,100.6742,90.2651,97.0793,1.7957
2.0590,100.0000,100.6332,90.0499,98.7259,1.7362,100.6296,90.4347,95.7165,1.8513
2.0600,100.0000,100.5851,90.1817,96.9907,1.8231,100.5859,90.6688,94.6601,1.8946
2.0610,100.0000,100.5379,90.3821,95.6289,1.8913,100.5434,90.9623,93.8619,1.9274
2.0620,100.0000,100.4921,90.6457,94.5796,1.9439,100.5021,91.3103,93.2820,1.9512
2.0630,100.0000,100.4477,90.9667,93.7928,1.9833,100.4622,91.7071,92.8876,1.9675
2.0640,100.0000,100.4049,91.3397,93.2276,2.0116,100.4239,92.1471,92.6515,1.9773
2.0650,100.0000,100.3639,91.7587,92.8500,2.0305,100.3871,92.6243,92.5506,1.9815
2.0660,100.0000,100.3248,92.2180,92.6317,2.0414,100.3519,93.1324,92.5654,1.9809
2.0670,100.0000,100.2877,92.7113,92.5490,2.0456,100.3184,93.6649,92.6788,1.9763
2.0680,100.0000,100.2525,93.2323,92.5815,2.0440,100.2865,94.2151,92.8760,1.9682
2.0690,100.0000,100.2193,93.7746,92.7116,2.0376,100.2563,94.7759,93.1438,1.9572
2.0700,100.0000,100.1880,94.3313,92.9242,2.0270,100.2276,95.3404,93.4703,1.9439
2.0710,100.0000,100.1587,94.8957,93.2056,2.0129,100.2006,95.9014,93.8443,1.9285
2.0720,100.0000,100.1313,95.4608,93.5437,1.9961,100.1752,96.4517,94.2557,1.9117
2.0730,100.0000,100.1058,96.0196,93.9271,1.9769,100.1513,96.9842,94.6949,1.8938
2.0740,100.0000,100.0820,96.5650,94.3456,1.9560,100.1289,97.4921,95.1528,1.8751
2.0750,100.0000,100.0601,97.0902,94.7895,1.9338,100.1080,97.9684,95.6206,1.8561
2.0760,100.0000,100.0398,97.5884,95.2496,1.9109,100.0885,98.4070,96.0902,1.8370
2.0770,100.0000,100.0211,98.0529,95.7174,1.8875,100.0704,98.8018,96.5536,1.8181
2.0780,100.0000,100.0041,98.4777,96.1845,1.8642,100.0537,99.1472,97.0032,1.7998
2.0790,100.0000,99.9885,98.8569,96.6431,1.8412,100.0383,99.4384,97.4320,1.7824
2.0800,100.0000,99.9744,99.1851,97.0859,1.8191,100.0242,99.6711,97.8333,1.7661
2.0810,100.0000,99.9617,99.4578,97.5057,1.7981,100.0115,99.8419,98.2009,1.7512
2.0820,100.0000,99.9503,99.6708,97.8961,1.7786,100.0000,99.9481,98.5291,1.7378
2.0830,100.0000,99.9403,99.8209,98.2511,1.7609,99.9897,99.9879,98.8129,1.7263
2.0840,100.0000,99.9316,99.9057,98.5650,1.7452,99.9808,99.9808,99.0479,1.7167
2.0850,100.0000,99.9242,99.9242,98.8332,1.7318,99.9731,99.9731,99.2345,1.7091
2.0860,100.0000,99.9181,99.9181,99.0514,1.7209,99.9668,99.9668,99.3822,1.7031
2.0870,100.0000,99.9133,99.9133,99.2247,1.7122,99.9617,99.9617,99.4991,1.6984
2.0880,100.0000,99.9098,99.9098,99.3624,1.7054,99.9580,99.9580,99.5916,1.6946
2.0890,100.0000,99.9075,99.9075,99.4719,1.6999,99.9557,99.9557,99.6649,1.6916
2.0900,100.0000,99.9067,99.9067,99.5590,1.6955,99.9547,99.9547,99.7231,1.6893
2.0910,100.0000,99.9071,99.9071,99.6286,1.6921,99.9552,99.9552,99.7694,1.6874
2.0920,100.0000,99.9089,99.9089,99.6843,1.6893,99.9570,99.9570,99.8066,1.6859
2.0930,100.0000,99.9121,99.9121,99.7292,1.6870,99.9604,99.9604,99.8367,1.6847
2.0940,100.0000,99.9167,99.9167,99.7658,1.6852,99.9651,99.9651,99.8614,1.6837
2.0950,100.0000,99.9227,99.9227,99.7960,1.6837,99.9713,99.9713,99.8821,1.6828
2.0960,100.0000,99.9302,99.9302,99.8213,1.6824,99.9790,99.9790,99.9000,1.6821
2.0970,100.0000,99.9390,99.9390,99.8431,1.6813,99.9882,99.9882,99.9158,1.6815
2.0980,100.0000,99.9493,99.9493,99.8623,1.6804,99.9988,99.9988,99.9303,1.6809
2.0990,100.0000,99.9611,99.9611,99.8797,1.6795,100.0109,100.0109,99.9440,1.6803
2.1000,100.0000,99.9743,99.9743,99.8960,1.6787,100.0245,100.0245,99.9574,1.6798
2.1010,100.0000,99.9889,99.9889,99.9116,1.6779,100.0395,100.0395,99.9708,1.6792
2.1020,100.0000,100.0049,100.0049,99.9271,1.6771,100.0560,100.0560,99.9845,1.6787
2.1030,100.0000,100.0223,100.0223,99.9426,1.6764,100.0738,100.0738,99.9988,1.6781
2.1040,100.0000,100.0412,100.0412,99.9586,1.6756,100.0931,100.0931,100.0138,1.6775
2.1050,100.0000,100.0614,100.0614,99.9751,1.6747,100.1138,100.1138,100.0297,1.6768
2.1060,100.0000,100.0829,100.0829,99.9923,1.6739,100.1358,100.1358,100.0465,1.6761
2.1070,100.0000,100.1058,100.1058,100.0105,1.6730,100.1591,100.1591,100.0643,1.6754
2.1080,100.0000,100.1299,100.1299,100.0295,1.6720,100.1837,100.1837,100.0833,1.6746
2.1090,100.0000,100.1553,100.1553,100.0496,1.6710,100.2095,100.2095,100.1034,1.6738
2.1100,100.0000,100.1819,100.1819,100.0707,1.6700,100.2365,100.2365,100.1246,1.6730
2.1110,100.0000,100.2097,100.2097,100.0930,1.6688,100.2646,100.2646,100.1470,1.6720
2.1120,100.0000,100.2386,100.2386,100.1163,1.6677,100.2939,100.2939,100.1705,1.6711
2.1130,100.0000,100.2686,100.2686,100.1408,1.6664,100.3242,100.3242,100.1952,1.6701
2.1140,100.0000,100.2996,100.2996,100.1664,1.6652,100.3554,100.3554,100.2210,1.6690
2.1150,100.0000,100.3315,100.3315,100.1930,1.6638,100.3876,100.3876,100.2479,1.6679
2.1160,100.0000,100.3644,100.3644,100.2207,1.6625,100.4207,100.4207,100.2758,1.6668
2.1170,100.0000,100.3981,100.3981,100.2494,1.6610,100.4546,100.4546,100.3048,1.6656
2.1180,100.0000,100.4325,100.4325,100.2792,1.6595,100.4892,100.4892,100.3348,1.6644
2.1190,100.0000,100.4677,100.4677,100.3098,1.6580,100.5244,100.5244,100.3656,1.6631
2.1200,100.0000,100.5035,100.5035,100.3414,1.6564,100.5603,100.5603,100.3974,1.6618
2.1210,100.0000,100.5399,100.5399,100.3738,1.6548,100.5967,100.5967,100.4300,1.6605
2.1220,100.0000,100.5768,100.5768,100.4071,1.6531,100.6335,100.6335,100.4633,1.6592
2.1230,100.0000,100.6141,100.6141,100.4410,1.6514,100.6707,100.6707,100.4974,1.6578
2.1240,100.0000,100.6518,100.6518,100.4756,1.6497,100.7082,100.7082,100.5320,1.6564
2.1250,100.0000,100.6897,100.6897,100.5109,1.6479,100.7459,100.7459,100.5673,1.6549
2.1260,100.0000,100.7279,100.7279,100.5466,1.6461,100.7838,100.7838,100.6030,1.6535
2.1270,100.0000,100.7661,100.7661,100.5829,1.6443,100.8217,100.8217,100.6392,1.6520
2.1280,100.0000,100.8044,100.8044,100.6195,1.6425,100.8596,100.8596,100.6757,1.6505
2.1290,100.0000,100.8426,100.8426,100.6565,1.6406,100.8974,100.8974,100.7125,1.6490
2.1300,100.0000,100.8807,100.8807,100.6937,1.6388,100.9350,100.9350,100.7494,1.6475
2.1310,100.0000,100.9186,100.9186,100.7311,1.6369,100.9724,100.9724,100.7866,1.6460
2.1320,100.0000,100.9561,100.9561,100.7686,1.6350,101.0094,101.0094,100.8237,1.6445
2.1330,100.0000,100.9934,100.9934,100.8061,1.6331,101.0460,101.0460,100.8609,1.6430
2.1340,100.0000,101.0301,101.0301,100.8436,1.6313,101.0821,101.0821,100.8979,1.6414
2.1350,100.0000,101.0663,101.0663,100.8809,1.6294,101.1176,101.1176,100.9347,1.6399
2.1360,100.0000,101.1019,101.1019,100.9180,1.6275,101.1525,101.1525,100.9713,1.6384
2.1370,100.0000,101.1369,101.1369,100.9548,1.6257,101.1866,101.1866,101.0075,1.6370
2.1380,100.0000,101.1710,101.1710,100.9912,1.6239,101.2199,101.2199,101.0434,1.6355
2.1390,100.0000,101.2043,101.2043,101.0271,1.6221,101.2524,101.2524,101.0787,1.6340
2.1400,100.0000,101.2367,101.2367,101.0626,1.6202,101.2839,101.2839,101.1134,1.6325
2.1410,100.0000,101.2681,101.2681,101.0974,1.6185,101.3143,101.3143,101.1475,1.6311
2.1420,100.0000,101.2984,101.2984,101.1315,1.6167,101.3437,101.3437,101.1809,1.6297
2.1430,100.0000,101.3276,101.3276,101.1649,1.6150,101.3719,101.3719,101.2134,1.6283
2.1440,100.0000,101.3556,101.3556,101.1974,1.6133,101.3989,101.3989,101.2451,1.6270
2.1450,100.0000,101.3823,101.3823,101.2291,1.6117,101.4246,101.4246,101.2759,1.6257
2.1460,100.0000,101.4077,101.4077,101.2597,1.6101,101.4489,101.4489,101.3056,1.6244
2.1470,100.0000,101.4317,101.4317,101.2893,1.6086,101.4719,101.4719,101.3343,1.6232
2.1480,100.0000,101.4543,101.4543,101.3178,1.6071,101.4934,101.4934,101.3618,1.6220
2.1490,100.0000,101.4753,101.4753,101.3451,1.6057,101.5134,101.5134,101.3881,1.6209
2.1500,100.0000,101.4949,101.4949,101.3711,1.6044,101.5318,101.5318,101.4132,1.6198
2.1510,100.0000,101.5128,101.5128,101.3959,1.6031,101.5487,101.5487,101.4369,1.6188
2.1520,100.0000,101.5291,101.5291,101.4193,1.6018,101.5639,101.5639,101.4593,1.6179
2.1530,100.0000,101.5437,101.5437,101.4412,1.6007,101.5774,101.5774,101.4802,1.6169
2.1540,100.0000,101.5566,101.5566,101.4617,1.5996,101.5892,101.5892,101.4996,1.6161
2.1550,100.0000,101.5678,101.5678,101.4807,1.5986,101.5993,101.5993,101.5175,1.6153
2.1560,100.0000,101.5771,101.5771,101.4981,1.5977,101.6076,101.6076,101.5339,1.6146
2.1570,100.0000,101.5847,101.5847,101.5139,1.5968,101.6141,101.6141,101.5486,1.6139
2.1580,100.0000,101.5904,101.5904,101.5281,1.5961,101.6188,101.6188,101.5617,1.6133
2.1590,100.0000,101.5942,101.5942,101.5405,1.5954,101.6217,101.6217,101.5732,1.6128
2.1600,100.0000,101.5962,101.5962,101.5513,1.5948,101.6227,101.6227,101.5829,1.6124
2.1610,100.0000,101.5963,101.5963,101.5603,1.5943,101.6218,101.6218,101.5908,1.6120
2.1620,100.0000,101.5945,101.5945,101.5675,1.5939,101.6191,101.6191,101.5970,1.6117
2.1630,100.0000,101.5908,101.5908,101.5729,1.5935,101.6145,101.6145,101.6014,1.6114
2.1640,100.0000,101.5852,101.5852,101.5765,1.5933,101.6081,101.6081,101.6041,1.6112
2.1650,100.0000,101.5776,101.5776,101.5782,1.5931,101.5998,101.5998,101.6049,1.6111
2.1660,100.0000,101.5682,101.5682,101.5781,1.5931,101.5896,101.5896,101.6039,1.6111
2.1670,100.0000,101.5569,101.5569,101.5761,1.5931,101.5776,101.5776,101.6010,1.6112
2.1680,100.0000,101.5437,101.5437,101.5723,1.5933,101.5638,101.5638,101.5963,1.6113
2.1690,100.0000,101.5286,101.5286,101.5665,1.5935,101.5481,101.5481,101.5898,1.6115
2.1700,100.0000,101.5117,101.5117,101.5589,1.5938,101.5306,101.5306,101.5815,1.6118
2.1710,100.0000,101.4929,101.4929,101.5495,1.5942,101.5114,101.5114,101.5713,1.6121
2.1720,100.0000,101.4723,101.4723,101.5382,1.5947,101.4905,101.4905,101.5593,1.6126
2.1730,100.0000,101.4500,101.4500,101.5250,1.5953,101.4678,101.4678,101.5456,1.6131
2.1740,100.0000,101.4259,101.4259,101.5100,1.5960,101.4435,101.4435,101.5300,1.6136
2.1750,100.0000,101.4002,101.4002,101.4932,1.5968,101.4175,101.4175,101.5127,1.6143
2.1760,100.0000,101.3727,101.3727,101.4746,1.5977,101.3900,101.3900,101.4937,1.6150
2.1770,100.0000,101.3436,101.3436,101.4542,1.5986,101.3609,101.3609,101.4729,1.6158
2.1780,100.0000,101.3130,101.3130,101.4321,1.5997,101.3302,101.3302,101.4505,1.6166
2.1790,100.0000,101.2808,101.2808,101.4083,1.6008,101.2982,101.2982,101.4265,1.6175
2.1800,100.0000,101.2471,101.2471,101.3828,1.6020,101.2647,101.2647,101.4008,1.6185
2.1810,100.0000,101.2120,101.2120,101.3556,1.6033,101.2299,101.2299,101.3736,1.6196
2.1820,100.0000,101.1755,101.1755,101.3269,1.6047,101.1938,101.1938,101.3448,1.6207
2.1830,100.0000,101.1377,101.1377,101.2966,1.6062,101.1564,101.1564,101.3146,1.6219
2.1840,100.0000,101.0986,101.0986,101.2648,1.6077,101.1179,101.1179,101.2830,1.6231
2.1850,100.0000,101.0583,101.0583,101.2316,1.6093,101.0783,101.0783,101.2500,1.6244
2.1860,100.0000,101.0169,101.0169,101.1969,1.6110,101.0376,101.0376,101.2156,1.6258
2.1870,100.0000,100.9744,100.9744,101.1609,1.6128,100.9960,100.9960,101.1800,1.6272
2.1880,100.0000,100.9308,100.9308,101.1236,1.6146,100.9534,100.9534,101.1432,1.6286
2.1890,100.0000,100.8864,100.8864,101.0851,1.6165,100.9100,100.9100,101.1053,1.6301
2.1900,100.0000,100.8411,100.8411,101.0453,1.6184,100.8659,100.8659,101.0662,1.6316
2.1910,100.0000,100.7950,100.7950,101.0045,1.6204,100.8211,100.8211,101.0262,1.6332
2.1920,100.0000,100.7482,100.7482,100.9626,1.6225,100.7756,100.7756,100.9851,1.6349
2.1930,100.0000,100.7007,100.7007,100.9197,1.6246,100.7296,90.1176,100.9432,1.6365
2.1940,100.0000,100.6527,89.9471,100.8759,1.6268,100.6836,90.1764,98.7781,1.7246
2.1950,100.0000,100.6047,89.9627,98.6901,1.7360,100.6379,90.3079,97.0578,1.7946
2.1960,100.0000,100.5572,90.0538,96.9447,1.8234,100.5929,90.5071,95.7078,1.8498
2.1970,100.0000,100.5106,90.2154,95.5665,1.8924,100.5489,90.7690,94.6677,1.8925
2.1980,100.0000,100.4652,90.4424,94.4963,1.9461,100.5060,91.0883,93.8879,1.9245
2.1990,100.0000,100.4213,90.7294,93.6855,1.9866,100.4644,91.4597,93.3280,1.9476
2.2000,100.0000,100.3790,91.0714,93.0943,2.0162,100.4243,91.8773,92.9543,1.9630
2.2010,100.0000,100.3385,91.4628,92.6897,2.0365,100.3857,92.3354,92.7389,1.9720
2.2020,100.0000,100.2998,91.8979,92.4443,2.0488,100.3486,92.8278,92.6582,1.9754
2.2030,100.0000,100.2631,92.3709,92.3350,2.0543,100.3132,93.3478,92.6921,1.9740
2.2040,100.0000,100.2283,92.8756,92.3422,2.0540,100.2794,93.8891,92.8233,1.9686
2.2050,100.0000,100.1955,93.4057,92.4489,2.0487,100.2472,94.4446,93.0364,1.9599
2.2060,100.0000,100.1646,93.9547,92.6403,2.0392,100.2168,95.0074,93.3181,1.9483
2.2070,100.0000,100.1357,94.5156,92.9031,2.0261,100.1879,95.5705,93.6559,1.9345
2.2080,100.0000,100.1088,95.0818,93.2256,2.0100,100.1606,96.1266,94.0388,1.9188
2.2090,100.0000,100.0837,95.6461,93.5969,1.9914,100.1349,96.6687,94.4564,1.9017
2.2100,100.0000,100.0604,96.2015,94.0067,1.9710,100.1107,97.1897,94.8988,1.8836
2.2110,100.0000,100.0389,96.7410,94.4457,1.9491,100.0881,97.6829,95.3570,1.8649
2.2120,100.0000,100.0192,97.2577,94.9047,1.9261,100.0669,98.1416,95.8222,1.8460
2.2130,100.0000,100.0010,97.7449,95.3753,1.9026,100.0471,98.5598,96.2861,1.8271
2.2140,100.0000,99.9845,98.1960,95.8492,1.8789,100.0288,98.9315,96.7408,1.8086
2.2150,100.0000,99.9695,98.6050,96.3186,1.8555,100.0118,99.2517,97.1789,1.7907
2.2160,100.0000,99.9559,98.9663,96.7759,1.8326,99.9961,99.5158,97.5935,1.7738
2.2170,100.0000,99.9438,99.2747,97.2140,1.8108,99.9817,99.7197,97.9780,1.7582
2.2180,100.0000,99.9331,99.5257,97.6261,1.7902,99.9687,99.8606,98.3263,1.7440
2.2190,100.0000,99.9237,99.7156,98.0060,1.7712,99.9569,99.9360,98.6332,1.7315
2.2200,100.0000,99.9155,99.8414,98.3479,1.7541,99.9464,99.9464,98.8937,1.7209
2.2210,100.0000,99.9087,99.9011,98.6466,1.7392,99.9372,99.9372,99.1043,1.7124
2.2220,100.0000,99.9031,99.9031,98.8975,1.7266,99.9293,99.9293,99.2709,1.7056
2.2230,100.0000,99.8988,99.8988,99.0986,1.7166,99.9227,99.9227,99.4025,1.7002
2.2240,100.0000,99.8957,99.8957,99.2587,1.7086,99.9175,99.9175,99.5066,1.6960
2.2250,100.0000,99.8940,99.8940,99.3861,1.7022,99.9136,99.9136,99.5888,1.6927
2.2260,100.0000,99.8935,99.8935,99.4877,1.6971,99.9111,99.9111,99.6537,1.6900
2.2270,100.0000,99.8944,99.8944,99.5688,1.6931,99.9100,99.9100,99.7052,1.6879
2.2280,100.0000,99.8965,99.8965,99.6339,1.6898,99.9103,99.9103,99.7462,1.6863
2.2290,100.0000,99.9001,99.9001,99.6865,1.6872,99.9121,99.9121,99.7790,1.6849
2.2300,100.0000,99.9050,99.9050,99.7292,1.6851,99.9153,99.9153,99.8056,1.6838
2.2310,100.0000,99.9113,99.9113,99.7643,1.6833,99.9200,99.9200,99.8275,1.6829
2.2320,100.0000,99.9189,99.9189,99.7937,1.6818,99.9261,99.9261,99.8460,1.6822
2.2330,100.0000,99.9280,99.9280,99.8188,1.6806,99.9337,99.9337,99.8620,1.6815
2.2340,100.0000,99.9385,99.9385,99.8406,1.6795,99.9429,99.9429,99.8764,1.6810
2.2350,100.0000,99.9504,99.9504,99.8602,1.6785,99.9535,99.9535,99.8897,1.6804
2.2360,100.0000,99.9638,99.9638,99.8782,1.6776,99.9655,99.9655,99.9024,1.6799
2.2370,100.0000,99.9785,99.9785,99.8953,1.6768,99.9791,99.9791,99.9151,1.6794
2.2380,100.0000,99.9946,99.9946,99.9120,1.6759,99.9941,99.9941,99.9279,1.6789
2.2390,100.0000,100.0122,100.0122,99.9285,1.6751,100.0106,100.0106,99.9411,1.6783
2.2400,100.0000,100.0311,100.0311,99.9452,1.6743,100.0284,100.0284,99.9550,1.6778
2.2410,100.0000,100.0514,100.0514,99.9624,1.6734,100.0477,100.0477,99.9697,1.6772
2.2420,100.0000,100.0730,100.0730,99.9802,1.6725,100.0683,100.0683,99.9853,1.6765
2.2430,100.0000,100.0959,100.0959,99.9988,1.6716,100.0903,100.0903,100.0019,1.6759
2.2440,100.0000,100.1201,100.1201,100.0182,1.6706,100.1136,100.1136,100.0196,1.6751
2.2450,100.0000,100.1456,100.1456,100.0386,1.6696,100.1382,100.1382,100.0384,1.6744
2.2460,100.0000,100.1723,100.1723,100.0600,1.6685,100.1640,100.1640,100.0584,1.6736
2.2470,100.0000,100.2001,100.2001,100.0824,1.6674,100.1910,100.1910,100.0795,1.6727
2.2480,100.0000,100.2291,100.2291,100.1060,1.6662,100.2191,100.2191,100.1018,1.6718
2.2490,100.0000,100.2591,100.2591,100.1306,1.6650,100.2483,100.2483,100.1252,1.6708
2.2500,100.0000,100.2901,100.2901,100.1563,1.6637,100.2785,100.2785,100.1499,1.6698
2.2510,100.0000,100.3222,100.3222,100.1831,1.6624,100.3097,100.3097,100.1756,1.6688
2.2520,100.0000,100.3551,100.3551,100.2109,1.6610,100.3418,100.3418,100.2024,1.6677
2.2530,100.0000,100.3889,100.3889,100.2397,1.6595,100.3748,100.3748,100.2303,1.6665
2.2540,100.0000,100.4235,100.4235,100.2696,1.6580,100.4086,100.4086,100.2592,1.6654
2.2550,100.0000,100.4588,100.4588,100.3004,1.6565,100.4430,100.4430,100.2891,1.6642
2.2560,100.0000,100.4948,100.4948,100.3320,1.6549,100.4782,100.4782,100.3199,1.6629
2.2570,100.0000,100.5313,100.5313,100.3646,1.6533,100.5139,100.5139,100.3515,1.6616
2.2580,100.0000,100.5684,100.5684,100.3979,1.6516,100.5501,100.5501,100.3840,1.6603
2.2590,100.0000,100.6059,100.6059,100.4320,1.6499,100.5867,100.5867,100.4172,1.6589
2.2600,100.0000,100.6437,100.6437,100.4668,1.6482,100.6237,100.6237,100.4511,1.6575
2.2610,100.0000,100.6819,100.6819,100.5022,1.6464,100.6610,100.6610,100.4856,1.6561
2.2620,100.0000,100.7203,100.7203,100.5381,1.6446,100.6985,100.6985,100.5207,1.6547
2.2630,100.0000,100.7588,100.7588,100.5745,1.6428,100.7361,100.7361,100.5563,1.6533
2.2640,100.0000,100.7973,100.7973,100.6114,1.6409,100.7737,100.7737,100.5922,1.6518
2.2650,100.0000,100.8358,100.8358,100.6486,1.6391,100.8113,100.8113,100.6285,1.6503
2.2660,100.0000,100.8743,100.8743,100.6860,1.6372,100.8488,100.8488,100.6651,1.6488
2.2670,100.0000,100.9125,100.9125,100.7237,1.6353,100.8861,100.8861,100.7018,1.6473
2.2680,100.0000,100.9504,100.9504,100.7614,1.6334,100.9231,100.9231,100.7387,1.6458
2.2690,100.0000,100.9880,100.9880,100.7992,1.6315,100.9598,100.9598,100.7756,1.6443
2.2700,100.0000,101.0252,101.0252,100.8370,1.6296,100.9960,100.9960,100.8124,1.6428
2.2710,100.0000,101.0619,101.0619,100.8746,1.6277,101.0317,101.0317,100.8491,1.6413
2.2720,100.0000,101.0979,101.0979,100.9121,1.6259,101.0668,101.0668,100.8856,1.6398
2.2730,100.0000,101.1333,101.1333,100.9493,1.6240,101.1012,101.1012,100.9219,1.6383
2.2740,100.0000,101.1680,101.1680,100.9861,1.6221,101.1349,101.1349,100.9577,1.6369
2.2750,100.0000,101.2018,101.2018,101.0224,1.6203,101.1677,101.1677,100.9932,1.6354
2.2760,100.0000,101.2347,101.2347,101.0583,1.6185,101.1997,101.1997,101.0281,1.6339
2.2770,100.0000,101.2666,101.2666,101.0936,1.6167,101.2307,101.2307,101.0624,1.6325
2.2780,100.0000,101.2975,101.2975,101.1282,1.6149,101.2606,101.2606,101.0961,1.6311
2.2790,100.0000,101.3273,101.3273,101.1621,1.6132,101.2895,101.2895,101.1290,1.6297
2.2800,100.0000,101.3559,101.3559,101.1951,1.6115,101.3171,101.3171,101.1611,1.6283
2.2810,100.0000,101.3833,101.3833,101.2273,1.6099,101.3436,101.3436,101.1923,1.6270
2.2820,100.0000,101.4093,101.4093,101.2585,1.6083,101.3687,101.3687,101.2225,1.6257
2.2830,100.0000,101.4340,101.4340,101.2886,1.6067,101.3925,101.3925,101.2518,1.6245
2.2840,100.0000,101.4572,101.4572,101.3177,1.6052,101.4149,101.4149,101.2799,1.6233
2.2850,100.0000,101.4790,101.4790,101.3456,1.6037,101.4358,101.4358,101.3069,1.6222
2.2860,100.0000,101.4992,101.4992,101.3723,1.6024,101.4552,101.4552,101.3327,1.6210
2.2870,100.0000,101.5179,101.5179,101.3977,1.6010,101.4730,101.4730,101.3572,1.6200
2.2880,100.0000,101.5349,101.5349,101.4217,1.5998,101.4893,101.4893,101.3804,1.6190
2.2890,100.0000,101.5502,101.5502,101.4444,1.5986,101.5039,101.5039,101.4021,1.6181
2.2900,100.0000,101.5639,101.5639,101.4655,1.5975,101.5168,101.5168,101.4225,1.6172
2.2910,100.0000,101.5757,101.5757,101.4852,1.5964,101.5280,101.5280,101.4414,1.6164
2.2920,100.0000,101.5858,101.5858,101.5033,1.5955,101.5375,101.5375,101.4587,1.6156
2.2930,100.0000,101.5941,101.5941,101.5198,1.5946,101.5452,101.5452,101.4744,1.6149
2.2940,100.0000,101.6006,101.6006,101.5347,1.5938,101.5511,101.5511,101.4886,1.6143
2.2950,100.0000,101.6052,101.6052,101.5479,1.5931,101.5551,101.5551,101.5011,1.6137
2.2960,100.0000,101.6079,101.6079,101.5593,1.5924,101.5574,101.5574,101.5119,1.6132
2.2970,100.0000,101.6087,101.6087,101.5690,1.5919,101.5578,101.5578,101.5210,1.6128
2.2980,100.0000,101.6077,101.6077,101.5770,1.5914,101.5564,101.5564,101.5284,1.6124
2.2990,100.0000,101.6047,101.6047,101.5831,1.5911,101.5531,101.5531,101.5340,1.6121
2.3000,100.0000,101.5998,101.5998,101.5874,1.5908,101.5479,101.5479,101.5378,1.6119
2.3010,100.0000,101.5929,101.5929,101.5899,1.5906,101.5409,101.5409,101.5398,1.6118
2.3020,100.0000,101.5842,101.5842,101.5905,1.5905,101.5320,101.5320,101.5400,1.6117
2.3030,100.0000,101.5736,101.5736,101.5892,1.5905,101.5213,101.5213,101.5384,1.6117
2.3040,100.0000,101.5611,101.5611,101.5861,1.5906,101.5087,101.5087,101.5350,1.6118
2.3050,100.0000,101.5466,101.5466,101.5811,1.5908,101.4943,101.4943,101.5297,1.6119
2.3060,100.0000,101.5304,101.5304,101.5742,1.5911,101.4782,101.4782,101.5227,1.6122
2.3070,100.0000,101.5122,101.5122,101.5654,1.5915,101.4602,101.4602,101.5138,1.6125
2.3080,100.0000,101.4923,101.4923,101.5548,1.5919,101.4405,101.4405,101.5031,1.6128
2.3090,100.0000,101.4706,101.4706,101.5423,1.5925,101.4191,101.4191,101.4905,1.6133
2.3100,100.0000,101.4471,101.4471,101.5280,1.5932,101.3960,101.3960,101.4763,1.6138
2.3110,100.0000,101.4218,101.4218,101.5118,1.5939,101.3712,101.3712,101.4602,1.6144
2.3120,100.0000,101.3949,101.3949,101.4938,1.5948,101.3449,101.3449,101.4424,1.6151
2.3130,100.0000,101.3663,101.3663,101.4740,1.5957,101.3169,101.3169,101.4229,1.6158
2.3140,100.0000,101.3362,101.3362,101.4525,1.5967,101.2874,101.2874,101.4017,1.6166
2.3150,100.0000,101.3044,101.3044,101.4292,1.5978,101.2565,101.2565,101.3788,1.6175
2.3160,100.0000,101.2711,101.2711,101.4043,1.5990,101.2241,101.2241,101.3544,1.6184
2.3170,100.0000,101.2364,101.2364,101.3776,1.6003,101.1903,101.1903,101.3283,1.6194
2.3180,100.0000,101.2003,101.2003,101.3494,1.6017,101.1552,101.1552,101.3007,1.6205
2.3190,100.0000,101.1628,101.1628,101.3196,1.6031,101.1188,101.1188,101.2716,1.6216
2.3200,100.0000,101.1240,101.1240,101.2882,1.6046,101.0813,101.0813,101.2411,1.6228
2.3210,100.0000,101.0839,101.0839,101.2553,1.6062,101.0425,101.0425,101.2091,1.6241
2.3220,100.0000,101.0427,101.0427,101.2211,1.6079,101.0027,101.0027,101.1758,1.6254
2.3230,100.0000,101.0004,101.0004,101.1854,1.6096,100.9619,100.9619,101.1412,1.6268
2.3240,100.0000,100.9570,100.9570,101.1484,1.6114,100.9202,100.9202,101.1053,1.6282
2.3250,100.0000,100.9127,100.9127,101.1101,1.6133,100.8775,100.8775,101.0683,1.6296
2.3260,100.0000,100.8674,100.8674,101.0706,1.6152,100.8340,100.8340,101.0301,1.6312
2.3270,100.0000,100.8214,100.8214,101.0300,1.6172,100.7899,100.7899,100.9909,1.6327
2.3280,100.0000,100.7745,100.7745,100.9883,1.6193,100.7450,100.7450,100.9507,1.6343
2.3290,100.0000,100.7270,100.7270,100.9455,1.6214,100.6996,90.0669,100.9096,1.6359
2.3300,100.0000,100.6788,100.6788,100.9018,1.6235,100.6540,90.0829,98.7410,1.7242
2.3310,100.0000,100.6302,89.9286,100.8572,1.6257,100.6088,90.1728,97.0094,1.7948
2.3320,100.0000,100.5816,89.9742,98.6715,1.7350,100.5643,90.3322,95.6421,1.8507
2.3330,100.0000,100.5335,90.0944,96.9320,1.8220,100.5206,90.5566,94.5801,1.8944
2.3340,100.0000,100.4864,90.2837,95.5645,1.8905,100.4781,90.8410,93.7754,1.9275
2.3350,100.0000,100.4405,90.5367,94.5083,1.9435,100.4369,91.1805,93.1885,1.9517
2.3360,100.0000,100.3961,90.8480,93.7140,1.9832,100.3971,91.5697,92.7869,1.9684
2.3370,100.0000,100.3533,91.2120,93.1408,2.0119,100.3587,92.0029,92.5435,1.9785
2.3380,100.0000,100.3123,91.6230,92.7550,2.0312,100.3220,92.4742,92.4354,1.9830
2.3390,100.0000,100.2732,92.0753,92.5286,2.0426,100.2868,92.9776,92.4431,1.9827
2.3400,100.0000,100.2360,92.5627,92.4380,2.0472,100.2533,93.5063,92.5500,1.9783
2.3410,100.0000,100.2008,93.0789,92.4629,2.0460,100.2214,94.0538,92.7413,1.9705
2.3420,100.0000,100.1676,93.6177,92.5861,2.0398,100.1912,94.6133,93.0038,1.9597
2.3430,100.0000,100.1363,94.1722,92.7924,2.0296,100.1626,95.1775,93.3257,1.9465
2.3440,100.0000,100.1069,94.7356,93.0684,2.0158,100.1356,95.7395,93.6960,1.9312
2.3450,100.0000,100.0795,95.3010,93.4018,1.9992,100.1102,96.2920,94.1047,1.9145
2.3460,100.0000,100.0540,95.8615,93.7817,1.9802,100.0863,96.8280,94.5422,1.8965
2.3470,100.0000,100.0302,96.4099,94.1976,1.9594,100.0640,97.3404,94.9993,1.8778
2.3480,100.0000,100.0083,96.9394,94.6401,1.9373,100.0431,97.8226,95.4676,1.8587
2.3490,100.0000,99.9880,97.4432,95.0999,1.9144,100.0236,98.2681,95.9386,1.8395
2.3500,100.0000,99.9693,97.9146,95.5686,1.8910,100.0056,98.6707,96.4045,1.8205
2.3510,100.0000,99.9523,98.3473,96.0378,1.8675,99.9889,99.0250,96.8577,1.8021
2.3520,100.0000,99.9367,98.7356,96.4997,1.8444,99.9736,99.3258,97.2912,1.7844
2.3530,100.0000,99.9226,99.0739,96.9469,1.8221,99.9596,99.5689,97.6981,1.7678
2.3540,100.0000,99.9099,99.3574,97.3723,1.8008,99.9468,99.7506,98.0723,1.7526
2.3550,100.0000,99.8986,99.5820,97.7693,1.7810,99.9354,99.8682,98.4079,1.7389
2.3560,100.0000,99.8886,99.7443,98.1318,1.7629,99.9252,99.9196,98.7000,1.7270
2.3570,100.0000,99.8799,99.8417,98.4543,1.7468,99.9162,99.9162,98.9439,1.7171
2.3580,100.0000,99.8726,99.8724,98.7318,1.7329,99.9086,99.9086,99.1384,1.7092
2.3590,100.0000,99.8664,99.8664,98.9599,1.7215,99.9022,99.9022,99.2924,1.7029
2.3600,100.0000,99.8616,99.8616,99.1412,1.7124,99.8972,99.8972,99.4144,1.6979
2.3610,100.0000,99.8580,99.8580,99.2853,1.7052,99.8934,99.8934,99.5109,1.6940
2.3620,100.0000,99.8558,99.8558,99.3998,1.6995,99.8911,99.8911,99.5874,1.6909
2.3630,100.0000,99.8549,99.8549,99.4910,1.6949,99.8901,99.8901,99.6482,1.6884
2.3640,100.0000,99.8553,99.8553,99.5638,1.6913,99.8905,99.8905,99.6965,1.6864
2.3650,100.0000,99.8570,99.8570,99.6221,1.6884,99.8923,99.8923,99.7353,1.6848
2.3660,100.0000,99.8601,99.8601,99.6691,1.6861,99.8955,99.8955,99.7667,1.6836
2.3670,100.0000,99.8647,99.8647,99.7073,1.6841,99.9002,99.9002,99.7925,1.6825
2.3680,100.0000,99.8706,99.8706,99.7388,1.6826,99.9063,99.9063,99.8140,1.6816
2.3690,100.0000,99.8779,99.8779,99.7651,1.6813,99.9139,99.9139,99.8325,1.6809
2.3700,100.0000,99.8867,99.8867,99.7877,1.6801,99.9230,99.9230,99.8488,1.6802
2.3710,100.0000,99.8968,99.8968,99.8075,1.6791,99.9335,99.9335,99.8636,1.6796
2.3720,100.0000,99.9084,99.9084,99.8253,1.6782,99.9455,99.9455,99.8776,1.6791
2.3730,100.0000,99.9215,99.9215,99.8420,1.6774,99.9589,99.9589,99.8912,1.6785
2.3740,100.0000,99.9360,99.9360,99.8579,1.6766,99.9738,99.9738,99.9047,1.6780
2.3750,100.0000,99.9518,99.9518,99.8735,1.6758,99.9902,99.9902,99.9185,1.6774
2.3760,100.0000,99.9691,99.9691,99.8892,1.6751,100.0079,100.0079,99.9329,1.6768
2.3770,100.0000,99.9878,99.9878,99.9052,1.6743,100.0271,100.0271,99.9479,1.6762
2.3780,100.0000,100.0078,100.0078,99.9217,1.6734,100.0476,100.0476,99.9637,1.6755
2.3790,100.0000,100.0292,100.0292,99.9389,1.6726,100.0694,100.0694,99.9805,1.6749
2.3800,100.0000,100.0519,100.0519,99.9570,1.6717,100.0926,100.0926,99.9983,1.6741
2.3810,100.0000,100.0759,100.0759,99.9760,1.6707,100.1171,100.1171,100.0171,1.6734
2.3820,100.0000,100.1011,100.1011,99.9959,1.6697,100.1427,100.1427,100.0371,1.6726
2.3830,100.0000,100.1276,100.1276,100.0170,1.6687,100.1696,100.1696,100.0583,1.6717
2.3840,100.0000,100.1552,100.1552,100.0391,1.6676,100.1976,100.1976,100.0805,1.6708
2.3850,100.0000,100.1839,100.1839,100.0623,1.6664,100.2268,100.2268,100.1039,1.6698
2.3860,100.0000,100.2137,100.2137,100.0866,1.6652,100.2569,100.2569,100.1285,1.6688
2.3870,100.0000,100.2445,100.2445,100.1120,1.6639,100.2881,100.2881,100.1542,1.6678
2.3880,100.0000,100.2763,100.2763,100.1385,1.6626,100.3201,100.3201,100.1810,1.6667
2.3890,100.0000,100.3090,100.3090,100.1661,1.6612,100.3531,100.3531,100.2088,1.6656
2.3900,100.0000,100.3426,100.3426,100.1947,1.6598,100.3869,100.3869,100.2377,1.6644
2.3910,100.0000,100.3769,100.3769,100.2243,1.6583,100.4214,100.4214,100.2675,1.6632
2.3920,100.0000,100.4120,100.4120,100.2548,1.6568,100.4565,100.4565,100.2983,1.6619
2.3930,100.0000,100.4477,100.4477,100.2862,1.6552,100.4923,100.4923,100.3299,1.6606
2.3940,100.0000,100.4840,100.4840,100.3185,1.6536,100.5286,100.5286,100.3624,1.6593
2.3950,100.0000,100.5207,100.5207,100.3516,1.6519,100.5654,100.5654,100.3956,1.6579
2.3960,100.0000,100.5580,100.5580,100.3854,1.6502,100.6025,100.6025,100.4296,1.6565
2.3970,100.0000,100.5956,100.5956,100.4199,1.6485,100.6400,100.6400,100.4642,1.6551
2.3980,100.0000,100.6334,100.6334,100.4551,1.6467,100.6777,100.6777,100.4993,1.6537
2.3990,100.0000,100.6715,100.6715,100.4907,1.6450,100.7155,100.7155,100.5350,1.6522
2.4000,100.0000,100.7096,100.7096,100.5269,1.6432,100.7534,100.7534,100.5711,1.6508
2.4010,100.0000,100.7479,100.7479,100.5634,1.6413,100.7913,100.7913,100.6076,1.6493
2.4020,100.0000,100.7861,100.7861,100.6003,1.6395,100.8291,100.8291,100.6443,1.6478
2.4030,100.0000,100.8241,100.8241,100.6375,1.6376,100.8667,100.8667,100.6813,1.6463
2.4040,100.0000,100.8620,100.8620,100.6748,1.6357,100.9041,100.9041,100.7184,1.6447
2.4050,100.0000,100.8996,100.8996,100.7122,1.6339,100.9411,100.9411,100.7555,1.6432
2.4060,100.0000,100.9368,100.9368,100.7497,1.6320,100.9778,100.9778,100.7926,1.6417
2.4070,100.0000,100.9736,100.9736,100.7871,1.6301,101.0139,101.0139,100.8297,1.6402
2.4080,100.0000,101.0099,101.0099,100.8244,1.6282,101.0495,101.0495,100.8665,1.6387
2.4090,100.0000,101.0455,101.0455,100.8615,1.6264,101.0845,101.0845,100.9031,1.6372
2.4100,100.0000,101.0805,101.0805,100.8983,1.6245,101.1187,101.1187,100.9394,1.6357
2.4110,100.0000,101.1147,101.1147,100.9348,1.6227,101.1521,101.1521,100.9753,1.6342
2.4120,100.0000,101.1481,101.1481,100.9707,1.6209,101.1847,101.1847,101.0106,1.6328
2.4130,100.0000,101.1806,101.1806,101.0062,1.6191,101.2163,101.2163,101.0454,1.6313
2.4140,100.0000,101.2121,101.2121,101.0411,1.6173,101.2469,101.2469,101.0796,1.6299
2.4150,100.0000,101.2425,101.2425,101.0753,1.6156,101.2764,101.2764,101.1131,1.6285
2.4160,100.0000,101.2719,101.2719,101.1087,1.6139,101.3047,101.3047,101.1457,1.6271
2.4170,100.0000,101.3000,101.3000,101.1414,1.6122,101.3319,101.3319,101.1775,1.6257
2.4180,100.0000,101.3269,101.3269,101.1731,1.6105,101.3578,101.3578,101.2084,1.6244
2.4190,100.0000,101.3525,101.3525,101.2039,1.6090,101.3823,101.3823,101.2383,1.6232
2.4200,100.0000,101.3766,101.3766,101.2336,1.6074,101.4055,101.4055,101.2671,1.6219
2.4210,100.0000,101.3994,101.3994,101.2622,1.6060,101.4272,101.4272,101.2948,1.6208
2.4220,100.0000,101.4207,101.4207,101.2896,1.6045,101.4474,101.4474,101.3212,1.6196
2.4230,100.0000,101.4404,101.4404,101.3158,1.6032,101.4661,101.4661,101.3465,1.6186
2.4240,100.0000,101.4586,101.4586,101.3408,1.6019,101.4831,101.4831,101.3704,1.6175
2.4250,100.0000,101.4751,101.4751,101.3643,1.6006,101.4986,101.4986,101.3929,1.6166
2.4260,100.0000,101.4899,101.4899,101.3865,1.5995,101.5124,101.5124,101.4141,1.6156
2.4270,100.0000,101.5031,101.5031,101.4072,1.5984,101.5244,101.5244,101.4337,1.6148
2.4280,100.0000,101.5145,101.5145,101.4264,1.5974,101.5348,101.5348,101.4519,1.6140
2.4290,100.0000,101.5241,101.5241,101.4440,1.5965,101.5434,101.5434,101.4685,1.6133
2.4300,100.0000,101.5319,101.5319,101.4600,1.5956,101.5501,101.5501,101.4834,1.6126
2.4310,100.0000,101.5379,101.5379,101.4744,1.5948,101.5551,101.5551,101.4968,1.6120
2.4320,100.0000,101.5420,101.5420,101.4871,1.5941,101.5583,101.5583,101.5084,1.6115
2.4330,100.0000,101.5443,101.5443,101.4981,1.5935,101.5595,101.5595,101.5184,1.6110
2.4340,100.0000,101.5446,101.5446,101.5073,1.5930,101.5590,101.5590,101.5266,1.6106
2.4350,100.0000,101.5431,101.5431,101.5148,1.5926,101.5566,101.5566,101.5331,1.6103
2.4360,100.0000,101.5397,101.5397,101.5204,1.5922,101.5523,101.5523,101.5378,1.6100
2.4370,100.0000,101.5343,101.5343,101.5243,1.5920,101.5461,101.5461,101.5407,1.6098
2.4380,100.0000,101.5271,101.5271,101.5263,1.5918,101.5381,101.5381,101.5418,1.6097
2.4390,100.0000,101.5179,101.5179,101.5265,1.5918,101.5282,101.5282,101.5410,1.6097
2.4400,100.0000,101.5069,101.5069,101.5247,1.5918,101.5165,101.5165,101.5385,1.6097
2.4410,100.0000,101.4940,101.4940,101.5212,1.5919,101.5029,101.5029,101.5341,1.6099
2.4420,100.0000,101.4792,101.4792,101.5157,1.5921,101.4876,101.4876,101.5279,1.6101
2.4430,100.0000,101.4626,101.4626,101.5084,1.5924,101.4704,101.4704,101.5198,1.6103
2.4440,100.0000,101.4441,101.4441,101.4993,1.5928,101.4515,101.4515,101.5099,1.6107
2.4450,100.0000,101.4238,101.4238,101.4882,1.5933,101.4308,101.4308,101.4982,1.6111
2.4460,100.0000,101.4017,101.4017,101.4753,1.5939,101.4084,101.4084,101.4848,1.6116
2.4470,100.0000,101.3779,101.3779,101.4606,1.5946,101.3844,101.3844,101.4695,1.6121
2.4480,100.0000,101.3524,101.3524,101.4441,1.5954,101.3587,101.3587,101.4525,1.6128
2.4490,100.0000,101.3252,101.3252,101.4258,1.5962,101.3314,101.3314,101.4337,1.6135
2.4500,100.0000,101.2964,101.2964,101.4056,1.5972,101.3025,101.3025,101.4132,1.6143
2.4510,100.0000,101.2660,101.2660,101.3838,1.5982,101.2721,101.2721,101.3911,1.6151
2.4520,100.0000,101.2340,101.2340,101.3602,1.5993,101.2403,101.2403,101.3673,1.6160
2.4530,100.0000,101.2006,101.2006,101.3350,1.6005,101.2070,101.2070,101.3419,1.6170
2.4540,100.0000,101.1657,101.1657,101.3081,1.6018,101.1724,101.1724,101.3149,1.6181
2.4550,100.0000,101.1294,101.1294,101.2796,1.6032,101.1365,101.1365,101.2864,1.6192
2.4560,100.0000,101.0918,101.0918,101.2496,1.6047,101.0994,101.0994,101.2564,1.6203
2.4570,100.0000,101.0528,101.0528,101.2180,1.6062,101.0610,101.0610,101.2250,1.6216
2.4580,100.0000,101.0127,101.0127,101.1850,1.6078,101.0216,101.0216,101.1922,1.6229
2.4590,100.0000,100.9715,100.9715,101.1505,1.6095,100.9810,100.9810,101.1581,1.6242
2.4600,100.0000,100.9291,100.9291,101.1147,1.6112,100.9395,100.9395,101.1227,1.6256
2.4610,100.0000,100.8857,100.8857,101.0776,1.6130,100.8971,100.8971,101.0861,1.6270
2.4620,100.0000,100.8414,100.8414,101.0392,1.6149,100.8539,100.8539,101.0483,1.6285
2.4630,100.0000,100.7962,100.7962,100.9996,1.6169,100.8098,100.8098,101.0094,1.6301
2.4640,100.0000,100.7502,100.7502,100.9590,1.6188,100.7650,100.7650,100.9695,1.6317
2.4650,100.0000,100.7034,100.7034,100.9172,1.6209,100.7197,100.7197,100.9286,1.6333
2.4660,100.0000,100.6560,100.6560,100.8744,1.6230,100.6737,90.0470,100.8868,1.6350
2.4670,100.0000,100.6080,100.6080,100.8307,1.6252,100.6277,90.0912,98.7188,1.7233
2.4680,100.0000,100.5595,89.8830,100.7862,1.6274,100.5821,90.2085,96.9933,1.7937
2.4690,100.0000,100.5111,89.9486,98.6055,1.7364,100.5371,90.3941,95.6363,1.8493
2.4700,100.0000,100.4632,90.0880,96.8742,1.8230,100.4931,90.6432,94.5879,1.8925
2.4710,100.0000,100.4163,90.2956,95.5169,1.8910,100.4502,90.9506,93.7989,1.9250
2.4720,100.0000,100.3707,90.5657,94.4727,1.9434,100.4086,91.3110,93.2293,1.9485
2.4730,100.0000,100.3265,90.8926,93.6913,1.9825,100.3684,91.7189,92.8456,1.9644
2.4740,100.0000,100.2841,91.2709,93.1315,2.0105,100.3298,92.1685,92.6203,1.9737
2.4750,100.0000,100.2434,91.6945,92.7594,2.0291,100.2927,92.6536,92.5299,1.9775
2.4760,100.0000,100.2045,92.1576,92.5464,2.0398,100.2572,93.1679,92.5546,1.9766
2.4770,100.0000,100.1676,92.6540,92.4687,2.0438,100.2234,93.7049,92.6773,1.9715
2.4780,100.0000,100.1327,93.1774,92.5057,2.0419,100.1913,94.2577,92.8828,1.9631
2.4790,100.0000,100.0998,93.7212,92.6401,2.0353,100.1608,94.8194,93.1578,1.9518
2.4800,100.0000,100.0688,94.2788,92.8563,2.0245,100.1319,95.3830,93.4901,1.9381
2.4810,100.0000,100.0398,94.8431,93.1408,2.0103,100.1046,95.9413,93.8687,1.9225
2.4820,100.0000,100.0126,95.4074,93.4813,1.9933,100.0789,96.4872,94.2832,1.9055
2.4830,100.0000,99.9873,95.9646,93.8665,1.9741,100.0547,97.0136,94.7240,1.8874
2.4840,100.0000,99.9639,96.5078,94.2861,1.9531,100.0321,97.5137,95.1819,1.8687
2.4850,100.0000,99.9421,97.0300,94.7305,1.9309,100.0109,97.9809,95.6483,1.8497
2.4860,100.0000,99.9221,97.5245,95.1904,1.9080,99.9911,98.4089,96.1148,1.8307
2.4870,100.0000,99.9037,97.9847,95.6572,1.8846,99.9727,98.7918,96.5736,1.8119
2.4880,100.0000,99.8869,98.4046,96.1227,1.8614,99.9557,99.1243,97.0173,1.7938
2.4890,100.0000,99.8715,98.7784,96.5791,1.8386,99.9401,99.4017,97.4387,1.7766
2.4900,100.0000,99.8577,99.1009,97.0189,1.8166,99.9257,99.6198,97.8313,1.7606
2.4910,100.0000,99.8452,99.3674,97.4353,1.7958,99.9127,99.7755,98.1890,1.7460
2.4920,100.0000,99.8341,99.5739,97.8217,1.7765,99.9009,99.8662,98.5063,1.7331
2.4930,100.0000,99.8244,99.7175,98.1722,1.7590,99.8904,99.8904,98.7783,1.7220
2.4940,100.0000,99.8159,99.7956,98.4812,1.7435,99.8812,99.8812,99.0007,1.7129
2.4950,100.0000,99.8087,99.8087,98.7441,1.7304,99.8732,99.8732,99.1768,1.7058
2.4960,100.0000,99.8028,99.8028,98.9570,1.7197,99.8666,99.8666,99.3161,1.7001
2.4970,100.0000,99.7983,99.7983,99.1262,1.7113,99.8613,99.8613,99.4262,1.6956
2.4980,100.0000,99.7950,99.7950,99.2606,1.7046,99.8573,99.8573,99.5132,1.6920
2.4990,100.0000,99.7930,99.7930,99.3675,1.6992,99.8548,99.8548,99.5820,1.6892
2.5000,100.0000,99.7924,99.7924,99.4526,1.6950,99.8536,99.8536,99.6366,1.6870
2.5010,100.0000,99.7931,99.7931,99.5205,1.6916,99.8538,99.8538,99.6800,1.6852
2.5020,100.0000,99.7952,99.7952,99.5751,1.6889,99.8554,99.8554,99.7147,1.6838
2.5030,100.0000,99.7986,99.7986,99.6191,1.6867,99.8585,99.8585,99.7429,1.6827
2.5040,100.0000,99.8035,99.8035,99.6550,1.6849,99.8630,99.8630,99.7660,1.6817
2.5050,100.0000,99.8098,99.8098,99.6847,1.6834,99.8690,99.8690,99.7854,1.6809
2.5060,100.0000,99.8175,99.8175,99.7097,1.6821,99.8765,99.8765,99.8021,1.6803
2.5070,100.0000,99.8266,99.8266,99.7313,1.6811,99.8854,99.8854,99.8170,1.6797
2.5080,100.0000,99.8372,99.8372,99.7503,1.6801,99.8959,99.8959,99.8307,1.6791
2.5090,100.0000,99.8492,99.8492,99.7677,1.6792,99.9078,99.9078,99.8437,1.6786
2.5100,100.0000,99.8627,99.8627,99.7840,1.6784,99.9211,99.9211,99.8565,1.6780
2.5110,100.0000,99.8776,99.8776,99.7997,1.6776,99.9359,99.9359,99.8694,1.6775
2.5120,100.0000,99.8939,99.8939,99.8153,1.6769,99.9522,99.9522,99.8827,1.6770
2.5130,100.0000,99.9116,99.9116,99.8310,1.6761,99.9699,99.9699,99.8966,1.6764
2.5140,100.0000,99.9307,99.9307,99.8471,1.6753,99.9889,99.9889,99.9113,1.6758
2.5150,100.0000,99.9512,99.9512,99.8638,1.6744,100.0094,100.0094,99.9268,1.6752
2.5160,100.0000,99.9730,99.9730,99.8813,1.6736,100.0312,100.0312,99.9433,1.6745
2.5170,100.0000,99.9962,99.9962,99.8997,1.6726,100.0543,100.0543,99.9609,1.6738
2.5180,100.0000,100.0206,100.0206,99.9190,1.6717,100.0786,100.0786,99.9796,1.6730
2.5190,100.0000,100.0463,100.0463,99.9393,1.6707,100.1042,100.1042,99.9994,1.6722
2.5200,100.0000,100.0732,100.0732,99.9607,1.6696,100.1310,100.1310,100.0204,1.6714
2.5210,100.0000,100.1012,100.1012,99.9832,1.6685,100.1589,100.1589,100.0425,1.6705
2.5220,100.0000,100.1304,100.1304,100.0068,1.6673,100.1880,100.1880,100.0658,1.6695
2.5230,100.0000,100.1606,100.1606,100.0315,1.6661,100.2180,100.2180,100.0902,1.6685
2.5240,100.0000,100.1919,100.1919,100.0573,1.6648,100.2490,100.2490,100.1158,1.6675
2.5250,100.0000,100.2241,100.2241,100.0842,1.6634,100.2810,100.2810,100.1424,1.6664
2.5260,100.0000,100.2572,100.2572,100.1122,1.6620,100.3138,100.3138,100.1701,1.6652
2.5270,100.0000,100.2911,100.2911,100.1412,1.6606,100.3474,100.3474,100.1989,1.6641
2.5280,100.0000,100.3258,100.3258,100.1712,1.6591,100.3817,100.3817,100.2286,1.6629
2.5290,100.0000,100.3613,100.3613,100.2021,1.6575,100.4167,100.4167,100.2592,1.6616
2.5300,100.0000,100.3973,100.3973,100.2339,1.6559,100.4523,100.4523,100.2907,1.6603
2.5310,100.0000,100.4340,100.4340,100.2666,1.6543,100.4884,100.4884,100.3230,1.6590
2.5320,100.0000,100.4711,100.4711,100.3001,1.6526,100.5250,100.5250,100.3561,1.6577
2.5330,100.0000,100.5086,100.5086,100.3343,1.6509,100.5619,100.5619,100.3899,1.6563
2.5340,100.0000,100.5465,100.5465,100.3692,1.6492,100.5991,100.5991,100.4243,1.6549
2.5350,100.0000,100.5847,100.5847,100.4046,1.6474,100.6365,100.6365,100.4592,1.6534
2.5360,100.0000,100.6230,100.6230,100.4406,1.6456,100.6741,100.6741,100.4947,1.6520
2.5370,100.0000,100.6615,100.6615,100.4771,1.6438,100.7117,100.7117,100.5306,1.6505
2.5380,100.0000,100.6999,100.6999,100.5140,1.6419,100.7493,100.7493,100.5668,1.6490
2.5390,100.0000,100.7383,100.7383,100.5512,1.6400,100.7868,100.7868,100.6033,1.6475
2.5400,100.0000,100.7766,100.7766,100.5886,1.6382,100.8241,100.8241,100.6400,1.6460
2.5410,100.0000,100.8147,100.8147,100.6262,1.6363,100.8611,100.8611,100.6768,1.6445
2.5420,100.0000,100.8525,100.8525,100.6639,1.6344,100.8978,100.8978,100.7136,1.6430
2.5430,100.0000,100.8899,100.8899,100.7016,1.6325,100.9340,100.9340,100.7505,1.6415
2.5440,100.0000,100.9268,100.9268,100.7393,1.6306,100.9698,100.9698,100.7872,1.6400
2.5450,100.0000,100.9632,100.9632,100.7768,1.6287,101.0050,101.0050,100.8237,1.6385
2.5460,100.0000,100.9989,100.9989,100.8141,1.6269,101.0395,101.0395,100.8600,1.6370
2.5470,100.0000,101.0340,101.0340,100.8510,1.6250,101.0733,101.0733,100.8959,1.6356
2.5480,100.0000,101.0683,101.0683,100.8876,1.6232,101.1063,101.1063,100.9314,1.6341
2.5490,100.0000,101.1018,101.1018,100.9238,1.6214,101.1383,101.1383,100.9663,1.6326
2.5500,100.0000,101.1343,101.1343,100.9594,1.6196,101.1695,101.1695,101.0007,1.6312
2.5510,100.0000,101.1658,101.1658,100.9944,1.6178,101.1996,101.1996,101.0345,1.6298
2.5520,100.0000,101.1963,101.1963,101.0287,1.6160,101.2286,101.2286,101.0675,1.6284
2.5530,100.0000,101.2256,101.2256,101.0622,1.6143,101.2565,101.2565,101.0997,1.6270
2.5540,100.0000,101.2537,101.2537,101.0949,1.6126,101.2831,101.2831,101.1311,1.6257
2.5550,100.0000,101.2806,101.2806,101.1266,1.6110,101.3085,101.3085,101.1615,1.6244
2.5560,100.0000,101.3061,101.3061,101.1574,1.6094,101.3325,101.3325,101.1909,1.6232
2.5570,100.0000,101.3302,101.3302,101.1872,1.6079,101.3551,101.3551,101.2192,1.6220
2.5580,100.0000,101.3529,101.3529,101.2158,1.6064,101.3763,101.3763,101.2464,1.6208
2.5590,100.0000,101.3741,101.3741,101.2432,1.6050,101.3960,101.3960,101.2724,1.6197
2.5600,100.0000,101.3938,101.3938,101.2694,1.6036,101.4141,101.4141,101.2971,1.6186
2.5610,100.0000,101.4118,101.4118,101.2943,1.6023,101.4306,101.4306,101.3205,1.6176
2.5620,100.0000,101.4282,101.4282,101.3178,1.6011,101.4455,101.4455,101.3425,1.6167
2.5630,100.0000,101.4429,101.4429,101.3399,1.6000,101.4587,101.4587,101.3631,1.6158
2.5640,100.0000,101.4559,101.4559,101.3605,1.5989,101.4702,101.4702,101.3822,1.6150
2.5650,100.0000,101.4672,101.4672,101.3796,1.5979,101.4800,101.4800,101.3998,1.6142
2.5660,100.0000,101.4766,101.4766,101.3971,1.5969,101.4880,101.4880,101.4159,1.6135
2.5670,100.0000,101.4843,101.4843,101.4130,1.5961,101.4943,101.4943,101.4303,1.6128
2.5680,100.0000,101.4901,101.4901,101.4273,1.5953,101.4987,101.4987,101.4431,1.6122
2.5690,100.0000,101.4941,101.4941,101.4398,1.5946,101.5013,101.5013,101.4542,1.6117
2.5700,100.0000,101.4961,101.4961,101.4507,1.5941,101.5020,101.5020,101.4636,1.6113
2.5710,100.0000,101.4963,101.4963,101.4598,1.5935,101.5009,101.5009,101.4713,1.6109
2.5720,100.0000,101.4946,101.4946,101.4671,1.5931,101.4980,101.4980,101.4772,1.6106
2.5730,100.0000,101.4910,101.4910,101.4726,1.5928,101.4931,101.4931,101.4814,1.6104
2.5740,100.0000,101.4855,101.4855,101.4763,1.5925,101.4865,101.4865,101.4837,1.6102
2.5750,100.0000,101.4781,101.4781,101.4781,1.5924,101.4779,101.4779,101.4843,1.6102
2.5760,100.0000,101.4687,101.4687,101.4781,1.5923,101.4676,101.4676,101.4830,1.6102
2.5770,100.0000,101.4575,101.4575,101.4762,1.5924,101.4553,101.4553,101.4799,1.6102
2.5780,100.0000,101.4444,101.4444,101.4725,1.5925,101.4413,101.4413,101.4750,1.6104
2.5790,100.0000,101.4294,101.4294,101.4669,1.5927,101.4255,101.4255,101.4683,1.6106
2.5800,100.0000,101.4126,101.4126,101.4594,1.5931,101.4079,101.4079,101.4597,1.6109
2.5810,100.0000,101.3940,101.3940,101.4500,1.5935,101.3885,101.3885,101.4493,1.6112
2.5820,100.0000,101.3736,101.3736,101.4388,1.5940,101.3674,101.3674,101.4372,1.6117
2.5830,100.0000,101.3513,101.3513,101.4258,1.5946,101.3446,101.3446,101.4232,1.6122
2.5840,100.0000,101.3274,101.3274,101.4109,1.5953,101.3201,101.3201,101.4075,1.6128
2.5850,100.0000,101.3017,101.3017,101.3942,1.5960,101.2941,101.2941,101.3900,1.6134
2.5860,100.0000,101.2744,101.2744,101.3757,1.5969,101.2664,101.2664,101.3708,1.6142
2.5870,100.0000,101.2455,101.2455,101.3554,1.5979,101.2372,101.2372,101.3499,1.6150
2.5880,100.0000,101.2149,101.2149,101.3334,1.5989,101.2065,101.2065,101.3274,1.6158
2.5890,100.0000,101.1829,101.1829,101.3097,1.6001,101.1744,101.1744,101.3032,1.6168
2.5900,100.0000,101.1493,101.1493,101.2844,1.6013,101.1408,101.1408,101.2774,1.6178
2.5910,100.0000,101.1143,101.1143,101.2573,1.6026,101.1060,101.1060,101.2501,1.6188
2.5920,100.0000,101.0780,101.0780,101.2287,1.6040,101.0698,101.0698,101.2213,1.6200
2.5930,100.0000,101.0403,101.0403,101.1986,1.6054,101.0324,101.0324,101.1910,1.6211
2.5940,100.0000,101.0014,101.0014,101.1669,1.6070,100.9939,100.9939,101.1593,1.6224
2.5950,100.0000,100.9612,100.9612,101.1338,1.6086,100.9543,100.9543,101.1262,1.6237
2.5960,100.0000,100.9199,100.9199,101.0993,1.6102,100.9136,100.9136,101.0918,1.6251
2.5970,100.0000,100.8776,100.8776,101.0634,1.6120,100.8720,100.8720,101.0562,1.6265
2.5980,100.0000,100.8342,100.8342,101.0263,1.6138,100.8295,100.8295,101.0193,1.6279
2.5990,100.0000,100.7899,100.7899,100.9878,1.6157,100.7861,100.7861,100.9814,1.6294
2.6000,100.0000,100.7448,100.7448,100.9483,1.6176,100.7420,100.7420,100.9423,1.6310
2.6010,100.0000,100.6989,100.6989,100.9076,1.6196,100.6972,100.6972,100.9023,1.6326
2.6020,100.0000,100.6522,100.6522,100.8658,1.6217,100.6518,100.6518,100.8613,1.6342
2.6030,100.0000,100.6049,100.6049,100.8231,1.6238,100.6059,89.9993,100.8194,1.6359
2.6040,100.0000,100.5570,89.8559,100.7795,1.6259,100.5600,90.0629,98.6554,1.7242
2.6050,100.0000,100.5092,89.8744,98.5947,1.7352,100.5144,90.1989,96.9369,1.7944
2.6060,100.0000,100.4619,89.9683,96.8507,1.8224,100.4695,90.4023,95.5893,1.8496
2.6070,100.0000,100.4155,90.1325,95.4742,1.8914,100.4256,90.6680,94.5519,1.8924
2.6080,100.0000,100.3703,90.3618,94.4059,1.9450,100.3828,90.9908,93.7751,1.9245
2.6090,100.0000,100.3265,90.6510,93.5971,1.9854,100.3414,91.3651,93.2182,1.9475
2.6100,100.0000,100.2844,90.9948,93.0078,2.0149,100.3014,91.7854,92.8476,1.9629
2.6110,100.0000,100.2440,91.3878,92.6052,2.0351,100.2629,92.2455,92.6352,1.9717
2.6120,100.0000,100.2056,91.8243,92.3617,2.0473,100.2260,92.7395,92.5572,1.9750
2.6130,100.0000,100.1690,92.2983,92.2543,2.0527,100.1908,93.2607,92.5937,1.9735
2.6140,100.0000,100.1343,92.8038,92.2631,2.0523,100.1572,93.8027,92.7271,1.9680
2.6150,100.0000,100.1017,93.3345,92.3712,2.0470,100.1252,94.3584,92.9422,1.9592
2.6160,100.0000,100.0710,93.8837,92.5639,2.0374,100.0949,94.9211,93.2255,1.9475
2.6170,100.0000,100.0423,94.4446,92.8278,2.0242,100.0662,95.4835,93.5646,1.9336
2.6180,100.0000,100.0155,95.0105,93.1512,2.0081,100.0391,96.0386,93.9484,1.9178
2.6190,100.0000,99.9905,95.5743,93.5231,1.9895,100.0136,96.5793,94.3664,1.9006
2.6200,100.0000,99.9674,96.1289,93.9333,1.9690,99.9897,97.0985,94.8090,1.8824
2.6210,100.0000,99.9461,96.6674,94.3724,1.9471,99.9672,97.5896,95.2669,1.8637
2.6220,100.0000,99.9264,97.1829,94.8314,1.9242,99.9462,98.0460,95.7314,1.8447
2.6230,100.0000,99.9084,97.6687,95.3017,1.9007,99.9267,98.4615,96.1943,1.8258
2.6240,100.0000,99.8920,98.1183,95.7751,1.8770,99.9085,98.8304,96.6478,1.8073
2.6250,100.0000,99.8771,98.5257,96.2438,1.8536,99.8917,99.1476,97.0843,1.7894
2.6260,100.0000,99.8637,98.8851,96.7001,1.8308,99.8762,99.4086,97.4970,1.7726
2.6270,100.0000,99.8517,99.1916,97.1371,1.8090,99.8621,99.6094,97.8793,1.7570
2.6280,100.0000,99.8411,99.4407,97.5480,1.7885,99.8492,99.7470,98.2253,1.7429
2.6290,100.0000,99.8317,99.6286,97.9266,1.7695,99.8376,99.8193,98.5296,1.7304
2.6300,100.0000,99.8237,99.7525,98.2670,1.7525,99.8274,99.8274,98.7876,1.7199
2.6310,100.0000,99.8170,99.8103,98.5641,1.7377,99.8184,99.8184,98.9955,1.7114
2.6320,100.0000,99.8115,99.8115,98.8133,1.7252,99.8107,99.8107,99.1601,1.7047
2.6330,100.0000,99.8073,99.8073,99.0130,1.7152,99.8043,99.8043,99.2902,1.6994
2.6340,100.0000,99.8043,99.8043,99.1718,1.7073,99.7992,99.7992,99.3930,1.6952
2.6350,100.0000,99.8027,99.8027,99.2983,1.7010,99.7956,99.7956,99.4743,1.6919
2.6360,100.0000,99.8023,99.8023,99.3992,1.6959,99.7933,99.7933,99.5385,1.6893
2.6370,100.0000,99.8032,99.8032,99.4798,1.6919,99.7924,99.7924,99.5895,1.6872
2.6380,100.0000,99.8055,99.8055,99.5445,1.6887,99.7929,99.7929,99.6301,1.6855
2.6390,100.0000,99.8091,99.8091,99.5967,1.6861,99.7948,99.7948,99.6626,1.6842
2.6400,100.0000,99.8141,99.8141,99.6392,1.6840,99.7983,99.7983,99.6891,1.6831
2.6410,100.0000,99.8204,99.8204,99.6742,1.6822,99.8031,99.8031,99.7109,1.6822
2.6420,100.0000,99.8282,99.8282,99.7034,1.6807,99.8095,99.8095,99.7294,1.6815
2.6430,100.0000,99.8374,99.8374,99.7284,1.6795,99.8173,99.8173,99.7454,1.6808
2.6440,100.0000,99.8479,99.8479,99.7502,1.6784,99.8267,99.8267,99.7598,1.6802
2.6450,100.0000,99.8599,99.8599,99.7697,1.6774,99.8375,99.8375,99.7732,1.6797
2.6460,100.0000,99.8733,99.8733,99.7878,1.6765,99.8497,99.8497,99.7860,1.6792
2.6470,100.0000,99.8881,99.8881,99.8049,1.6757,99.8635,99.8635,99.7988,1.6786
2.6480,100.0000,99.9043,99.9043,99.8215,1.6748,99.8787,99.8787,99.8117,1.6781
2.6490,100.0000,99.9219,99.9219,99.8381,1.6740,99.8954,99.8954,99.8251,1.6776
2.6500,100.0000,99.9409,99.9409,99.8549,1.6732,99.9134,99.9134,99.8392,1.6770
2.6510,100.0000,99.9612,99.9612,99.8721,1.6723,99.9329,99.9329,99.8540,1.6764
2.6520,100.0000,99.9829,99.9829,99.8899,1.6714,99.9537,99.9537,99.8698,1.6757
2.6530,100.0000,100.0059,100.0059,99.9085,1.6705,99.9759,99.9759,99.8866,1.6751
2.6540,100.0000,100.0301,100.0301,99.9280,1.6695,99.9994,99.9994,99.9044,1.6743
2.6550,100.0000,100.0556,100.0556,99.9484,1.6685,100.0241,100.0241,99.9234,1.6736
2.6560,100.0000,100.0823,100.0823,99.9698,1.6674,100.0501,100.0501,99.9436,1.6727
2.6570,100.0000,100.1102,100.1102,99.9923,1.6663,100.0773,100.0773,99.9649,1.6719
2.6580,100.0000,100.1392,100.1392,100.0159,1.6651,100.1056,100.1056,99.9874,1.6709
2.6590,100.0000,100.1692,100.1692,100.0406,1.6639,100.1349,100.1349,100.0110,1.6700
2.6600,100.0000,100.2003,100.2003,100.0663,1.6626,100.1653,100.1653,100.0358,1.6690
2.6610,100.0000,100.2324,100.2324,100.0931,1.6613,100.1967,100.1967,100.0617,1.6679
2.6620,100.0000,100.2653,100.2653,100.1209,1.6599,100.2290,100.2290,100.0887,1.6668
2.6630,100.0000,100.2991,100.2991,100.1498,1.6584,100.2621,100.2621,100.1168,1.6657
2.6640,100.0000,100.3337,100.3337,100.1797,1.6569,100.2961,100.2961,100.1458,1.6645
2.6650,100.0000,100.3691,100.3691,100.2105,1.6554,100.3307,100.3307,100.1759,1.6632
2.6660,100.0000,100.4050,100.4050,100.2422,1.6538,100.3660,100.3660,100.2068,1.6620
2.6670,100.0000,100.4416,100.4416,100.2748,1.6522,100.4018,100.4018,100.2387,1.6607
2.6680,100.0000,100.4787,100.4787,100.3081,1.6505,100.4382,100.4382,100.2713,1.6593
2.6690,100.0000,100.5162,100.5162,100.3422,1.6488,100.4750,100.4750,100.3047,1.6580
2.6700,100.0000,100.5541,100.5541,100.3770,1.6471,100.5121,100.5121,100.3387,1.6566
2.6710,100.0000,100.5922,100.5922,100.4124,1.6453,100.5495,100.5495,100.3734,1.6552
2.6720,100.0000,100.6306,100.6306,100.4484,1.6435,100.5872,100.5872,100.4086,1.6537
2.6730,100.0000,100.6691,100.6691,100.4848,1.6417,100.6249,100.6249,100.4443,1.6523
2.6740,100.0000,100.7077,100.7077,100.5217,1.6398,100.6627,100.6627,100.4805,1.6508
2.6750,100.0000,100.7462,100.7462,100.5589,1.6380,100.7004,100.7004,100.5169,1.6493
2.6760,100.0000,100.7847,100.7847,100.5964,1.6361,100.7380,100.7380,100.5536,1.6478
2.6770,100.0000,100.8229,100.8229,100.6340,1.6342,100.7755,100.7755,100.5905,1.6463
2.6780,100.0000,100.8609,100.8609,100.6718,1.6323,100.8126,100.8126,100.6275,1.6448
2.6790,100.0000,100.8985,100.8985,100.7096,1.6304,100.8494,100.8494,100.6645,1.6432
2.6800,100.0000,100.9356,100.9356,100.7474,1.6285,100.8857,100.8857,100.7015,1.6417
2.6810,100.0000,100.9723,100.9723,100.7850,1.6266,100.9215,100.9215,100.7383,1.6402
2.6820,100.0000,101.0084,101.0084,100.8225,1.6248,100.9568,100.9568,100.7750,1.6387
2.6830,100.0000,101.0438,101.0438,100.8597,1.6229,100.9913,100.9913,100.8113,1.6372
2.6840,100.0000,101.0784,101.0784,100.8965,1.6210,101.0251,101.0251,100.8473,1.6358
2.6850,100.0000,101.1123,101.1123,100.9329,1.6192,101.0581,101.0581,100.8829,1.6343
2.6860,100.0000,101.1452,101.1452,100.9688,1.6174,101.0902,101.0902,100.9179,1.6328
2.6870,100.0000,101.1772,101.1772,101.0040,1.6156,101.1213,101.1213,100.9524,1.6314
2.6880,100.0000,101.2081,101.2081,101.0387,1.6138,101.1513,101.1513,100.9862,1.6299
2.6890,100.0000,101.2379,101.2379,101.0725,1.6121,101.1803,101.1803,101.0192,1.6286
2.6900,100.0000,101.2665,101.2665,101.1056,1.6104,101.2081,101.2081,101.0514,1.6272
2.6910,100.0000,101.2939,101.2939,101.1378,1.6088,101.2346,101.2346,101.0827,1.6259
2.6920,100.0000,101.3199,101.3199,101.1690,1.6072,101.2599,101.2599,101.1131,1.6246
2.6930,100.0000,101.3447,101.3447,101.1992,1.6056,101.2838,101.2838,101.1425,1.6233
2.6940,100.0000,101.3679,101.3679,101.2283,1.6041,101.3063,101.3063,101.1707,1.6221
2.6950,100.0000,101.3897,101.3897,101.2562,1.6027,101.3273,101.3273,101.1979,1.6210
2.6960,100.0000,101.4100,101.4100,101.2829,1.6013,101.3469,101.3469,101.2238,1.6199
2.6970,100.0000,101.4287,101.4287,101.3083,1.6000,101.3648,101.3648,101.2484,1.6188
2.6980,100.0000,101.4457,101.4457,101.3324,1.5987,101.3812,101.3812,101.2717,1.6178
2.6990,100.0000,101.4611,101.4611,101.3551,1.5975,101.3959,101.3959,101.2936,1.6169
2.7000,100.0000,101.4748,101.4748,101.3763,1.5964,101.4090,101.4090,101.3140,1.6160
2.7010,100.0000,101.4867,101.4867,101.3960,1.5954,101.4203,101.4203,101.3330,1.6152
2.7020,100.0000,101.4969,101.4969,101.4141,1.5944,101.4299,101.4299,101.3505,1.6144
2.7030,100.0000,101.5052,101.5052,101.4307,1.5935,101.4377,101.4377,101.3664,1.6137
2.7040,100.0000,101.5117,101.5117,101.4456,1.5927,101.4437,101.4437,101.3806,1.6131
2.7050,100.0000,101.5164,101.5164,101.4588,1.5920,101.4479,101.4479,101.3932,1.6125
2.7060,100.0000,101.5192,101.5192,101.4703,1.5914,101.4503,101.4503,101.4042,1.6120
2.7070,100.0000,101.5201,101.5201,101.4801,1.5908,101.4509,101.4509,101.4134,1.6116
2.7080,100.0000,101.5191,101.5191,101.4881,1.5904,101.4495,101.4495,101.4209,1.6112
2.7090,100.0000,101.5162,101.5162,101.4943,1.5900,101.4464,101.4464,101.4266,1.6109
2.7100,100.0000,101.5114,101.5114,101.4987,1.5897,101.4413,101.4413,101.4306,1.6107
2.7110,100.0000,101.5046,101.5046,101.5012,1.5896,101.4345,101.4345,101.4327,1.6106
2.7120,100.0000,101.4960,101.4960,101.5019,1.5895,101.4257,101.4257,101.4331,1.6105
2.7130,100.0000,101.4854,101.4854,101.5007,1.5895,101.4151,101.4151,101.4316,1.6105
2.7140,100.0000,101.4730,101.4730,101.4977,1.5896,101.4027,101.4027,101.4283,1.6106
2.7150,100.0000,101.4587,101.4587,101.4927,1.5897,101.3885,101.3885,101.4232,1.6107
2.7160,100.0000,101.4425,101.4425,101.4859,1.5900,101.3725,101.3725,101.4162,1.6109
2.7170,100.0000,101.4244,101.4244,101.4772,1.5904,101.3546,101.3546,101.4075,1.6112
2.7180,100.0000,101.4046,101.4046,101.4667,1.5909,101.3351,101.3351,101.3969,1.6116
2.7190,100.0000,101.3829,101.3829,101.4542,1.5914,101.3138,101.3138,101.3846,1.6121
2.7200,100.0000,101.3596,101.3596,101.4400,1.5921,101.2909,101.2909,101.3704,1.6126
2.7210,100.0000,101.3344,101.3344,101.4239,1.5928,101.2663,101.2663,101.3545,1.6132
2.7220,100.0000,101.3076,101.3076,101.4060,1.5937,101.2400,101.2400,101.3369,1.6139
2.7230,100.0000,101.2791,101.2791,101.3863,1.5946,101.2122,101.2122,101.3175,1.6146
2.7240,100.0000,101.2490,101.2490,101.3649,1.5956,101.1829,101.1829,101.2964,1.6154
2.7250,100.0000,101.2174,101.2174,101.3417,1.5967,101.1521,101.1521,101.2737,1.6163
2.7260,100.0000,101.1842,101.1842,101.3168,1.5979,101.1198,101.1198,101.2494,1.6172
2.7270,100.0000,101.1496,101.1496,101.2903,1.5992,101.0862,101.0862,101.2235,1.6182
2.7280,100.0000,101.1136,101.1136,101.2622,1.6006,101.0513,101.0513,101.1960,1.6193
2.7290,100.0000,101.0762,101.0762,101.2325,1.6020,101.0150,101.0150,101.1671,1.6205
2.7300,100.0000,101.0375,101.0375,101.2012,1.6035,100.9776,100.9776,101.1367,1.6216
2.7310,100.0000,100.9975,100.9975,101.1685,1.6051,100.9391,100.9391,101.1049,1.6229
2.7320,100.0000,100.9564,100.9564,101.1343,1.6068,100.8994,100.8994,101.0717,1.6242
2.7330,100.0000,100.9142,100.9142,101.0987,1.6085,100.8587,100.8587,101.0372,1.6256
2.7340,100.0000,100.8709,100.8709,101.0618,1.6103,100.8171,100.8171,101.0015,1.6270
2.7350,100.0000,100.8267,100.8267,101.0236,1.6122,100.7746,100.7746,100.9647,1.6285
2.7360,100.0000,100.7815,100.7815,100.9842,1.6141,100.7313,100.7313,100.9266,1.6300
2.7370,100.0000,100.7356,100.7356,100.9437,1.6161,100.6873,100.6873,100.8876,1.6315
2.7380,100.0000,100.6888,100.6888,100.9021,1.6182,100.6425,100.6425,100.8475,1.6331
2.7390,100.0000,100.6414,100.6414,100.8594,1.6202,100.5972,89.9658,100.8065,1.6348
2.7400,100.0000,100.5933,100.5933,100.8158,1.6224,100.5519,89.9804,98.6384,1.7233
2.7410,100.0000,100.5447,89.8415,100.7713,1.6246,100.5068,90.0689,96.9068,1.7942
2.7420,100.0000,100.4962,89.8843,98.5854,1.7339,100.4624,90.2268,95.5392,1.8503
2.7430,100.0000,100.4482,90.0017,96.8451,1.8209,100.4189,90.4497,94.4767,1.8942
2.7440,100.0000,100.4012,90.1882,95.4764,1.8895,100.3765,90.7327,93.6713,1.9274
2.7450,100.0000,100.3554,90.4386,94.4188,1.9426,100.3354,91.0707,93.0836,1.9518
2.7460,100.0000,100.3111,90.7473,93.6228,1.9824,100.2957,91.4585,92.6810,1.9685
2.7470,100.0000,100.2684,91.1089,93.0477,2.0112,100.2576,91.8904,92.4365,1.9787
2.7480,100.0000,100.2275,91.5177,92.6599,2.0306,100.2210,92.3606,92.3273,1.9832
2.7490,100.0000,100.1884,91.9679,92.4315,2.0421,100.1860,92.8628,92.3340,1.9830
2.7500,100.0000,100.1513,92.4535,92.3388,2.0467,100.1526,93.3907,92.4397,1.9787
2.7510,100.0000,100.1161,92.9684,92.3617,2.0456,100.1209,93.9375,92.6299,1.9708
2.7520,100.0000,100.0830,93.5058,92.4830,2.0396,100.0908,94.4964,92.8914,1.9600
2.7530,100.0000,100.0518,94.0594,92.6876,2.0294,100.0624,95.0603,93.2124,1.9468
2.7540,100.0000,100.0225,94.6222,92.9620,2.0157,100.0356,95.6221,93.5820,1.9316
2.7550,100.0000,99.9951,95.1874,93.2940,1.9992,100.0103,96.1748,93.9900,1.9148
2.7560,100.0000,99.9696,95.7481,93.6727,1.9803,99.9866,96.7111,94.4269,1.8968
2.7570,100.0000,99.9460,96.2971,94.0878,1.9595,99.9645,97.2243,94.8838,1.8780
2.7580,100.0000,99.9240,96.8275,94.5296,1.9375,99.9438,97.7074,95.3519,1.8589
2.7590,100.0000,99.9038,97.3326,94.9892,1.9145,99.9245,98.1541,95.8230,1.8396
2.7600,100.0000,99.8852,97.8057,95.4579,1.8911,99.9066,98.5582,96.2892,1.8205
2.7610,100.0000,99.8682,98.2406,95.9275,1.8677,99.8901,98.9141,96.7430,1.8020
2.7620,100.0000,99.8527,98.6312,96.3901,1.8445,99.8750,99.2170,97.1772,1.7842
2.7630,100.0000,99.8387,98.9723,96.8383,1.8221,99.8611,99.4623,97.5852,1.7675
2.7640,100.0000,99.8261,99.2589,97.2651,1.8008,99.8485,99.6464,97.9606,1.7522
2.7650,100.0000,99.8148,99.4868,97.6639,1.7809,99.8372,99.7665,98.2978,1.7384
2.7660,100.0000,99.8049,99.6527,98.0285,1.7627,99.8272,99.8206,98.5915,1.7264
2.7670,100.0000,99.7963,99.7538,98.3533,1.7464,99.8184,99.8184,98.8373,1.7164
2.7680,100.0000,99.7889,99.7885,98.6334,1.7324,99.8109,99.8109,99.0335,1.7083
2.7690,100.0000,99.7828,99.7828,98.8644,1.7209,99.8047,99.8047,99.1890,1.7020
2.7700,100.0000,99.7780,99.7780,99.0481,1.7117,99.7998,99.7998,99.3121,1.6970
2.7710,100.0000,99.7745,99.7745,99.1941,1.7044,99.7962,99.7962,99.4097,1.6930
2.7720,100.0000,99.7723,99.7723,99.3102,1.6986,99.7940,99.7940,99.4870,1.6898
2.7730,100.0000,99.7714,99.7714,99.4026,1.6940,99.7931,99.7931,99.5484,1.6873
2.7740,100.0000,99.7718,99.7718,99.4764,1.6903,99.7936,99.7936,99.5973,1.6853
2.7750,100.0000,99.7736,99.7736,99.5354,1.6874,99.7955,99.7955,99.6366,1.6837
2.7760,100.0000,99.7767,99.7767,99.5831,1.6850,99.7989,99.7989,99.6684,1.6824
2.7770,100.0000,99.7812,99.7812,99.6218,1.6830,99.8036,99.8036,99.6945,1.6813
2.7780,100.0000,99.7872,99.7872,99.6537,1.6815,99.8099,99.8099,99.7163,1.6805
2.7790,100.0000,99.7945,99.7945,99.6804,1.6801,99.8176,99.8176,99.7350,1.6797
2.7800,100.0000,99.8032,99.8032,99.7032,1.6790,99.8267,99.8267,99.7515,1.6790
2.7810,100.0000,99.8134,99.8134,99.7232,1.6780,99.8373,99.8373,99.7666,1.6784
2.7820,100.0000,99.8250,99.8250,99.7412,1.6771,99.8494,99.8494,99.7807,1.6778
2.7830,100.0000,99.8380,99.8380,99.7580,1.6762,99.8629,99.8629,99.7944,1.6773
2.7840,100.0000,99.8524,99.8524,99.7740,1.6754,99.8779,99.8779,99.8081,1.6767
2.7850,100.0000,99.8683,99.8683,99.7897,1.6747,99.8943,99.8943,99.8221,1.6761
2.7860,100.0000,99.8855,99.8855,99.8054,1.6739,99.9121,99.9121,99.8365,1.6755
2.7870,100.0000,99.9042,99.9042,99.8214,1.6731,99.9313,99.9313,99.8516,1.6749
2.7880,100.0000,99.9242,99.9242,99.8380,1.6723,99.9519,99.9519,99.8676,1.6743
2.7890,100.0000,99.9455,99.9455,99.8552,1.6714,99.9738,99.9738,99.8844,1.6736
2.7900,100.0000,99.9682,99.9682,99.8733,1.6705,99.9970,99.9970,99.9023,1.6729
2.7910,100.0000,99.9921,99.9921,99.8923,1.6695,100.0215,100.0215,99.9212,1.6721
2.7920,100.0000,100.0173,100.0173,99.9122,1.6685,100.0472,100.0472,99.9413,1.6713
2.7930,100.0000,100.0437,100.0437,99.9333,1.6675,100.0741,100.0741,99.9625,1.6704
2.7940,100.0000,100.0713,100.0713,99.9553,1.6664,100.1022,100.1022,99.9848,1.6695
2.7950,100.0000,100.1000,100.1000,99.9785,1.6652,100.1313,100.1313,100.0083,1.6685
2.7960,100.0000,100.1297,100.1297,100.0028,1.6640,100.1615,100.1615,100.0329,1.6675
2.7970,100.0000,100.1605,100.1605,100.0282,1.6627,100.1927,100.1927,100.0586,1.6665
2.7980,100.0000,100.1923,100.1923,100.0547,1.6614,100.2248,100.2248,100.0854,1.6654
2.7990,100.0000,100.2249,100.2249,100.0822,1.6600,100.2578,100.2578,100.1133,1.6642
2.8000,100.0000,100.2584,100.2584,100.1107,1.6586,100.2916,100.2916,100.1422,1.6631
2.8010,100.0000,100.2927,100.2927,100.1403,1.6571,100.3262,100.3262,100.1721,1.6618
2.8020,100.0000,100.3277,100.3277,100.1708,1.6556,100.3614,100.3614,100.2029,1.6606
2.8030,100.0000,100.3634,100.3634,100.2021,1.6540,100.3972,100.3972,100.2346,1.6593
2.8040,100.0000,100.3997,100.3997,100.2344,1.6524,100.4335,100.4335,100.2671,1.6579
2.8050,100.0000,100.4364,100.4364,100.2674,1.6508,100.4703,100.4703,100.3004,1.6566
2.8060,100.0000,100.4736,100.4736,100.3012,1.6491,100.5075,100.5075,100.3344,1.6552
2.8070,100.0000,100.5112,100.5112,100.3357,1.6474,100.5450,100.5450,100.3690,1.6538
2.8080,100.0000,100.5490,100.5490,100.3708,1.6456,100.5827,100.5827,100.4042,1.6523
2.8090,100.0000,100.5870,100.5870,100.4064,1.6438,100.6206,100.6206,100.4399,1.6509
2.8100,100.0000,100.6252,100.6252,100.4426,1.6420,100.6585,100.6585,100.4760,1.6494
2.8110,100.0000,100.6634,100.6634,100.4791,1.6402,100.6964,100.6964,100.5125,1.6479
2.8120,100.0000,100.7016,100.7016,100.5160,1.6383,100.7343,100.7343,100.5493,1.6464
2.8130,100.0000,100.7397,100.7397,100.5531,1.6365,100.7720,100.7720,100.5863,1.6449
2.8140,100.0000,100.7776,100.7776,100.5904,1.6346,100.8094,100.8094,100.6234,1.6433
2.8150,100.0000,100.8152,100.8152,100.6278,1.6327,100.8465,100.8465,100.6606,1.6418
2.8160,100.0000,100.8524,100.8524,100.6653,1.6309,100.8832,100.8832,100.6978,1.6403
2.8170,100.0000,100.8892,100.8892,100.7027,1.6290,100.9194,100.9194,100.7349,1.6388
2.8180,100.0000,100.9255,100.9255,100.7400,1.6271,100.9551,100.9551,100.7718,1.6373
2.8190,100.0000,100.9612,100.9612,100.7771,1.6253,100.9901,100.9901,100.8084,1.6358
2.8200,100.0000,100.9962,100.9962,100.8140,1.6234,101.0244,101.0244,100.8448,1.6343
2.8210,100.0000,101.0305,101.0305,100.8504,1.6216,101.0578,101.0578,100.8807,1.6328
2.8220,100.0000,101.0639,101.0639,100.8864,1.6198,101.0905,101.0905,100.9161,1.6313
2.8230,100.0000,101.0965,101.0965,100.9219,1.6180,101.1222,101.1222,100.9510,1.6298
2.8240,100.0000,101.1281,101.1281,100.9568,1.6162,101.1528,101.1528,100.9852,1.6284
2.8250,100.0000,101.1586,101.1586,100.9911,1.6145,101.1824,101.1824,101.0187,1.6270
2.8260,100.0000,101.1880,101.1880,101.0246,1.6128,101.2109,101.2109,101.0515,1.6256
2.8270,100.0000,101.2162,101.2162,101.0573,1.6111,101.2381,101.2381,101.0834,1.6243
2.8280,100.0000,101.2432,101.2432,101.0891,1.6095,101.2641,101.2641,101.1143,1.6230
2.8290,100.0000,101.2688,101.2688,101.1199,1.6079,101.2887,101.2887,101.1443,1.6217
2.8300,100.0000,101.2931,101.2931,101.1497,1.6063,101.3120,101.3120,101.1732,1.6205
2.8310,100.0000,101.3160,101.3160,101.1784,1.6049,101.3338,101.3338,101.2009,1.6193
2.8320,100.0000,101.3374,101.3374,101.2059,1.6034,101.3541,101.3541,101.2275,1.6182
2.8330,100.0000,101.3573,101.3573,101.2322,1.6021,101.3729,101.3729,101.2528,1.6171
2.8340,100.0000,101.3756,101.3756,101.2572,1.6008,101.3901,101.3901,101.2768,1.6160
2.8350,100.0000,101.3922,101.3922,101.2809,1.5995,101.4057,101.4057,101.2995,1.6151
2.8360,100.0000,101.4072,101.4072,101.3032,1.5984,101.4196,101.4196,101.3207,1.6141
2.8370,100.0000,101.4205,101.4205,101.3240,1.5973,101.4318,101.4318,101.3405,1.6133
2.8380,100.0000,101.4320,101.4320,101.3433,1.5963,101.4422,101.4422,101.3588,1.6125
2.8390,100.0000,101.4418,101.4418,101.3610,1.5953,101.4510,101.4510,101.3755,1.6117
2.8400,100.0000,101.4498,101.4498,101.3772,1.5945,101.4579,101.4579,101.3906,1.6111
2.8410,100.0000,101.4559,101.4559,101.3917,1.5937,101.4630,101.4630,101.4040,1.6105
2.8420,100.0000,101.4602,101.4602,101.4045,1.5930,101.4663,101.4663,101.4158,1.6099
2.8430,100.0000,101.4627,101.4627,101.4157,1.5924,101.4677,101.4677,101.4259,1.6095
2.8440,100.0000,101.4632,101.4632,101.4251,1.5919,101.4673,101.4673,101.4343,1.6091
2.8450,100.0000,101.4619,101.4619,101.4327,1.5914,101.4650,101.4650,101.4409,1.6087
2.8460,100.0000,101.4586,101.4586,101.4385,1.5911,101.4609,101.4609,101.4457,1.6085
2.8470,100.0000,101.4535,101.4535,101.4426,1.5908,101.4549,101.4549,101.4487,1.6083
2.8480,100.0000,101.4464,101.4464,101.4447,1.5907,101.4470,101.4470,101.4500,1.6082
2.8490,100.0000,101.4375,101.4375,101.4451,1.5906,101.4373,101.4373,101.4494,1.6082
2.8500,100.0000,101.4266,101.4266,101.4436,1.5906,101.4257,101.4257,101.4470,1.6082
2.8510,100.0000,101.4139,101.4139,101.4402,1.5907,101.4123,101.4123,101.4427,1.6083
2.8520,100.0000,101.3993,101.3993,101.4349,1.5909,101.3971,101.3971,101.4366,1.6085
2.8530,100.0000,101.3829,101.3829,101.4278,1.5912,101.3801,101.3801,101.4287,1.6088
2.8540,100.0000,101.3646,101.3646,101.4188,1.5916,101.3613,101.3613,101.4190,1.6091
2.8550,100.0000,101.3445,101.3445,101.4080,1.5921,101.3408,101.3408,101.4075,1.6095
2.8560,100.0000,101.3226,101.3226,101.3953,1.5927,101.3186,101.3186,101.3941,1.6100
2.8570,100.0000,101.2990,101.2990,101.3807,1.5934,101.2947,101.2947,101.3790,1.6106
2.8580,100.0000,101.2737,101.2737,101.3644,1.5941,101.2691,101.2691,101.3622,1.6112
2.8590,100.0000,101.2467,101.2467,101.3463,1.5950,101.2420,101.2420,101.3435,1.6119
2.8600,100.0000,101.2181,101.2181,101.3264,1.5959,101.2132,101.2132,101.3232,1.6127
2.8610,100.0000,101.1879,101.1879,101.3047,1.5970,101.1830,101.1830,101.3012,1.6136
2.8620,100.0000,101.1561,101.1561,101.2813,1.5981,101.1513,101.1513,101.2776,1.6145
2.8630,100.0000,101.1228,101.1228,101.2563,1.5993,101.1182,101.1182,101.2523,1.6155
2.8640,100.0000,101.0881,101.0881,101.2296,1.6006,101.0837,101.0837,101.2255,1.6165
2.8650,100.0000,101.0519,101.0519,101.2013,1.6019,101.0479,101.0479,101.1971,1.6176
2.8660,100.0000,101.0145,101.0145,101.1714,1.6034,101.0109,101.0109,101.1673,1.6188
2.8670,100.0000,100.9757,100.9757,101.1400,1.6049,100.9727,100.9727,101.1360,1.6200
2.8680,100.0000,100.9358,100.9358,101.1072,1.6065,100.9333,100.9333,101.1033,1.6213
2.8690,100.0000,100.8947,100.8947,101.0729,1.6082,100.8929,100.8929,101.0693,1.6227
2.8700,100.0000,100.8525,100.8525,101.0372,1.6099,100.8515,100.8515,101.0341,1.6241
2.8710,100.0000,100.8092,100.8092,101.0003,1.6117,100.8092,100.8092,100.9976,1.6255
2.8720,100.0000,100.7650,100.7650,100.9621,1.6136,100.7660,100.7660,100.9599,1.6270
2.8730,100.0000,100.7199,100.7199,100.9227,1.6155,100.7221,100.7221,100.9211,1.6286
2.8740,100.0000,100.6740,100.6740,100.8821,1.6175,100.6774,100.6774,100.8813,1.6302
2.8750,100.0000,100.6274,100.6274,100.8405,1.6196,100.6321,100.6321,100.8405,1.6318
2.8760,100.0000,100.5801,100.5801,100.7979,1.6217,100.5862,89.9534,100.7988,1.6335
2.8770,100.0000,100.5322,100.5322,100.7543,1.6238,100.5402,89.9906,98.6297,1.7221
2.8780,100.0000,100.4838,89.7987,100.7099,1.6260,100.4946,90.1010,96.9019,1.7929
2.8790,100.0000,100.4354,89.8562,98.5277,1.7351,100.4497,90.2800,95.5417,1.8488
2.8800,100.0000,100.3876,89.9878,96.7934,1.8219,100.4057,90.5227,94.4894,1.8923
2.8810,100.0000,100.3408,90.1878,95.4323,1.8901,100.3629,90.8241,93.6961,1.9251
2.8820,100.0000,100.2952,90.4508,94.3834,1.9427,100.3214,91.1790,93.1217,1.9489
2.8830,100.0000,100.2511,90.7711,93.5969,1.9821,100.2813,91.5819,92.7331,1.9650
2.8840,100.0000,100.2087,91.1432,93.0317,2.0104,100.2427,92.0269,92.5029,1.9746
2.8850,100.0000,100.1680,91.5614,92.6540,2.0293,100.2056,92.5082,92.4077,1.9786
2.8860,100.0000,100.1293,92.0197,92.4355,2.0402,100.1702,93.0193,92.4278,1.9778
2.8870,100.0000,100.0924,92.5120,92.3523,2.0444,100.1365,93.5539,92.5461,1.9730
2.8880,100.0000,100.0575,93.0322,92.3843,2.0429,100.1044,94.1050,92.7477,1.9647
2.8890,100.0000,100.0246,93.5735,92.5138,2.0364,100.0739,94.6658,93.0191,1.9534
2.8900,100.0000,99.9937,94.1294,92.7258,2.0259,100.0451,95.2293,93.3485,1.9399
2.8910,100.0000,99.9647,94.6931,93.0065,2.0119,100.0179,95.7883,93.7246,1.9243
2.8920,100.0000,99.9376,95.2576,93.3438,1.9950,99.9923,96.3359,94.1374,1.9073
2.8930,100.0000,99.9123,95.8160,93.7266,1.9759,99.9682,96.8648,94.5771,1.8892
2.8940,100.0000,99.8889,96.3612,94.1445,1.9551,99.9456,97.3682,95.0346,1.8705
2.8950,100.0000,99.8672,96.8864,94.5878,1.9329,99.9245,97.8395,95.5013,1.8514
2.8960,100.0000,99.8472,97.3848,95.0475,1.9100,99.9048,98.2724,95.9690,1.8322
2.8970,100.0000,99.8289,97.8499,95.5150,1.8866,99.8865,98.6609,96.4297,1.8133
2.8980,100.0000,99.8121,98.2755,95.9820,1.8633,99.8696,98.9997,96.8759,1.7951
2.8990,100.0000,99.7968,98.6557,96.4407,1.8404,99.8540,99.2839,97.3007,1.7777
2.9000,100.0000,99.7830,98.9852,96.8837,1.8182,99.8398,99.5094,97.6973,1.7614
2.9010,100.0000,99.7706,99.2594,97.3040,1.7972,99.8268,99.6728,98.0597,1.7466
2.9020,100.0000,99.7596,99.4743,97.6951,1.7777,99.8151,99.7716,98.3823,1.7334
2.9030,100.0000,99.7499,99.6264,98.0509,1.7599,99.8046,99.8041,98.6602,1.7221
2.9040,100.0000,99.7414,99.7135,98.3660,1.7442,99.7955,99.7955,98.8890,1.7127
2.9050,100.0000,99.7343,99.7343,98.6355,1.7307,99.7876,99.7876,99.0703,1.7053
2.9060,100.0000,99.7285,99.7285,98.8553,1.7197,99.7810,99.7810,99.2137,1.6994
2.9070,100.0000,99.7239,99.7239,99.0299,1.7110,99.7757,99.7757,99.3272,1.6948
2.9080,100.0000,99.7206,99.7206,99.1687,1.7040,99.7718,99.7718,99.4169,1.6911
2.9090,100.0000,99.7187,99.7187,99.2791,1.6985,99.7692,99.7692,99.4879,1.6882
2.9100,100.0000,99.7180,99.7180,99.3670,1.6941,99.7680,99.7680,99.5441,1.6859
2.9110,100.0000,99.7188,99.7188,99.4372,1.6906,99.7682,99.7682,99.5889,1.6841
2.9120,100.0000,99.7208,99.7208,99.4935,1.6878,99.7699,99.7699,99.6248,1.6826
2.9130,100.0000,99.7243,99.7243,99.5390,1.6855,99.7729,99.7729,99.6538,1.6814
2.9140,100.0000,99.7291,99.7291,99.5760,1.6837,99.7775,99.7775,99.6776,1.6804
2.9150,100.0000,99.7353,99.7353,99.6066,1.6822,99.7834,99.7834,99.6976,1.6796
2.9160,100.0000,99.7430,99.7430,99.6324,1.6809,99.7909,99.7909,99.7148,1.6789
2.9170,100.0000,99.7521,99.7521,99.6545,1.6798,99.7998,99.7998,99.7300,1.6783
2.9180,100.0000,99.7626,99.7626,99.6740,1.6788,99.8101,99.8101,99.7439,1.6777
2.9190,100.0000,99.7746,99.7746,99.6917,1.6779,99.8220,99.8220,99.7572,1.6772
2.9200,100.0000,99.7879,99.7879,99.7083,1.6771,99.8353,99.8353,99.7701,1.6767
2.9210,100.0000,99.8027,99.8027,99.7242,1.6763,99.8500,99.8500,99.7832,1.6761
2.9220,100.0000,99.8190,99.8190,99.7399,1.6755,99.8662,99.8662,99.7965,1.6756
2.9230,100.0000,99.8366,99.8366,99.7557,1.6747,99.8838,99.8838,99.8105,1.6750
2.9240,100.0000,99.8556,99.8556,99.7719,1.6739,99.9028,99.9028,99.8251,1.6744
2.9250,100.0000,99.8760,99.8760,99.7887,1.6731,99.9232,99.9232,99.8407,1.6738
2.9260,100.0000,99.8977,99.8977,99.8061,1.6722,99.9449,99.9449,99.8572,1.6731
2.9270,100.0000,99.9208,99.9208,99.8244,1.6713,99.9679,99.9679,99.8747,1.6724
2.9280,100.0000,99.9451,99.9451,99.8437,1.6703,99.9922,99.9922,99.8933,1.6716
2.9290,100.0000,99.9707,99.9707,99.8640,1.6693,100.0177,100.0177,99.9131,1.6708
2.9300,100.0000,99.9974,99.9974,99.8853,1.6683,100.0444,100.0444,99.9340,1.6700
2.9310,100.0000,100.0254,100.0254,99.9077,1.6671,100.0722,100.0722,99.9561,1.6691
2.9320,100.0000,100.0545,100.0545,99.9313,1.6660,100.1012,100.1012,99.9793,1.6681
2.9330,100.0000,100.0846,100.0846,99.9559,1.6647,100.1311,100.1311,100.0037,1.6671
2.9340,100.0000,100.1157,100.1157,99.9816,1.6634,100.1621,100.1621,100.0292,1.6661
2.9350,100.0000,100.1478,100.1478,100.0085,1.6621,100.1940,100.1940,100.0558,1.6650
2.9360,100.0000,100.1808,100.1808,100.0363,1.6607,100.2267,100.2267,100.0834,1.6638
2.9370,100.0000,100.2147,100.2147,100.0652,1.6593,100.2602,100.2602,100.1121,1.6627
2.9380,100.0000,100.2493,100.2493,100.0951,1.6578,100.2945,100.2945,100.1417,1.6615
2.9390,100.0000,100.2847,100.2847,100.1260,1.6562,100.3294,100.3294,100.1723,1.6602
2.9400,100.0000,100.3207,100.3207,100.1577,1.6546,100.3650,100.3650,100.2037,1.6589
2.9410,100.0000,100.3572,100.3572,100.1903,1.6530,100.4010,100.4010,100.2360,1.6576
2.9420,100.0000,100.3943,100.3943,100.2237,1.6513,100.4375,100.4375,100.2690,1.6562
2.9430,100.0000,100.4318,100.4318,100.2578,1.6496,100.4744,100.4744,100.3027,1.6549
2.9440,100.0000,100.4696,100.4696,100.2926,1.6479,100.5116,100.5116,100.3370,1.6534
2.9450,100.0000,100.5077,100.5077,100.3280,1.6461,100.5490,100.5490,100.3719,1.6520
2.9460,100.0000,100.5460,100.5460,100.3639,1.6443,100.5865,100.5865,100.4073,1.6506
2.9470,100.0000,100.5844,100.5844,100.4004,1.6425,100.6241,100.6241,100.4432,1.6491
2.9480,100.0000,100.6229,100.6229,100.4372,1.6406,100.6617,100.6617,100.4794,1.6476
2.9490,100.0000,100.6613,100.6613,100.4743,1.6388,100.6992,100.6992,100.5158,1.6461
2.9500,100.0000,100.6996,100.6996,100.5117,1.6369,100.7365,100.7365,100.5525,1.6446
2.9510,100.0000,100.7376,100.7376,100.5493,1.6350,100.7736,100.7736,100.5893,1.6431
2.9520,100.0000,100.7754,100.7754,100.5870,1.6331,100.8103,100.8103,100.6262,1.6416
2.9530,100.0000,100.8128,100.8128,100.6247,1.6313,100.8466,100.8466,100.6630,1.6401
2.9540,100.0000,100.8498,100.8498,100.6623,1.6294,100.8824,100.8824,100.6997,1.6386
2.9550,100.0000,100.8862,100.8862,100.6998,1.6275,100.9177,100.9177,100.7363,1.6371
2.9560,100.0000,100.9221,100.9221,100.7371,1.6256,100.9522,100.9522,100.7725,1.6356
2.9570,100.0000,100.9572,100.9572,100.7741,1.6238,100.9861,100.9861,100.8085,1.6341
2.9580,100.0000,100.9916,100.9916,100.8107,1.6219,101.0192,101.0192,100.8440,1.6326
2.9590,100.0000,101.0251,101.0251,100.8469,1.6201,101.0514,101.0514,100.8790,1.6311
2.9600,100.0000,101.0577,101.0577,100.8825,1.6183,101.0826,101.0826,100.9135,1.6297
2.9610,100.0000,101.0893,101.0893,100.9175,1.6165,101.1128,101.1128,100.9473,1.6283
2.9620,100.0000,101.1199,101.1199,100.9519,1.6148,101.1420,101.1420,100.9804,1.6269
2.9630,100.0000,101.1494,101.1494,100.9855,1.6131,101.1699,101.1699,101.0127,1.6255
2.9640,100.0000,101.1776,101.1776,101.0183,1.6114,101.1967,101.1967,101.0442,1.6242
2.9650,100.0000,101.2046,101.2046,101.0501,1.6097,101.2222,101.2222,101.0747,1.6229
2.9660,100.0000,101.2303,101.2303,101.0810,1.6082,101.2464,101.2464,101.1042,1.6217
2.9670,100.0000,101.2546,101.2546,101.1109,1.6066,101.2692,101.2692,101.1326,1.6204
2.9680,100.0000,101.2774,101.2774,101.1396,1.6051,101.2905,101.2905,101.1599,1.6193
2.9690,100.0000,101.2988,101.2988,101.1672,1.6037,101.3104,101.3104,101.1861,1.6182
2.9700,100.0000,101.3186,101.3186,101.1935,1.6024,101.3287,101.3287,101.2109,1.6171
2.9710,100.0000,101.3369,101.3369,101.2185,1.6011,101.3454,101.3454,101.2345,1.6161
2.9720,100.0000,101.3535,101.3535,101.2422,1.5998,101.3605,101.3605,101.2566,1.6151
2.9730,100.0000,101.3684,101.3684,101.2645,1.5987,101.3739,101.3739,101.2774,1.6142
2.9740,100.0000,101.3816,101.3816,101.2852,1.5976,101.3856,101.3856,101.2967,1.6134
2.9750,100.0000,101.3931,101.3931,101.3045,1.5966,101.3956,101.3956,101.3145,1.6126
2.9760,100.0000,101.4028,101.4028,101.3222,1.5956,101.4038,101.4038,101.3307,1.6119
2.9770,100.0000,101.4107,101.4107,101.3383,1.5948,101.4103,101.4103,101.3453,1.6112
2.9780,100.0000,101.4167,101.4167,101.3528,1.5940,101.4149,101.4149,101.3583,1.6107
2.9790,100.0000,101.4209,101.4209,101.3656,1.5933,101.4178,101.4178,101.3697,1.6101
2.9800,100.0000,101.4232,101.4232,101.3767,1.5927,101.4188,101.4188,101.3793,1.6097
2.9810,100.0000,101.4237,101.4237,101.3860,1.5922,101.4179,101.4179,101.3872,1.6093
2.9820,100.0000,101.4222,101.4222,101.3935,1.5918,101.4152,101.4152,101.3933,1.6090
2.9830,100.0000,101.4189,101.4189,101.3993,1.5914,101.4106,101.4106,101.3977,1.6088
2.9840,100.0000,101.4136,101.4136,101.4032,1.5912,101.4042,101.4042,101.4003,1.6086
2.9850,100.0000,101.4065,101.4065,101.4053,1.5910,101.3959,101.3959,101.4011,1.6085
2.9860,100.0000,101.3974,101.3974,101.4055,1.5910,101.3858,101.3858,101.4000,1.6085
2.9870,100.0000,101.3864,101.3864,101.4039,1.5910,101.3738,101.3738,101.3972,1.6086
2.9880,100.0000,101.3736,101.3736,101.4004,1.5911,101.3600,101.3600,101.3925,1.6087
2.9890,100.0000,101.3589,101.3589,101.3950,1.5913,101.3444,101.3444,101.3860,1.6089
2.9900,100.0000,101.3423,101.3423,101.3878,1.5916,101.3270,101.3270,101.3777,1.6092
2.9910,100.0000,101.3240,101.3240,101.3787,1.5920,101.3079,101.3079,101.3675,1.6096
2.9920,100.0000,101.3038,101.3038,101.3678,1.5925,101.2870,101.2870,101.3556,1.6100
2.9930,100.0000,101.2818,101.2818,101.3550,1.5931,101.2645,101.2645,101.3419,1.6105
2.9940,100.0000,101.2581,101.2581,101.3403,1.5938,101.2403,101.2403,101.3264,1.6111
2.9950,100.0000,101.2327,101.2327,101.3239,1.5946,101.2144,101.2144,101.3092,1.6118
2.9960,100.0000,101.2056,101.2056,101.3057,1.5954,101.1870,101.1870,101.2902,1.6125
2.9970,100.0000,101.1769,101.1769,101.2857,1.5964,101.1580,101.1580,101.2696,1.6133
2.9980,100.0000,101.1466,101.1466,101.2639,1.5974,101.1275,101.1275,101.2473,1.6141
2.9990,100.0000,101.1148,101.1148,101.2405,1.5985,101.0955,101.0955,101.2233,1.6151
3.0000,100.0000,101.0815,101.0815,101.2153,1.5997,101.0622,101.0622,101.1977,1.6161
3.0010,100.0000,101.0467,101.0467,101.1886,1.6010,101.0275,101.0275,101.1706,1.6171
3.0020,100.0000,101.0105,101.0105,101.1602,1.6024,100.9915,100.9915,101.1420,1.6183
3.0030,100.0000,100.9730,100.9730,101.1302,1.6039,100.9543,100.9543,101.1119,1.6194
3.0040,100.0000,100.9343,100.9343,101.0988,1.6054,100.9160,100.9160,101.0804,1.6207
3.0050,100.0000,100.8943,100.8943,101.0659,1.6070,100.8765,100.8765,101.0475,1.6220
3.0060,100.0000,100.8532,100.8532,101.0316,1.6087,100.8360,100.8360,101.0133,1.6234
3.0070,100.0000,100.8110,100.8110,100.9959,1.6104,100.7945,100.7945,100.9779,1.6248
3.0080,100.0000,100.7678,100.7678,100.9589,1.6122,100.7521,100.7521,100.9412,1.6262
3.0090,100.0000,100.7236,100.7236,100.9207,1.6141,100.7088,100.7088,100.9034,1.6277
3.0100,100.0000,100.6786,100.6786,100.8813,1.6160,100.6648,100.6648,100.8644,1.6293
3.0110,100.0000,100.6328,100.6328,100.8408,1.6180,100.6201,100.6201,100.8245,1.6309
3.0120,100.0000,100.5862,100.5862,100.7992,1.6201,100.5748,100.5748,100.7836,1.6325
3.0130,100.0000,100.5390,100.5390,100.7566,1.6222,100.5289,89.9085,100.7419,1.6342
3.0140,100.0000,100.4912,89.7852,100.7130,1.6243,100.4830,89.9597,98.5752,1.7229
3.0150,100.0000,100.4434,89.7910,98.5275,1.7336,100.4375,90.0837,96.8521,1.7936
3.0160,100.0000,100.3961,89.8725,96.7802,1.8210,100.3926,90.2756,95.4984,1.8492
3.0170,100.0000,100.3497,90.0246,95.3986,1.8902,100.3487,90.5304,94.4539,1.8925
3.0180,100.0000,100.3046,90.2424,94.3238,1.9441,100.3060,90.8431,93.6692,1.9250
3.0190,100.0000,100.2608,90.5208,93.5075,1.9850,100.2646,91.2082,93.1040,1.9484
3.0200,100.0000,100.2187,90.8545,92.9102,2.0149,100.2246,91.6201,92.7248,1.9642
3.0210,100.0000,100.1783,91.2384,92.4991,2.0355,100.1861,92.0729,92.5039,1.9734
3.0220,100.0000,100.1398,91.6668,92.2469,2.0481,100.1492,92.5607,92.4177,1.9771
3.0230,100.0000,100.1032,92.1338,92.1309,2.0540,100.1140,93.0771,92.4463,1.9759
3.0240,100.0000,100.0686,92.6335,92.1315,2.0540,100.0804,93.6155,92.5725,1.9707
3.0250,100.0000,100.0359,93.1595,92.2319,2.0490,100.0485,94.1689,92.7811,1.9621
3.0260,100.0000,100.0052,93.7054,92.4174,2.0398,100.0182,94.7306,93.0586,1.9506
3.0270,100.0000,99.9765,94.2644,92.6750,2.0269,99.9895,95.2935,93.3930,1.9368
3.0280,100.0000,99.9496,94.8298,92.9929,2.0111,99.9625,95.8504,93.7731,1.9211
3.0290,100.0000,99.9247,95.3945,93.3603,1.9927,99.9370,96.3944,94.1886,1.9040
3.0300,100.0000,99.9016,95.9514,93.7671,1.9724,99.9131,96.9183,94.6297,1.8858
3.0310,100.0000,99.8802,96.4936,94.2040,1.9506,99.8907,97.4155,95.0874,1.8670
3.0320,100.0000,99.8606,97.0142,94.6619,1.9277,99.8697,97.8792,95.5530,1.8479
3.0330,100.0000,99.8426,97.5065,95.1324,1.9042,99.8502,98.3033,96.0183,1.8288
3.0340,100.0000,99.8262,97.9638,95.6072,1.8805,99.8321,98.6820,96.4753,1.8101
3.0350,100.0000,99.8113,98.3802,96.0785,1.8570,99.8154,99.0099,96.9166,1.7920
3.0360,100.0000,99.7979,98.7497,96.5389,1.8340,99.7999,99.2825,97.3353,1.7749
3.0370,100.0000,99.7859,99.0672,96.9810,1.8119,99.7858,99.4956,97.7247,1.7589
3.0380,100.0000,99.7753,99.3282,97.3983,1.7910,99.7730,99.6462,98.0789,1.7444
3.0390,100.0000,99.7660,99.5288,97.7843,1.7717,99.7615,99.7319,98.3924,1.7316
3.0400,100.0000,99.7580,99.6658,98.1332,1.7543,99.7512,99.7512,98.6603,1.7206
3.0410,100.0000,99.7513,99.7371,98.4397,1.7390,99.7423,99.7423,98.8785,1.7116
3.0420,100.0000,99.7458,99.7458,98.6992,1.7260,99.7346,99.7346,99.0512,1.7046
3.0430,100.0000,99.7416,99.7416,98.9085,1.7155,99.7282,99.7282,99.1879,1.6990
3.0440,100.0000,99.7386,99.7386,99.0751,1.7072,99.7232,99.7232,99.2960,1.6946
3.0450,100.0000,99.7369,99.7369,99.2078,1.7006,99.7195,99.7195,99.3814,1.6911
3.0460,100.0000,99.7365,99.7365,99.3136,1.6953,99.7171,99.7171,99.4490,1.6883
3.0470,100.0000,99.7374,99.7374,99.3982,1.6911,99.7162,99.7162,99.5026,1.6861
3.0480,100.0000,99.7395,99.7395,99.4660,1.6877,99.7167,99.7167,99.5453,1.6843
3.0490,100.0000,99.7431,99.7431,99.5207,1.6850,99.7186,99.7186,99.5796,1.6829
3.0500,100.0000,99.7480,99.7480,99.5652,1.6827,99.7219,99.7219,99.6074,1.6818
3.0510,100.0000,99.7542,99.7542,99.6018,1.6809,99.7267,99.7267,99.6303,1.6809
3.0520,100.0000,99.7619,99.7619,99.6322,1.6794,99.7329,99.7329,99.6496,1.6801
3.0530,100.0000,99.7709,99.7709,99.6582,1.6781,99.7407,99.7407,99.6663,1.6794
3.0540,100.0000,99.7814,99.7814,99.6807,1.6770,99.7499,99.7499,99.6811,1.6788
3.0550,100.0000,99.7932,99.7932,99.7009,1.6760,99.7606,99.7606,99.6949,1.6782
3.0560,100.0000,99.8065,99.8065,99.7193,1.6750,99.7727,99.7727,99.7080,1.6777
3.0570,100.0000,99.8211,99.8211,99.7367,1.6742,99.7863,99.7863,99.7210,1.6772
3.0580,100.0000,99.8372,99.8372,99.7536,1.6733,99.8014,99.8014,99.7340,1.6766
3.0590,100.0000,99.8546,99.8546,99.7703,1.6725,99.8179,99.8179,99.7475,1.6761
3.0600,100.0000,99.8734,99.8734,99.7872,1.6717,99.8358,99.8358,99.7616,1.6755
3.0610,100.0000,99.8935,99.8935,99.8044,1.6708,99.8551,99.8551,99.7764,1.6749
3.0620,100.0000,99.9150,99.9150,99.8222,1.6699,99.8758,99.8758,99.7922,1.6742
3.0630,100.0000,99.9378,99.9378,99.8408,1.6690,99.8979,99.8979,99.8089,1.6736
3.0640,100.0000,99.9619,99.9619,99.8602,1.6680,99.9212,99.9212,99.8267,1.6728
3.0650,100.0000,99.9872,99.9872,99.8805,1.6670,99.9458,99.9458,99.8456,1.6721
3.0660,100.0000,100.0137,100.0137,99.9019,1.6659,99.9716,99.9716,99.8656,1.6712
3.0670,100.0000,100.0414,100.0414,99.9242,1.6648,99.9986,99.9986,99.8868,1.6704
3.0680,100.0000,100.0702,100.0702,99.9477,1.6636,100.0267,100.0267,99.9092,1.6695
3.0690,100.0000,100.1001,100.1001,99.9722,1.6624,100.0560,100.0560,99.9327,1.6685
3.0700,100.0000,100.1310,100.1310,99.9978,1.6611,100.0862,100.0862,99.9574,1.6675
3.0710,100.0000,100.1629,100.1629,100.0244,1.6598,100.1175,100.1175,99.9831,1.6664
3.0720,100.0000,100.1957,100.1957,100.0521,1.6584,100.1496,100.1496,100.0100,1.6653
3.0730,100.0000,100.2294,100.2294,100.0808,1.6570,100.1826,100.1826,100.0379,1.6642
3.0740,100.0000,100.2638,100.2638,100.1105,1.6555,100.2164,100.2164,100.0669,1.6630
3.0750,100.0000,100.2990,100.2990,100.1412,1.6540,100.2510,100.2510,100.0968,1.6618
3.0760,100.0000,100.3348,100.3348,100.1728,1.6524,100.2862,100.2862,100.1276,1.6605
3.0770,100.0000,100.3713,100.3713,100.2052,1.6508,100.3219,100.3219,100.1593,1.6592
3.0780,100.0000,100.4082,100.4082,100.2384,1.6491,100.3582,100.3582,100.1918,1.6579
3.0790,100.0000,100.4456,100.4456,100.2724,1.6474,100.3949,100.3949,100.2251,1.6565
3.0800,100.0000,100.4834,100.4834,100.3070,1.6457,100.4320,100.4320,100.2591,1.6551
3.0810,100.0000,100.5215,100.5215,100.3423,1.6439,100.4694,100.4694,100.2937,1.6537
3.0820,100.0000,100.5598,100.5598,100.3781,1.6421,100.5070,100.5070,100.3288,1.6522
3.0830,100.0000,100.5982,100.5982,100.4145,1.6403,100.5447,100.5447,100.3644,1.6508
3.0840,100.0000,100.6367,100.6367,100.4512,1.6384,100.5825,100.5825,100.4005,1.6493
3.0850,100.0000,100.6752,100.6752,100.4883,1.6366,100.6202,100.6202,100.4369,1.6478
3.0860,100.0000,100.7136,100.7136,100.5257,1.6347,100.6578,100.6578,100.4735,1.6463
3.0870,100.0000,100.7518,100.7518,100.5633,1.6328,100.6953,100.6953,100.5104,1.6448
3.0880,100.0000,100.7898,100.7898,100.6010,1.6309,100.7324,100.7324,100.5474,1.6433
3.0890,100.0000,100.8274,100.8274,100.6387,1.6290,100.7693,100.7693,100.5844,1.6418
3.0900,100.0000,100.8646,100.8646,100.6765,1.6272,100.8057,100.8057,100.6214,1.6402
3.0910,100.0000,100.9013,100.9013,100.7141,1.6253,100.8415,100.8415,100.6582,1.6387
3.0920,100.0000,100.9374,100.9374,100.7515,1.6234,100.8769,100.8769,100.6949,1.6372
3.0930,100.0000,100.9729,100.9729,100.7887,1.6215,100.9115,100.9115,100.7313,1.6357
3.0940,100.0000,101.0076,101.0076,100.8256,1.6197,100.9454,100.9454,100.7673,1.6342
3.0950,100.0000,101.0415,101.0415,100.8620,1.6179,100.9785,100.9785,100.8029,1.6327
3.0960,100.0000,101.0746,101.0746,100.8979,1.6161,101.0107,101.0107,100.8381,1.6313
3.0970,100.0000,101.1066,101.1066,100.9332,1.6143,101.0420,101.0420,100.8726,1.6298
3.0980,100.0000,101.1377,101.1377,100.9679,1.6125,101.0722,101.0722,100.9065,1.6284
3.0990,100.0000,101.1676,101.1676,101.0018,1.6108,101.1013,101.1013,100.9396,1.6270
3.1000,100.0000,101.1964,101.1964,101.0350,1.6091,101.1293,101.1293,100.9720,1.6256
3.1010,100.0000,101.2239,101.2239,101.0673,1.6074,101.1561,101.1561,101.0034,1.6243
3.1020,100.0000,101.2502,101.2502,101.0986,1.6058,101.1815,101.1815,101.0340,1.6230
3.1030,100.0000,101.2751,101.2751,101.1289,1.6042,101.2057,101.2057,101.0635,1.6218
3.1040,100.0000,101.2985,101.2985,101.1581,1.6027,101.2284,101.2284,101.0919,1.6206
3.1050,100.0000,101.3206,101.3206,101.1862,1.6013,101.2496,101.2496,101.1192,1.6194
3.1060,100.0000,101.3410,101.3410,101.2131,1.5999,101.2694,101.2694,101.1453,1.6183
3.1070,100.0000,101.3600,101.3600,101.2387,1.5986,101.2876,101.2876,101.1701,1.6172
3.1080,100.0000,101.3773,101.3773,101.2629,1.5973,101.3043,101.3043,101.1936,1.6162
3.1090,100.0000,101.3929,101.3929,101.2858,1.5961,101.3193,101.3193,101.2158,1.6153
3.1100,100.0000,101.4068,101.4068,101.3072,1.5950,101.3326,101.3326,101.2365,1.6144
3.1110,100.0000,101.4190,101.4190,101.3271,1.5940,101.3442,101.3442,101.2557,1.6135
3.1120,100.0000,101.4295,101.4295,101.3455,1.5930,101.3541,101.3541,101.2734,1.6128
3.1130,100.0000,101.4381,101.4381,101.3623,1.5921,101.3622,101.3622,101.2895,1.6120
3.1140,100.0000,101.4449,101.4449,101.3775,1.5913,101.3686,101.3686,101.3041,1.6114
3.1150,100.0000,101.4499,101.4499,101.3910,1.5906,101.3731,101.3731,101.3170,1.6108
3.1160,100.0000,101.4530,101.4530,101.4028,1.5899,101.3758,101.3758,101.3282,1.6103
3.1170,100.0000,101.4542,101.4542,101.4128,1.5894,101.3766,101.3766,101.3377,1.6099
3.1180,100.0000,101.4535,101.4535,101.4211,1.5889,101.3757,101.3757,101.3455,1.6095
3.1190,100.0000,101.4509,101.4509,101.4276,1.5885,101.3728,101.3728,101.3515,1.6092
3.1200,100.0000,101.4464,101.4464,101.4322,1.5882,101.3681,101.3681,101.3558,1.6090
3.1210,100.0000,101.4400,101.4400,101.4351,1.5880,101.3616,101.3616,101.3583,1.6088
3.1220,100.0000,101.4317,101.4317,101.4361,1.5879,101.3531,101.3531,101.3589,1.6087
3.1230,100.0000,101.4215,101.4215,101.4352,1.5879,101.3429,101.3429,101.3578,1.6087
3.1240,100.0000,101.4093,101.4093,101.4324,1.5880,101.3308,101.3308,101.3548,1.6088
3.1250,100.0000,101.3953,101.3953,101.4278,1.5882,101.3169,101.3169,101.3500,1.6089
3.1260,100.0000,101.3795,101.3795,101.4213,1.5884,101.3012,101.3012,101.3434,1.6092
3.1270,100.0000,101.3618,101.3618,101.4130,1.5888,101.2837,101.2837,101.3349,1.6094
3.1280,100.0000,101.3422,101.3422,101.4027,1.5893,101.2645,101.2645,101.3247,1.6098
3.1290,100.0000,101.3209,101.3209,101.3906,1.5898,101.2435,101.2435,101.3126,1.6103
3.1300,100.0000,101.2978,101.2978,101.3767,1.5905,101.2208,101.2208,101.2988,1.6108
3.1310,100.0000,101.2730,101.2730,101.3609,1.5912,101.1965,101.1965,101.2832,1.6114
3.1320,100.0000,101.2465,101.2465,101.3433,1.5920,101.1706,101.1706,101.2659,1.6120
3.1330,100.0000,101.2183,101.2183,101.3240,1.5929,101.1430,101.1430,101.2468,1.6127
3.1340,100.0000,101.1885,101.1885,101.3028,1.5939,101.1140,101.1140,101.2261,1.6136
3.1350,100.0000,101.1571,101.1571,101.2799,1.5950,101.0834,101.0834,101.2036,1.6144
3.1360,100.0000,101.1242,101.1242,101.2554,1.5962,101.0514,101.0514,101.1796,1.6154
3.1370,100.0000,101.0898,101.0898,101.2291,1.5975,101.0181,101.0181,101.1540,1.6164
3.1380,100.0000,101.0540,101.0540,101.2013,1.5988,100.9833,100.9833,101.1268,1.6174
3.1390,100.0000,101.0168,101.0168,101.1718,1.6003,100.9473,100.9473,101.0981,1.6186
3.1400,100.0000,100.9784,100.9784,101.1408,1.6018,100.9101,100.9101,101.0679,1.6198
3.1410,100.0000,100.9386,100.9386,101.1083,1.6033,100.8717,100.8717,101.0364,1.6210
3.1420,100.0000,100.8977,100.8977,101.0744,1.6050,100.8322,100.8322,101.0034,1.6223
3.1430,100.0000,100.8557,100.8557,101.0390,1.6067,100.7917,100.7917,100.9692,1.6237
3.1440,100.0000,100.8126,100.8126,101.0024,1.6085,100.7503,100.7503,100.9337,1.6251
3.1450,100.0000,100.7685,100.7685,100.9644,1.6104,100.7079,100.7079,100.8970,1.6266
3.1460,100.0000,100.7234,100.7234,100.9252,1.6123,100.6647,100.6647,100.8592,1.6281
3.1470,100.0000,100.6776,100.6776,100.8849,1.6143,100.6207,100.6207,100.8203,1.6296
3.1480,100.0000,100.6309,100.6309,100.8434,1.6163,100.5761,100.5761,100.7804,1.6312
3.1490,100.0000,100.5836,100.5836,100.8009,1.6184,100.5309,100.5309,100.7395,1.6329
3.1500,100.0000,100.5356,100.5356,100.7574,1.6206,100.4851,89.8797,100.6978,1.6346
3.1510,100.0000,100.4870,89.7708,100.7131,1.6227,100.4393,89.9427,98.5342,1.7232
3.1520,100.0000,100.4385,89.7967,98.5246,1.7321,100.3939,90.0782,96.8159,1.7938
3.1530,100.0000,100.3906,89.8977,96.7790,1.8195,100.3492,90.2809,95.4683,1.8493
3.1540,100.0000,100.3435,90.0685,95.4028,1.8884,100.3054,90.5459,94.4309,1.8923
3.1550,100.0000,100.2977,90.3038,94.3359,1.9420,100.2628,90.8680,93.6539,1.9245
3.1560,100.0000,100.2534,90.5986,93.5295,1.9823,100.2215,91.2416,93.0967,1.9476
3.1570,100.0000,100.2106,90.9473,92.9433,2.0117,100.1817,91.6610,92.7257,1.9631
3.1580,100.0000,100.1697,91.3446,92.5441,2.0317,100.1434,92.1204,92.5127,1.9720
3.1590,100.0000,100.1306,91.7846,92.3042,2.0437,100.1067,92.6136,92.4343,1.9753
3.1600,100.0000,100.0934,92.2616,92.2003,2.0489,100.0717,93.1341,92.4701,1.9739
3.1610,100.0000,100.0582,92.7693,92.2125,2.0483,100.0382,93.6754,92.6029,1.9684
3.1620,100.0000,100.0249,93.3014,92.3239,2.0428,100.0065,94.2307,92.8174,1.9595
3.1630,100.0000,99.9937,93.8513,92.5194,2.0331,99.9764,94.7929,93.1001,1.9478
3.1640,100.0000,99.9644,94.4124,92.7858,2.0198,99.9479,95.3551,93.4386,1.9338
3.1650,100.0000,99.9370,94.9776,93.1111,2.0036,99.9210,95.9100,93.8219,1.9180
3.1660,100.0000,99.9114,95.5401,93.4844,1.9849,99.8957,96.4507,94.2395,1.9007
3.1670,100.0000,99.8877,96.0928,93.8955,1.9644,99.8720,96.9702,94.6818,1.8825
3.1680,100.0000,99.8658,96.6288,94.3350,1.9425,99.8497,97.4618,95.1395,1.8637
3.1690,100.0000,99.8455,97.1413,94.7938,1.9196,99.8289,97.9188,95.6039,1.8446
3.1700,100.0000,99.8269,97.6235,95.2633,1.8961,99.8096,98.3351,96.0669,1.8256
3.1710,100.0000,99.8099,98.0691,95.7353,1.8725,99.7916,98.7051,96.5205,1.8070
3.1720,100.0000,99.7944,98.4720,96.2021,1.8492,99.7750,99.0236,96.9575,1.7891
3.1730,100.0000,99.7804,98.8267,96.6561,1.8265,99.7598,99.2860,97.3707,1.7721
3.1740,100.0000,99.7678,99.1283,97.0902,1.8048,99.7458,99.4884,97.7537,1.7564
3.1750,100.0000,99.7565,99.3722,97.4978,1.7845,99.7332,99.6279,98.1007,1.7422
3.1760,100.0000,99.7466,99.5548,97.8727,1.7657,99.7218,99.7021,98.4061,1.7296
3.1770,100.0000,99.7379,99.6733,98.2091,1.7489,99.7117,99.7117,98.6653,1.7190
3.1780,100.0000,99.7306,99.7258,98.5019,1.7343,99.7029,99.7029,98.8746,1.7104
3.1790,100.0000,99.7245,99.7245,98.7467,1.7220,99.6954,99.6954,99.0402,1.7036
3.1800,100.0000,99.7197,99.7197,98.9423,1.7123,99.6892,99.6892,99.1713,1.6983
3.1810,100.0000,99.7161,99.7161,99.0977,1.7045,99.6843,99.6843,99.2749,1.6940
3.1820,100.0000,99.7138,99.7138,99.2214,1.6983,99.6808,99.6808,99.3568,1.6907
3.1830,100.0000,99.7128,99.7128,99.3199,1.6934,99.6787,99.6787,99.4216,1.6880
3.1840,100.0000,99.7132,99.7132,99.3985,1.6895,99.6779,99.6779,99.4730,1.6859
3.1850,100.0000,99.7149,99.7149,99.4614,1.6863,99.6786,99.6786,99.5140,1.6842
3.1860,100.0000,99.7179,99.7179,99.5121,1.6838,99.6807,99.6807,99.5469,1.6829
3.1870,100.0000,99.7223,99.7223,99.5533,1.6817,99.6843,99.6843,99.5737,1.6818
3.1880,100.0000,99.7280,99.7280,99.5871,1.6801,99.6893,99.6893,99.5958,1.6809
3.1890,100.0000,99.7352,99.7352,99.6153,1.6787,99.6958,99.6958,99.6145,1.6801
3.1900,100.0000,99.7438,99.7438,99.6392,1.6775,99.7038,99.7038,99.6308,1.6795
3.1910,100.0000,99.7538,99.7538,99.6601,1.6764,99.7132,99.7132,99.6454,1.6789
3.1920,100.0000,99.7652,99.7652,99.6789,1.6755,99.7241,99.7241,99.6589,1.6783
3.1930,100.0000,99.7780,99.7780,99.6961,1.6746,99.7365,99.7365,99.6720,1.6778
3.1940,100.0000,99.7922,99.7922,99.7125,1.6738,99.7504,99.7504,99.6849,1.6772
3.1950,100.0000,99.8078,99.8078,99.7284,1.6730,99.7657,99.7657,99.6980,1.6767
3.1960,100.0000,99.8249,99.8249,99.7443,1.6722,99.7824,99.7824,99.7115,1.6762
3.1970,100.0000,99.8433,99.8433,99.7604,1.6714,99.8006,99.8006,99.7257,1.6756
3.1980,100.0000,99.8631,99.8631,99.7770,1.6706,99.8201,99.8201,99.7407,1.6750
3.1990,100.0000,99.8842,99.8842,99.7942,1.6697,99.8410,99.8410,99.7566,1.6743
3.2000,100.0000,99.9066,99.9066,99.8122,1.6688,99.8633,99.8633,99.7735,1.6736
3.2010,100.0000,99.9303,99.9303,99.8311,1.6679,99.8869,99.8869,99.7914,1.6729
3.2020,100.0000,99.9552,99.9552,99.8509,1.6669,99.9117,99.9117,99.8105,1.6721
3.2030,100.0000,99.9814,99.9814,99.8718,1.6658,99.9377,99.9377,99.8307,1.6713
3.2040,100.0000,100.0087,100.0087,99.8937,1.6647,99.9650,99.9650,99.8521,1.6704
3.2050,100.0000,100.0372,100.0372,99.9167,1.6636,99.9933,99.9933,99.8747,1.6695
3.2060,100.0000,100.0667,100.0667,99.9408,1.6624,100.0227,100.0227,99.8984,1.6685
3.2070,100.0000,100.0973,100.0973,99.9660,1.6611,100.0532,100.0532,99.9233,1.6675
3.2080,100.0000,100.1288,100.1288,99.9922,1.6598,100.0846,100.0846,99.9493,1.6664
3.2090,100.0000,100.1612,100.1612,100.0196,1.6585,100.1170,100.1170,99.9763,1.6653
3.2100,100.0000,100.1945,100.1945,100.0479,1.6570,100.1501,100.1501,100.0045,1.6641
3.2110,100.0000,100.2286,100.2286,100.0772,1.6556,100.1841,100.1841,100.0336,1.6629
3.2120,100.0000,100.2635,100.2635,100.1075,1.6541,100.2188,100.2188,100.0637,1.6617
3.2130,100.0000,100.2990,100.2990,100.1387,1.6525,100.2541,100.2541,100.0947,1.6604
3.2140,100.0000,100.3350,100.3350,100.1708,1.6509,100.2900,100.2900,100.1266,1.6591
3.2150,100.0000,100.3717,100.3717,100.2036,1.6492,100.3264,100.3264,100.1593,1.6578
3.2160,100.0000,100.4087,100.4087,100.2372,1.6476,100.3633,100.3633,100.1927,1.6564
3.2170,100.0000,100.4461,100.4461,100.2715,1.6458,100.4005,100.4005,100.2268,1.6550
3.2180,100.0000,100.4838,100.4838,100.3064,1.6441,100.4380,100.4380,100.2616,1.6536
3.2190,100.0000,100.5218,100.5218,100.3419,1.6423,100.4756,100.4756,100.2968,1.6521
3.2200,100.0000,100.5599,100.5599,100.3779,1.6405,100.5134,100.5134,100.3326,1.6507
3.2210,100.0000,100.5980,100.5980,100.4143,1.6387,100.5513,100.5513,100.3688,1.6492
3.2220,100.0000,100.6361,100.6361,100.4510,1.6369,100.5891,100.5891,100.4053,1.6477
3.2230,100.0000,100.6742,100.6742,100.4881,1.6350,100.6267,100.6267,100.4420,1.6462
3.2240,100.0000,100.7120,100.7120,100.5253,1.6331,100.6642,100.6642,100.4790,1.6447
3.2250,100.0000,100.7496,100.7496,100.5626,1.6313,100.7014,100.7014,100.5160,1.6431
3.2260,100.0000,100.7869,100.7869,100.6000,1.6294,100.7383,100.7383,100.5531,1.6416
3.2270,100.0000,100.8237,100.8237,100.6374,1.6275,100.7747,100.7747,100.5901,1.6401
3.2280,100.0000,100.8600,100.8600,100.6747,1.6257,100.8105,100.8105,100.6270,1.6386
3.2290,100.0000,100.8958,100.8958,100.7117,1.6238,100.8458,100.8458,100.6637,1.6371
3.2300,100.0000,100.9309,100.9309,100.7485,1.6220,100.8805,100.8805,100.7002,1.6356
3.2310,100.0000,100.9652,100.9652,100.7850,1.6201,100.9143,100.9143,100.7362,1.6341
3.2320,100.0000,100.9988,100.9988,100.8210,1.6183,100.9474,100.9474,100.7718,1.6326
3.2330,100.0000,101.0314,101.0314,100.8566,1.6165,100.9795,100.9795,100.8069,1.6311
3.2340,100.0000,101.0631,101.0631,100.8915,1.6148,101.0107,101.0107,100.8415,1.6297
3.2350,100.0000,101.0938,101.0938,100.9259,1.6130,101.0409,101.0409,100.8753,1.6282
3.2360,100.0000,101.1234,101.1234,100.9594,1.6113,101.0699,101.0699,100.9084,1.6268
3.2370,100.0000,101.1518,101.1518,100.9922,1.6096,101.0978,101.0978,100.9407,1.6255
3.2380,100.0000,101.1790,101.1790,101.0241,1.6080,101.1245,101.1245,100.9721,1.6242
3.2390,100.0000,101.2049,101.2049,101.0551,1.6064,101.1498,101.1498,101.0026,1.6229
3.2400,100.0000,101.2294,101.2294,101.0851,1.6049,101.1738,101.1738,101.0321,1.6216
3.2410,100.0000,101.2525,101.2525,101.1139,1.6034,101.1964,101.1964,101.0604,1.6204
3.2420,100.0000,101.2742,101.2742,101.1416,1.6020,101.2176,101.2176,101.0876,1.6193
3.2430,100.0000,101.2943,101.2943,101.1681,1.6006,101.2372,101.2372,101.1136,1.6181
3.2440,100.0000,101.3129,101.3129,101.1934,1.5993,101.2553,101.2553,101.1383,1.6171
3.2450,100.0000,101.3298,101.3298,101.2173,1.5980,101.2718,101.2718,101.1617,1.6161
3.2460,100.0000,101.3451,101.3451,101.2398,1.5969,101.2866,101.2866,101.1837,1.6151
3.2470,100.0000,101.3587,101.3587,101.2609,1.5958,101.2998,101.2998,101.2043,1.6142
3.2480,100.0000,101.3706,101.3706,101.2804,1.5947,101.3112,101.3112,101.2234,1.6134
3.2490,100.0000,101.3807,101.3807,101.2985,1.5938,101.3210,101.3210,101.2410,1.6126
3.2500,100.0000,101.3890,101.3890,101.3149,1.5929,101.3289,101.3289,101.2570,1.6119
3.2510,100.0000,101.3955,101.3955,101.3297,1.5921,101.3351,101.3351,101.2714,1.6113
3.2520,100.0000,101.4002,101.4002,101.3429,1.5914,101.3394,101.3394,101.2841,1.6107
3.2530,100.0000,101.4030,101.4030,101.3544,1.5908,101.3420,101.3420,101.2952,1.6102
3.2540,100.0000,101.4039,101.4039,101.3641,1.5903,101.3426,101.3426,101.3045,1.6098
3.2550,100.0000,101.4029,101.4029,101.3721,1.5898,101.3415,101.3415,101.3121,1.6094
3.2560,100.0000,101.4001,101.4001,101.3782,1.5894,101.3385,101.3385,101.3180,1.6091
3.2570,100.0000,101.3953,101.3953,101.3826,1.5892,101.3336,101.3336,101.3221,1.6089
3.2580,100.0000,101.3886,101.3886,101.3851,1.5890,101.3269,101.3269,101.3244,1.6088
3.2590,100.0000,101.3801,101.3801,101.3858,1.5889,101.3183,101.3183,101.3249,1.6087
3.2600,100.0000,101.3696,101.3696,101.3847,1.5889,101.3078,101.3078,101.3236,1.6087
3.2610,100.0000,101.3572,101.3572,101.3817,1.5890,101.2956,101.2956,101.3204,1.6088
3.2620,100.0000,101.3430,101.3430,101.3768,1.5892,101.2815,101.2815,101.3155,1.6089
3.2630,100.0000,101.3270,101.3270,101.3700,1.5895,101.2656,101.2656,101.3087,1.6091
3.2640,100.0000,101.3091,101.3091,101.3614,1.5899,101.2480,101.2480,101.3001,1.6094
3.2650,100.0000,101.2893,101.2893,101.3509,1.5903,101.2286,101.2286,101.2896,1.6098
3.2660,100.0000,101.2678,101.2678,101.3386,1.5909,101.2075,101.2075,101.2774,1.6103
3.2670,100.0000,101.2446,101.2446,101.3245,1.5915,101.1847,101.1847,101.2634,1.6108
3.2680,100.0000,101.2196,101.2196,101.3085,1.5923,101.1602,101.1602,101.2477,1.6114
3.2690,100.0000,101.1930,101.1930,101.2907,1.5931,101.1341,101.1341,101.2302,1.6121
3.2700,100.0000,101.1646,101.1646,101.2712,1.5941,101.1065,101.1065,101.2110,1.6128
3.2710,100.0000,101.1347,101.1347,101.2499,1.5951,101.0773,101.0773,101.1901,1.6136
3.2720,100.0000,101.1033,101.1033,101.2268,1.5962,101.0466,101.0466,101.1675,1.6145
3.2730,100.0000,101.0703,101.0703,101.2021,1.5974,101.0145,101.0145,101.1433,1.6154
3.2740,100.0000,101.0359,101.0359,101.1758,1.5986,100.9810,100.9810,101.1176,1.6165
3.2750,100.0000,101.0000,101.0000,101.1478,1.6000,100.9462,100.9462,101.0903,1.6175
3.2760,100.0000,100.9628,100.9628,101.1182,1.6014,100.9101,100.9101,101.0615,1.6187
3.2770,100.0000,100.9243,100.9243,101.0871,1.6029,100.8729,100.8729,101.0312,1.6199
3.2780,100.0000,100.8845,100.8845,101.0546,1.6045,100.8344,100.8344,100.9995,1.6211
3.2790,100.0000,100.8436,100.8436,101.0206,1.6062,100.7949,100.7949,100.9665,1.6224
3.2800,100.0000,100.8016,100.8016,100.9852,1.6079,100.7543,100.7543,100.9322,1.6238
3.2810,100.0000,100.7585,100.7585,100.9485,1.6097,100.7128,100.7128,100.8966,1.6252
3.2820,100.0000,100.7145,100.7145,100.9105,1.6116,100.6704,100.6704,100.8598,1.6267
3.2830,100.0000,100.6695,100.6695,100.8713,1.6135,100.6272,100.6272,100.8220,1.6282
3.2840,100.0000,100.6237,100.6237,100.8309,1.6155,100.5833,100.5833,100.7830,1.6298
3.2850,100.0000,100.5772,100.5772,100.7895,1.6175,100.5386,100.5386,100.7431,1.6314
3.2860,100.0000,100.5300,100.5300,100.7470,1.6196,100.4934,89.8592,100.7022,1.6331
3.2870,100.0000,100.4821,100.4821,100.7036,1.6218,100.4481,89.8666,98.5336,1.7220
3.2880,100.0000,100.4337,89.7284,100.6593,1.6240,100.4031,89.9481,96.8002,1.7933
3.2890,100.0000,100.3854,89.7653,98.4731,1.7333,100.3588,90.0992,95.4298,1.8498
3.2900,100.0000,100.3376,89.8770,96.7316,1.8204,100.3153,90.3155,94.3637,1.8940
3.2910,100.0000,100.2907,90.0579,95.3606,1.8891,100.2730,90.5921,93.5540,1.9276
3.2920,100.0000,100.2451,90.3028,94.3001,1.9423,100.2320,90.9244,92.9616,1.9523
3.2930,100.0000,100.2009,90.6064,93.5006,1.9823,100.1924,91.3067,92.5542,1.9693
3.2940,100.0000,100.1584,90.9632,92.9218,2.0113,100.1543,91.7337,92.3047,1.9797
3.2950,100.0000,100.1176,91.3676,92.5301,2.0309,100.1177,92.1996,92.1905,1.9845
3.2960,100.0000,100.0788,91.8140,92.2976,2.0426,100.0828,92.6982,92.1923,1.9845
3.2970,100.0000,100.0418,92.2962,92.2009,2.0474,100.0496,93.2231,92.2935,1.9803
3.2980,100.0000,100.0068,92.8082,92.2199,2.0465,100.0179,93.7678,92.4794,1.9726
3.2990,100.0000,99.9738,93.3435,92.3376,2.0407,99.9880,94.3254,92.7371,1.9619
3.3000,100.0000,99.9428,93.8955,92.5388,2.0306,99.9596,94.8888,93.0548,1.9488
3.3010,100.0000,99.9137,94.4574,92.8101,2.0171,99.9329,95.4510,93.4216,1.9336
3.3020,100.0000,99.8865,95.0225,93.1396,2.0007,99.9078,96.0049,93.8275,1.9168
3.3030,100.0000,99.8612,95.5837,93.5162,1.9819,99.8842,96.5435,94.2630,1.8988
3.3040,100.0000,99.8377,96.1340,93.9297,1.9612,99.8621,97.0596,94.7191,1.8799
3.3050,100.0000,99.8160,96.6664,94.3706,1.9392,99.8415,97.5466,95.1872,1.8607
3.3060,100.0000,99.7960,97.1742,94.8297,1.9163,99.8224,97.9979,95.6590,1.8413
3.3070,100.0000,99.7776,97.6507,95.2986,1.8929,99.8046,98.4075,96.1268,1.8221
3.3080,100.0000,99.7608,98.0897,95.7691,1.8694,99.7883,98.7696,96.5829,1.8033
3.3090,100.0000,99.7455,98.4851,96.2332,1.8462,99.7732,99.0793,97.0203,1.7854
3.3100,100.0000,99.7316,98.8316,96.6836,1.8237,99.7595,99.3320,97.4321,1.7685
3.3110,100.0000,99.7192,99.1241,97.1132,1.8022,99.7470,99.5240,97.8121,1.7529
3.3120,100.0000,99.7081,99.3584,97.5153,1.7821,99.7358,99.6523,98.1544,1.7388
3.3130,100.0000,99.6984,99.5310,97.8840,1.7637,99.7259,99.7150,98.4540,1.7265
3.3140,100.0000,99.6900,99.6392,98.2134,1.7472,99.7172,99.7172,98.7062,1.7161
3.3150,100.0000,99.6828,99.6812,98.4985,1.7330,99.7098,99.7098,98.9084,1.7078
3.3160,100.0000,99.6769,99.6769,98.7351,1.7212,99.7037,99.7037,99.0687,1.7013
3.3170,100.0000,99.6723,99.6723,98.9234,1.7117,99.6988,99.6988,99.1957,1.6961
3.3180,100.0000,99.6690,99.6690,99.0732,1.7043,99.6953,99.6953,99.2963,1.6919
3.3190,100.0000,99.6669,99.6669,99.1924,1.6983,99.6931,99.6931,99.3761,1.6887
3.3200,100.0000,99.6662,99.6662,99.2873,1.6936,99.6923,99.6923,99.4395,1.6861
3.3210,100.0000,99.6668,99.6668,99.3631,1.6898,99.6928,99.6928,99.4901,1.6840
3.3220,100.0000,99.6687,99.6687,99.4238,1.6867,99.6948,99.6948,99.5306,1.6823
3.3230,100.0000,99.6720,99.6720,99.4728,1.6843,99.6982,99.6982,99.5635,1.6810
3.3240,100.0000,99.6767,99.6767,99.5126,1.6823,99.7029,99.7029,99.5904,1.6799
3.3250,100.0000,99.6827,99.6827,99.5454,1.6807,99.7091,99.7091,99.6129,1.6789
3.3260,100.0000,99.6902,99.6902,99.5729,1.6793,99.7168,99.7168,99.6322,1.6782
3.3270,100.0000,99.6990,99.6990,99.5963,1.6781,99.7259,99.7259,99.6491,1.6775
3.3280,100.0000,99.7093,99.7093,99.6169,1.6771,99.7365,99.7365,99.6645,1.6768
3.3290,100.0000,99.7210,99.7210,99.6354,1.6762,99.7486,99.7486,99.6789,1.6762
3.3300,100.0000,99.7342,99.7342,99.6525,1.6753,99.7620,99.7620,99.6928,1.6757
3.3310,100.0000,99.7487,99.7487,99.6688,1.6745,99.7769,99.7769,99.7066,1.6751
3.3320,100.0000,99.7647,99.7647,99.6848,1.6737,99.7933,99.7933,99.7207,1.6745
3.3330,100.0000,99.7820,99.7820,99.7008,1.6729,99.8111,99.8111,99.7352,1.6739
3.3340,100.0000,99.8007,99.8007,99.7170,1.6721,99.8302,99.8302,99.7504,1.6733
3.3350,100.0000,99.8208,99.8208,99.7338,1.6713,99.8507,99.8507,99.7664,1.6727
3.3360,100.0000,99.8423,99.8423,99.7512,1.6704,99.8726,99.8726,99.7832,1.6720
3.3370,100.0000,99.8650,99.8650,99.7694,1.6695,99.8957,99.8957,99.8011,1.6712
3.3380,100.0000,99.8890,99.8890,99.7885,1.6685,99.9201,99.9201,99.8200,1.6705
3.3390,100.0000,99.9143,99.9143,99.8086,1.6675,99.9458,99.9458,99.8400,1.6696
3.3400,100.0000,99.9408,99.9408,99.8298,1.6665,99.9726,99.9726,99.8612,1.6688
3.3410,100.0000,99.9684,99.9684,99.8520,1.6654,100.0006,100.0006,99.8835,1.6679
3.3420,100.0000,99.9972,99.9972,99.8753,1.6642,100.0297,100.0297,99.9069,1.6669
3.3430,100.0000,100.0271,100.0271,99.8997,1.6630,100.0599,100.0599,99.9315,1.6659
3.3440,100.0000,100.0579,100.0579,99.9251,1.6617,100.0910,100.0910,99.9572,1.6648
3.3450,100.0000,100.0898,100.0898,99.9517,1.6604,100.1230,100.1230,99.9839,1.6637
3.3460,100.0000,100.1225,100.1225,99.9793,1.6590,100.1559,100.1559,100.0117,1.6626
3.3470,100.0000,100.1561,100.1561,100.0079,1.6576,100.1897,100.1897,100.0406,1.6614
3.3480,100.0000,100.1905,100.1905,100.0376,1.6561,100.2242,100.2242,100.0704,1.6602
3.3490,100.0000,100.2256,100.2256,100.0682,1.6546,100.2593,100.2593,100.1012,1.6589
3.3500,100.0000,100.2614,100.2614,100.0997,1.6530,100.2951,100.2951,100.1328,1.6576
3.3510,100.0000,100.2978,100.2978,100.1320,1.6514,100.3314,100.3314,100.1652,1.6563
3.3520,100.0000,100.3346,100.3346,100.1652,1.6497,100.3681,100.3681,100.1985,1.6549
3.3530,100.0000,100.3719,100.3719,100.1991,1.6480,100.4053,100.4053,100.2324,1.6535
3.3540,100.0000,100.4096,100.4096,100.2336,1.6463,100.4427,100.4427,100.2670,1.6521
3.3550,100.0000,100.4476,100.4476,100.2688,1.6445,100.4804,100.4804,100.3021,1.6506
3.3560,100.0000,100.4858,100.4858,100.3046,1.6427,100.5183,100.5183,100.3378,1.6492
3.3570,100.0000,100.5241,100.5241,100.3408,1.6409,100.5562,100.5562,100.3739,1.6477
3.3580,100.0000,100.5624,100.5624,100.3775,1.6391,100.5942,100.5942,100.4104,1.6462
3.3590,100.0000,100.6008,100.6008,100.4145,1.6372,100.6320,100.6320,100.4471,1.6447
3.3600,100.0000,100.6390,100.6390,100.4517,1.6354,100.6697,100.6697,100.4841,1.6432
3.3610,100.0000,100.6770,100.6770,100.4892,1.6335,100.7072,100.7072,100.5212,1.6416
3.3620,100.0000,100.7148,100.7148,100.5267,1.6316,100.7443,100.7443,100.5584,1.6401
3.3630,100.0000,100.7522,100.7522,100.5644,1.6297,100.7811,100.7811,100.5956,1.6386
3.3640,100.0000,100.7892,100.7892,100.6019,1.6278,100.8173,100.8173,100.6327,1.6370
3.3650,100.0000,100.8257,100.8257,100.6394,1.6260,100.8531,100.8531,100.6696,1.6355
3.3660,100.0000,100.8616,100.8616,100.6766,1.6241,100.8881,100.8881,100.7063,1.6340
3.3670,100.0000,100.8968,100.8968,100.7136,1.6223,100.9225,100.9225,100.7427,1.6325
3.3680,100.0000,100.9313,100.9313,100.7503,1.6204,100.9561,100.9561,100.7786,1.6310
3.3690,100.0000,100.9649,100.9649,100.7865,1.6186,100.9888,100.9888,100.8141,1.6295
3.3700,100.0000,100.9977,100.9977,100.8222,1.6168,101.0206,101.0206,100.8491,1.6281
3.3710,100.0000,101.0295,101.0295,100.8573,1.6150,101.0514,101.0514,100.8834,1.6266
3.3720,100.0000,101.0602,101.0602,100.8917,1.6133,101.0811,101.0811,100.9170,1.6252
3.3730,100.0000,101.0899,101.0899,100.9254,1.6116,101.1097,101.1097,100.9498,1.6238
3.3740,100.0000,101.1183,101.1183,100.9583,1.6099,101.1370,101.1370,100.9818,1.6225
3.3750,100.0000,101.1456,101.1456,100.9903,1.6082,101.1632,101.1632,101.0128,1.6212
3.3760,100.0000,101.1715,101.1715,101.0214,1.6066,101.1880,101.1880,101.0429,1.6199
3.3770,100.0000,101.1960,101.1960,101.0514,1.6051,101.2114,101.2114,101.0719,1.6187
3.3780,100.0000,101.2192,101.2192,101.0803,1.6036,101.2334,101.2334,101.0998,1.6175
3.3790,100.0000,101.2409,101.2409,101.1081,1.6022,101.2539,101.2539,101.1265,1.6163
3.3800,100.0000,101.2610,101.2610,101.1346,1.6008,101.2729,101.2729,101.1520,1.6152
3.3810,100.0000,101.2796,101.2796,101.1599,1.5995,101.2902,101.2902,101.1762,1.6142
3.3820,100.0000,101.2965,101.2965,101.1838,1.5983,101.3060,101.3060,101.1990,1.6132
3.3830,100.0000,101.3118,101.3118,101.2064,1.5971,101.3201,101.3201,101.2204,1.6123
3.3840,100.0000,101.3254,101.3254,101.2275,1.5960,101.3326,101.3326,101.2403,1.6114
3.3850,100.0000,101.3372,101.3372,101.2471,1.5950,101.3432,101.3432,101.2588,1.6106
3.3860,100.0000,101.3473,101.3473,101.2651,1.5940,101.3522,101.3522,101.2757,1.6099
3.3870,100.0000,101.3556,101.3556,101.2815,1.5931,101.3593,101.3593,101.2910,1.6092
3.3880,100.0000,101.3621,101.3621,101.2964,1.5924,101.3647,101.3647,101.3046,1.6086
3.3890,100.0000,101.3667,101.3667,101.3095,1.5917,101.3682,101.3682,101.3167,1.6080
3.3900,100.0000,101.3694,101.3694,101.3209,1.5910,101.3699,101.3699,101.3270,1.6076
3.3910,100.0000,101.3703,101.3703,101.3306,1.5905,101.3697,101.3697,101.3355,1.6072
3.3920,100.0000,101.3693,101.3693,101.3386,1.5900,101.3677,101.3677,101.3424,1.6068
3.3930,100.0000,101.3664,101.3664,101.3447,1.5897,101.3638,101.3638,101.3474,1.6066
3.3940,100.0000,101.3615,101.3615,101.3490,1.5894,101.3581,101.3581,101.3507,1.6064
3.3950,100.0000,101.3548,101.3548,101.3515,1.5892,101.3505,101.3505,101.3522,1.6063
3.3960,100.0000,101.3462,101.3462,101.3522,1.5892,101.3410,101.3410,101.3518,1.6062
3.3970,100.0000,101.3357,101.3357,101.3510,1.5892,101.3297,101.3297,101.3497,1.6063
3.3980,100.0000,101.3233,101.3233,101.3479,1.5893,101.3165,101.3165,101.3457,1.6064
3.3990,100.0000,101.3090,101.3090,101.3430,1.5895,101.3016,101.3016,101.3398,1.6066
3.4000,100.0000,101.2929,101.2929,101.3362,1.5898,101.2848,101.2848,101.3322,1.6068
3.4010,100.0000,101.2749,101.2749,101.3275,1.5901,101.2663,101.2663,101.3227,1.6072
3.4020,100.0000,101.2551,101.2551,101.3170,1.5906,101.2460,101.2460,101.3114,1.6076
3.4030,100.0000,101.2336,101.2336,101.3046,1.5912,101.2240,101.2240,101.2983,1.6081
3.4040,100.0000,101.2103,101.2103,101.2904,1.5918,101.2004,101.2004,101.2835,1.6086
3.4050,100.0000,101.1853,101.1853,101.2744,1.5926,101.1750,101.1750,101.2669,1.6092
3.4060,100.0000,101.1586,101.1586,101.2566,1.5934,101.1481,101.1481,101.2485,1.6099
3.4070,100.0000,101.1302,101.1302,101.2370,1.5944,101.1196,101.1196,101.2284,1.6107
3.4080,100.0000,101.1003,101.1003,101.2156,1.5954,101.0896,101.0896,101.2067,1.6116
3.4090,100.0000,101.0688,101.0688,101.1926,1.5965,101.0581,101.0581,101.1833,1.6125
3.4100,100.0000,101.0358,101.0358,101.1678,1.5977,101.0252,101.0252,101.1582,1.6135
3.4110,100.0000,101.0013,101.0013,101.1414,1.5990,100.9909,100.9909,101.1316,1.6145
3.4120,100.0000,100.9655,100.9655,101.1134,1.6003,100.9553,100.9553,101.1035,1.6156
3.4130,100.0000,100.9282,100.9282,101.0838,1.6018,100.9185,100.9185,101.0739,1.6168
3.4140,100.0000,100.8897,100.8897,101.0527,1.6033,100.8804,100.8804,101.0428,1.6180
3.4150,100.0000,100.8500,100.8500,101.0201,1.6049,100.8413,100.8413,101.0103,1.6193
3.4160,100.0000,100.8091,100.8091,100.9861,1.6065,100.8010,100.8010,100.9765,1.6207
3.4170,100.0000,100.7671,100.7671,100.9507,1.6082,100.7598,100.7598,100.9414,1.6221
3.4180,100.0000,100.7241,100.7241,100.9140,1.6100,100.7176,100.7176,100.9051,1.6235
3.4190,100.0000,100.6801,100.6801,100.8760,1.6119,100.6745,100.6745,100.8676,1.6250
3.4200,100.0000,100.6352,100.6352,100.8368,1.6138,100.6306,100.6306,100.8290,1.6266
3.4210,100.0000,100.5895,100.5895,100.7965,1.6158,100.5860,100.5860,100.7893,1.6282
3.4220,100.0000,100.5430,100.5430,100.7551,1.6179,100.5408,100.5408,100.7486,1.6298
3.4230,100.0000,100.4958,100.4958,100.7127,1.6200,100.4950,89.8526,100.7071,1.6315
3.4240,100.0000,100.4480,100.4480,100.6693,1.6221,100.4491,89.8764,98.5362,1.7207
3.4250,100.0000,100.3997,89.7056,100.6250,1.6243,100.4035,89.9737,96.8042,1.7919
3.4260,100.0000,100.3515,89.7528,98.4412,1.7335,100.3587,90.1400,95.4381,1.8483
3.4270,100.0000,100.3038,89.8742,96.7035,1.8204,100.3147,90.3707,94.3785,1.8923
3.4280,100.0000,100.2571,90.0645,95.3376,1.8888,100.2719,90.6608,93.5769,1.9256
3.4290,100.0000,100.2116,90.3182,94.2830,1.9418,100.2304,91.0052,92.9937,1.9499
3.4300,100.0000,100.1676,90.6299,93.4900,1.9814,100.1903,91.3987,92.5960,1.9665
3.4310,100.0000,100.1252,90.9941,92.9180,2.0101,100.1517,91.8353,92.3565,1.9766
3.4320,100.0000,100.0846,91.4051,92.5332,2.0294,100.1147,92.3094,92.2523,1.9810
3.4330,100.0000,100.0459,91.8573,92.3076,2.0407,100.0793,92.8147,92.2637,1.9805
3.4340,100.0000,100.0091,92.3443,92.2175,2.0452,100.0456,93.3446,92.3739,1.9760
3.4350,100.0000,99.9742,92.8601,92.2429,2.0440,100.0135,93.8926,92.5680,1.9679
3.4360,100.0000,99.9414,93.3982,92.3663,2.0379,99.9831,94.4518,92.8330,1.9569
3.4370,100.0000,99.9105,93.9520,92.5727,2.0276,99.9543,95.0151,93.1567,1.9435
3.4380,100.0000,99.8815,94.5147,92.8486,2.0138,99.9272,95.5756,93.5284,1.9281
3.4390,100.0000,99.8544,95.0794,93.1818,1.9972,99.9016,96.1260,93.9379,1.9111
3.4400,100.0000,99.8293,95.6392,93.5613,1.9782,99.8776,96.6594,94.3755,1.8930
3.4410,100.0000,99.8059,96.1869,93.9769,1.9575,99.8551,97.1688,94.8323,1.8742
3.4420,100.0000,99.7843,96.7158,94.4189,1.9354,99.8340,97.6475,95.2996,1.8549
3.4430,100.0000,99.7643,97.2191,94.8783,1.9125,99.8144,98.0892,95.7692,1.8356
3.4440,100.0000,99.7460,97.6901,95.3464,1.8891,99.7962,98.4879,96.2332,1.8165
3.4450,100.0000,99.7293,98.1226,95.8152,1.8657,99.7794,98.8378,96.6841,1.7980
3.4460,100.0000,99.7141,98.5108,96.2767,1.8426,99.7639,99.1343,97.1149,1.7803
3.4470,100.0000,99.7003,98.8493,96.7235,1.8203,99.7497,99.3730,97.5188,1.7637
3.4480,100.0000,99.6880,99.1331,97.1487,1.7991,99.7368,99.5503,97.8896,1.7484
3.4490,100.0000,99.6770,99.3583,97.5456,1.7792,99.7251,99.6635,98.2217,1.7348
3.4500,100.0000,99.6673,99.5214,97.9081,1.7611,99.7147,99.7107,98.5101,1.7229
3.4510,100.0000,99.6590,99.6197,98.2308,1.7450,99.7056,99.7056,98.7502,1.7131
3.4520,100.0000,99.6519,99.6517,98.5086,1.7311,99.6978,99.6978,98.9413,1.7052
3.4530,100.0000,99.6461,99.6461,98.7372,1.7197,99.6912,99.6912,99.0926,1.6990
3.4540,100.0000,99.6415,99.6415,98.9190,1.7106,99.6860,99.6860,99.2123,1.6941
3.4550,100.0000,99.6383,99.6383,99.0635,1.7034,99.6820,99.6820,99.3070,1.6902
3.4560,100.0000,99.6363,99.6363,99.1784,1.6976,99.6794,99.6794,99.3820,1.6871
3.4570,100.0000,99.6357,99.6357,99.2700,1.6930,99.6782,99.6782,99.4415,1.6847
3.4580,100.0000,99.6363,99.6363,99.3431,1.6894,99.6784,99.6784,99.4889,1.6827
3.4590,100.0000,99.6384,99.6384,99.4018,1.6865,99.6800,99.6800,99.5268,1.6812
3.4600,100.0000,99.6417,99.6417,99.4491,1.6841,99.6830,99.6830,99.5574,1.6799
3.4610,100.0000,99.6465,99.6465,99.4876,1.6822,99.6874,99.6874,99.5825,1.6789
3.4620,100.0000,99.6527,99.6527,99.5194,1.6806,99.6933,99.6933,99.6035,1.6780
3.4630,100.0000,99.6603,99.6603,99.5461,1.6793,99.7006,99.7006,99.6214,1.6773
3.4640,100.0000,99.6693,99.6693,99.5689,1.6781,99.7094,99.7094,99.6373,1.6766
3.4650,100.0000,99.6797,99.6797,99.5890,1.6771,99.7197,99.7197,99.6517,1.6760
3.4660,100.0000,99.6915,99.6915,99.6071,1.6762,99.7314,99.7314,99.6653,1.6755
3.4670,100.0000,99.7048,99.7048,99.6240,1.6754,99.7445,99.7445,99.6785,1.6749
3.4680,100.0000,99.7195,99.7195,99.6402,1.6746,99.7591,99.7591,99.6917,1.6744
3.4690,100.0000,99.7356,99.7356,99.6560,1.6738,99.7752,99.7752,99.7052,1.6738
3.4700,100.0000,99.7531,99.7531,99.6719,1.6730,99.7926,99.7926,99.7192,1.6733
3.4710,100.0000,99.7719,99.7719,99.6882,1.6722,99.8115,99.8115,99.7339,1.6727
3.4720,100.0000,99.7922,99.7922,99.7049,1.6713,99.8317,99.8317,99.7494,1.6720
3.4730,100.0000,99.8138,99.8138,99.7224,1.6705,99.8532,99.8532,99.7659,1.6714
3.4740,100.0000,99.8367,99.8367,99.7407,1.6695,99.8761,99.8761,99.7833,1.6706
3.4750,100.0000,99.8608,99.8608,99.7599,1.6686,99.9002,99.9002,99.8019,1.6699
3.4760,100.0000,99.8862,99.8862,99.7801,1.6676,99.9256,99.9256,99.8215,1.6691
3.4770,100.0000,99.9129,99.9129,99.8013,1.6665,99.9521,99.9521,99.8423,1.6682
3.4780,100.0000,99.9406,99.9406,99.8236,1.6654,99.9798,99.9798,99.8643,1.6673
3.4790,100.0000,99.9695,99.9695,99.8470,1.6642,100.0086,100.0086,99.8874,1.6664
3.4800,100.0000,99.9995,99.9995,99.8715,1.6630,100.0384,100.0384,99.9116,1.6654
3.4810,100.0000,100.0305,100.0305,99.8971,1.6617,100.0692,100.0692,99.9370,1.6643
3.4820,100.0000,100.0625,100.0625,99.9238,1.6604,100.1009,100.1009,99.9634,1.6632
3.4830,100.0000,100.0953,100.0953,99.9515,1.6590,100.1335,100.1335,99.9909,1.6621
3.4840,100.0000,100.1290,100.1290,99.9803,1.6576,100.1670,100.1670,100.0195,1.6609
3.4850,100.0000,100.1635,100.1635,100.0100,1.6561,100.2011,100.2011,100.0490,1.6597
3.4860,100.0000,100.1987,100.1987,100.0407,1.6546,100.2359,100.2359,100.0794,1.6585
3.4870,100.0000,100.2346,100.2346,100.0723,1.6530,100.2714,100.2714,100.1107,1.6572
3.4880,100.0000,100.2710,100.2710,100.1048,1.6513,100.3074,100.3074,100.1428,1.6559
3.4890,100.0000,100.3080,100.3080,100.1380,1.6497,100.3438,100.3438,100.1757,1.6545
3.4900,100.0000,100.3454,100.3454,100.1720,1.6480,100.3806,100.3806,100.2094,1.6531
3.4910,100.0000,100.3831,100.3831,100.2067,1.6463,100.4177,100.4177,100.2436,1.6517
3.4920,100.0000,100.4211,100.4211,100.2420,1.6445,100.4550,100.4550,100.2784,1.6503
3.4930,100.0000,100.4594,100.4594,100.2778,1.6427,100.4925,100.4925,100.3137,1.6488
3.4940,100.0000,100.4977,100.4977,100.3141,1.6409,100.5301,100.5301,100.3495,1.6474
3.4950,100.0000,100.5361,100.5361,100.3508,1.6390,100.5677,100.5677,100.3856,1.6459
3.4960,100.0000,100.5744,100.5744,100.3879,1.6372,100.6052,100.6052,100.4220,1.6444
3.4970,100.0000,100.6127,100.6127,100.4252,1.6353,100.6425,100.6425,100.4587,1.6429
3.4980,100.0000,100.6507,100.6507,100.4627,1.6334,100.6796,100.6796,100.4954,1.6413
3.4990,100.0000,100.6885,100.6885,100.5003,1.6316,100.7164,100.7164,100.5323,1.6398
3.5000,100.0000,100.7259,100.7259,100.5379,1.6297,100.7527,100.7527,100.5691,1.6383
3.5010,100.0000,100.7629,100.7629,100.5755,1.6278,100.7886,100.7886,100.6058,1.6368
3.5020,100.0000,100.7993,100.7993,100.6130,1.6259,100.8239,100.8239,100.6424,1.6353
3.5030,100.0000,100.8352,100.8352,100.6503,1.6240,100.8586,100.8586,100.6787,1.6338
3.5040,100.0000,100.8704,100.8704,100.6873,1.6222,100.8926,100.8926,100.7147,1.6323
3.5050,100.0000,100.9048,100.9048,100.7239,1.6204,100.9258,100.9258,100.7503,1.6308
3.5060,100.0000,100.9384,100.9384,100.7601,1.6185,100.9581,100.9581,100.7854,1.6294
3.5070,100.0000,100.9711,100.9711,100.7957,1.6168,100.9895,100.9895,100.8199,1.6279
3.5080,100.0000,101.0028,101.0028,100.8308,1.6150,101.0199,101.0199,100.8538,1.6265
3.5090,100.0000,101.0335,101.0335,100.8652,1.6132,101.0492,101.0492,100.8870,1.6251
3.5100,100.0000,101.0631,101.0631,100.8989,1.6115,101.0774,101.0774,100.9195,1.6237
3.5110,100.0000,101.0914,101.0914,100.9317,1.6098,101.1044,101.1044,100.9511,1.6224
3.5120,100.0000,101.1186,101.1186,100.9637,1.6082,101.1301,101.1301,100.9817,1.6211
3.5130,100.0000,101.1444,101.1444,100.9946,1.6066,101.1545,101.1545,101.0114,1.6198
3.5140,100.0000,101.1689,101.1689,101.0246,1.6051,101.1776,101.1776,101.0400,1.6186
3.5150,100.0000,101.1919,101.1919,101.0534,1.6036,101.1992,101.1992,101.0675,1.6174
3.5160,100.0000,101.2134,101.2134,101.0811,1.6022,101.2193,101.2193,101.0939,1.6163
3.5170,100.0000,101.2335,101.2335,101.1076,1.6008,101.2378,101.2378,101.1189,1.6152
3.5180,100.0000,101.2519,101.2519,101.1328,1.5995,101.2548,101.2548,101.1427,1.6142
3.5190,100.0000,101.2687,101.2687,101.1566,1.5983,101.2702,101.2702,101.1651,1.6132
3.5200,100.0000,101.2839,101.2839,101.1790,1.5971,101.2840,101.2840,101.1862,1.6123
3.5210,100.0000,101.2973,101.2973,101.2000,1.5960,101.2960,101.2960,101.2057,1.6115
3.5220,100.0000,101.3091,101.3091,101.2195,1.5950,101.3063,101.3063,101.2238,1.6107
3.5230,100.0000,101.3190,101.3190,101.2374,1.5940,101.3149,101.3149,101.2403,1.6100
3.5240,100.0000,101.3271,101.3271,101.2537,1.5932,101.3217,101.3217,101.2552,1.6093
3.5250,100.0000,101.3335,101.3335,101.2684,1.5924,101.3267,101.3267,101.2685,1.6087
3.5260,100.0000,101.3379,101.3379,101.2814,1.5917,101.3298,101.3298,101.2801,1.6082
3.5270,100.0000,101.3405,101.3405,101.2927,1.5911,101.3312,101.3312,101.2901,1.6077
3.5280,100.0000,101.3412,101.3412,101.3023,1.5906,101.3307,101.3307,101.2983,1.6073
3.5290,100.0000,101.3401,101.3401,101.3101,1.5901,101.3283,101.3283,101.3048,1.6070
3.5300,100.0000,101.3370,101.3370,101.3161,1.5898,101.3241,101.3241,101.3095,1.6068
3.5310,100.0000,101.3320,101.3320,101.3203,1.5895,101.3180,101.3180,101.3124,1.6066
3.5320,100.0000,101.3252,101.3252,101.3226,1.5893,101.3101,101.3101,101.3135,1.6065
3.5330,100.0000,101.3164,101.3164,101.3231,1.5893,101.3003,101.3003,101.3129,1.6065
3.5340,100.0000,101.3057,101.3057,101.3218,1.5893,101.2887,101.2887,101.3103,1.6065
3.5350,100.0000,101.2932,101.2932,101.3186,1.5894,101.2753,101.2753,101.3060,1.6067
3.5360,100.0000,101.2788,101.2788,101.3135,1.5896,101.2601,101.2601,101.2999,1.6069
3.5370,100.0000,101.2625,101.2625,101.3065,1.5899,101.2430,101.2430,101.2919,1.6071
3.5380,100.0000,101.2444,101.2444,101.2977,1.5903,101.2243,101.2243,101.2821,1.6075
3.5390,100.0000,101.2245,101.2245,101.2871,1.5908,101.2037,101.2037,101.2706,1.6079
3.5400,100.0000,101.2029,101.2029,101.2746,1.5913,101.1815,101.1815,101.2572,1.6084
3.5410,100.0000,101.1795,101.1795,101.2602,1.5920,101.1576,101.1576,101.2421,1.6090
3.5420,100.0000,101.1543,101.1543,101.2441,1.5928,101.1321,101.1321,101.2252,1.6096
3.5430,100.0000,101.1275,101.1275,101.2261,1.5936,101.1049,101.1049,101.2066,1.6103
3.5440,100.0000,101.0991,101.0991,101.2064,1.5946,101.0763,101.0763,101.1862,1.6111
3.5450,100.0000,101.0690,101.0690,101.1849,1.5956,101.0461,101.0461,101.1642,1.6120
3.5460,100.0000,101.0374,101.0374,101.1618,1.5967,101.0144,101.0144,101.1406,1.6129
3.5470,100.0000,101.0043,101.0043,101.1369,1.5979,100.9813,100.9813,101.1154,1.6139
3.5480,100.0000,100.9698,100.9698,101.1104,1.5992,100.9469,100.9469,101.0886,1.6150
3.5490,100.0000,100.9339,100.9339,101.0823,1.6005,100.9112,100.9112,101.0602,1.6161
3.5500,100.0000,100.8966,100.8966,101.0526,1.6020,100.8742,100.8742,101.0304,1.6173
3.5510,100.0000,100.8581,100.8581,101.0214,1.6035,100.8360,100.8360,100.9992,1.6185
3.5520,100.0000,100.8183,100.8183,100.9887,1.6051,100.7968,100.7968,100.9666,1.6198
3.5530,100.0000,100.7774,100.7774,100.9546,1.6068,100.7564,100.7564,100.9326,1.6212
3.5540,100.0000,100.7353,100.7353,100.9192,1.6085,100.7151,100.7151,100.8974,1.6226
3.5550,100.0000,100.6923,100.6923,100.8824,1.6103,100.6728,100.6728,100.8609,1.6241
3.5560,100.0000,100.6483,100.6483,100.8444,1.6122,100.6297,100.6297,100.8233,1.6256
3.5570,100.0000,100.6034,100.6034,100.8052,1.6141,100.5858,100.5858,100.7846,1.6271
3.5580,100.0000,100.5576,100.5576,100.7648,1.6161,100.5412,100.5412,100.7448,1.6287
3.5590,100.0000,100.5112,100.5112,100.7234,1.6181,100.4960,100.4960,100.7041,1.6304
3.5600,100.0000,100.4640,100.4640,100.6809,1.6202,100.4502,89.8129,100.6625,1.6321
3.5610,100.0000,100.4163,100.4163,100.6376,1.6224,100.4043,89.8453,98.4926,1.7213
3.5620,100.0000,100.3680,89.6829,100.5933,1.6246,100.3588,89.9509,96.7631,1.7925
3.5630,100.0000,100.3199,89.7382,98.4112,1.7336,100.3139,90.1252,95.4007,1.8488
3.5640,100.0000,100.2722,89.8675,96.6766,1.8204,100.2700,90.3633,94.3456,1.8927
3.5650,100.0000,100.2256,90.0652,95.3148,1.8887,100.2273,90.6603,93.5491,1.9258
3.5660,100.0000,100.1802,90.3259,94.2649,1.9414,100.1858,91.0111,92.9714,1.9499
3.5670,100.0000,100.1362,90.6440,93.4771,1.9808,100.1458,91.4100,92.5793,1.9663
3.5680,100.0000,100.0939,91.0141,92.9105,2.0091,100.1073,91.8516,92.3454,1.9761
3.5690,100.0000,100.0534,91.4302,92.5312,2.0281,100.0704,92.3298,92.2467,1.9803
3.5700,100.0000,100.0147,91.8867,92.3110,2.0392,100.0352,92.8384,92.2633,1.9796
3.5710,100.0000,99.9780,92.3774,92.2261,2.0435,100.0016,93.3708,92.3783,1.9749
3.5720,100.0000,99.9433,92.8962,92.2564,2.0420,99.9696,93.9204,92.5768,1.9666
3.5730,100.0000,99.9105,93.4364,92.3844,2.0356,99.9393,94.4803,92.8455,1.9555
3.5740,100.0000,99.8797,93.9915,92.5948,2.0252,99.9107,95.0435,93.1725,1.9419
3.5750,100.0000,99.8508,94.5545,92.8741,2.0112,99.8836,95.6028,93.5467,1.9264
3.5760,100.0000,99.8238,95.1188,93.2102,1.9945,99.8582,96.1514,93.9579,1.9093
3.5770,100.0000,99.7987,95.6773,93.5919,1.9754,99.8343,96.6821,94.3966,1.8912
3.5780,100.0000,99.7754,96.2230,94.0090,1.9546,99.8119,97.1878,94.8537,1.8723
3.5790,100.0000,99.7538,96.7490,94.4518,1.9325,99.7910,97.6622,95.3205,1.8530
3.5800,100.0000,99.7339,97.2485,94.9112,1.9095,99.7715,98.0988,95.7889,1.8337
3.5810,100.0000,99.7157,97.7150,95.3787,1.8862,99.7534,98.4916,96.2508,1.8147
3.5820,100.0000,99.6990,98.1424,95.8459,1.8628,99.7367,98.8353,96.6990,1.7963
3.5830,100.0000,99.6838,98.5248,96.3052,1.8399,99.7213,99.1250,97.1263,1.7787
3.5840,100.0000,99.6701,98.8568,96.7491,1.8177,99.7072,99.3564,97.5260,1.7622
3.5850,100.0000,99.6578,99.1339,97.1707,1.7966,99.6945,99.5262,97.8921,1.7472
3.5860,100.0000,99.6469,99.3517,97.5633,1.7770,99.6829,99.6316,98.2189,1.7337
3.5870,100.0000,99.6373,99.5072,97.9210,1.7591,99.6727,99.6709,98.5014,1.7221
3.5880,100.0000,99.6289,99.5977,98.2382,1.7433,99.6637,99.6637,98.7353,1.7125
3.5890,100.0000,99.6219,99.6219,98.5101,1.7297,99.6560,99.6560,98.9210,1.7049
3.5900,100.0000,99.6161,99.6161,98.7325,1.7186,99.6496,99.6496,99.0680,1.6988
3.5910,100.0000,99.6116,99.6116,98.9092,1.7098,99.6445,99.6445,99.1843,1.6940
3.5920,100.0000,99.6084,99.6084,99.0497,1.7027,99.6408,99.6408,99.2764,1.6902
3.5930,100.0000,99.6065,99.6065,99.1614,1.6972,99.6384,99.6384,99.3493,1.6872
3.5940,100.0000,99.6059,99.6059,99.2505,1.6927,99.6373,99.6373,99.4071,1.6849
3.5950,100.0000,99.6067,99.6067,99.3215,1.6892,99.6377,99.6377,99.4531,1.6830
3.5960,100.0000,99.6088,99.6088,99.3786,1.6863,99.6395,99.6395,99.4901,1.6815
3.5970,100.0000,99.6123,99.6123,99.4246,1.6840,99.6427,99.6427,99.5199,1.6802
3.5980,100.0000,99.6171,99.6171,99.4622,1.6821,99.6473,99.6473,99.5445,1.6792
3.5990,100.0000,99.6234,99.6234,99.4931,1.6806,99.6534,99.6534,99.5650,1.6784
3.6000,100.0000,99.6311,99.6311,99.5192,1.6793,99.6609,99.6609,99.5827,1.6777
3.6010,100.0000,99.6401,99.6401,99.5416,1.6782,99.6699,99.6699,99.5984,1.6770
3.6020,100.0000,99.6507,99.6507,99.5613,1.6772,99.6804,99.6804,99.6127,1.6764
3.6030,100.0000,99.6626,99.6626,99.5791,1.6763,99.6924,99.6924,99.6262,1.6759
3.6040,100.0000,99.6760,99.6760,99.5958,1.6755,99.7057,99.7057,99.6395,1.6753
3.6050,100.0000,99.6908,99.6908,99.6119,1.6747,99.7206,99.7206,99.6527,1.6748
3.6060,100.0000,99.7070,99.7070,99.6276,1.6739,99.7369,99.7369,99.6663,1.6742
3.6070,100.0000,99.7246,99.7246,99.6435,1.6731,99.7545,99.7545,99.6804,1.6736
3.6080,100.0000,99.7436,99.7436,99.6597,1.6723,99.7736,99.7736,99.6952,1.6730
3.6090,100.0000,99.7639,99.7639,99.6765,1.6714,99.7940,99.7940,99.7109,1.6724
3.6100,100.0000,99.7856,99.7856,99.6940,1.6706,99.8158,99.8158,99.7275,1.6717
3.6110,100.0000,99.8086,99.8086,99.7123,1.6697,99.8389,99.8389,99.7452,1.6710
3.6120,100.0000,99.8329,99.8329,99.7316,1.6687,99.8633,99.8633,99.7639,1.6702
3.6130,100.0000,99.8584,99.8584,99.7518,1.6677,99.8888,99.8888,99.7838,1.6694
3.6140,100.0000,99.8852,99.8852,99.7732,1.6666,99.9156,99.9156,99.8048,1.6685
3.6150,100.0000,99.9130,99.9130,99.7956,1.6655,99.9435,99.9435,99.8270,1.6676
3.6160,100.0000,99.9421,99.9421,99.8191,1.6643,99.9725,99.9725,99.8503,1.6667
3.6170,100.0000,99.9721,99.9721,99.8437,1.6631,100.0026,100.0026,99.8747,1.6657
3.6180,100.0000,100.0032,100.0032,99.8693,1.6618,100.0336,100.0336,99.9003,1.6646
3.6190,100.0000,100.0353,100.0353,99.8961,1.6605,100.0655,100.0655,99.9269,1.6635
3.6200,100.0000,100.0683,100.0683,99.9240,1.6591,100.0983,100.0983,99.9547,1.6624
3.6210,100.0000,100.1021,100.1021,99.9528,1.6576,100.1320,100.1320,99.9834,1.6612
3.6220,100.0000,100.1366,100.1366,99.9827,1.6561,100.1663,100.1663,100.0131,1.6600
3.6230,100.0000,100.1719,100.1719,100.0135,1.6546,100.2013,100.2013,100.0437,1.6587
3.6240,100.0000,100.2079,100.2079,100.0452,1.6530,100.2369,100.2369,100.0753,1.6574
3.6250,100.0000,100.2444,100.2444,100.0777,1.6514,100.2731,100.2731,100.1076,1.6561
3.6260,100.0000,100.2814,100.2814,100.1110,1.6497,100.3097,100.3097,100.1407,1.6547
3.6270,100.0000,100.3188,100.3188,100.1451,1.6480,100.3467,100.3467,100.1745,1.6533
3.6280,100.0000,100.3566,100.3566,100.1799,1.6463,100.3839,100.3839,100.2089,1.6519
3.6290,100.0000,100.3947,100.3947,100.2152,1.6445,100.4214,100.4214,100.2439,1.6505
3.6300,100.0000,100.4330,100.4330,100.2511,1.6427,100.4591,100.4591,100.2794,1.6490
3.6310,100.0000,100.4714,100.4714,100.2875,1.6409,100.4968,100.4968,100.3154,1.6475
3.6320,100.0000,100.5098,100.5098,100.3243,1.6391,100.5345,100.5345,100.3517,1.6460
3.6330,100.0000,100.5482,100.5482,100.3614,1.6372,100.5722,100.5722,100.3882,1.6445
3.6340,100.0000,100.5865,100.5865,100.3987,1.6353,100.6096,100.6096,100.4250,1.6430
3.6350,100.0000,100.6245,100.6245,100.4363,1.6335,100.6468,100.6468,100.4619,1.6415
3.6360,100.0000,100.6623,100.6623,100.4739,1.6316,100.6837,100.6837,100.4989,1.6400
3.6370,100.0000,100.6997,100.6997,100.5116,1.6297,100.7201,100.7201,100.5359,1.6384
3.6380,100.0000,100.7367,100.7367,100.5492,1.6278,100.7561,100.7561,100.5727,1.6369
3.6390,100.0000,100.7732,100.7732,100.5867,1.6259,100.7915,100.7915,100.6094,1.6354
3.6400,100.0000,100.8090,100.8090,100.6240,1.6241,100.8263,100.8263,100.6458,1.6339
3.6410,100.0000,100.8442,100.8442,100.6610,1.6222,100.8603,100.8603,100.6819,1.6324
3.6420,100.0000,100.8786,100.8786,100.6977,1.6204,100.8936,100.8936,100.7176,1.6309
3.6430,100.0000,100.9122,100.9122,100.7338,1.6185,100.9260,100.9260,100.7528,1.6295
3.6440,100.0000,100.9448,100.9448,100.7695,1.6168,100.9574,100.9574,100.7874,1.6280
3.6450,100.0000,100.9765,100.9765,100.8046,1.6150,100.9878,100.9878,100.8214,1.6266
3.6460,100.0000,101.0072,101.0072,100.8390,1.6132,101.0172,101.0172,100.8547,1.6252
3.6470,100.0000,101.0367,101.0367,100.8726,1.6115,101.0454,101.0454,100.8872,1.6238
3.6480,100.0000,101.0650,101.0650,100.9054,1.6098,101.0724,101.0724,100.9189,1.6225
3.6490,100.0000,101.0921,101.0921,100.9373,1.6082,101.0982,101.0982,100.9496,1.6212
3.6500,100.0000,101.1179,101.1179,100.9683,1.6066,101.1226,101.1226,100.9793,1.6199
3.6510,100.0000,101.1423,101.1423,100.9982,1.6051,101.1456,101.1456,101.0080,1.6187
3.6520,100.0000,101.1652,101.1652,101.0270,1.6036,101.1672,101.1672,101.0355,1.6175
3.6530,100.0000,101.1867,101.1867,101.0547,1.6022,101.1873,101.1873,101.0618,1.6164
3.6540,100.0000,101.2067,101.2067,101.0811,1.6008,101.2059,101.2059,101.0869,1.6153
3.6550,100.0000,101.2251,101.2251,101.1062,1.5995,101.2229,101.2229,101.1107,1.6143
3.6560,100.0000,101.2418,101.2418,101.1300,1.5983,101.2383,101.2383,101.1332,1.6133
3.6570,100.0000,101.2569,101.2569,101.1523,1.5971,101.2520,101.2520,101.1542,1.6124
3.6580,100.0000,101.2703,101.2703,101.1733,1.5960,101.2640,101.2640,101.1737,1.6115
3.6590,100.0000,101.2819,101.2819,101.1927,1.5950,101.2743,101.2743,101.1918,1.6108
3.6600,100.0000,101.2917,101.2917,101.2105,1.5941,101.2828,101.2828,101.2083,1.6100
3.6610,100.0000,101.2998,101.2998,101.2268,1.5932,101.2896,101.2896,101.2232,1.6094
3.6620,100.0000,101.3060,101.3060,101.2414,1.5925,101.2945,101.2945,101.2365,1.6088
3.6630,100.0000,101.3104,101.3104,101.2543,1.5918,101.2977,101.2977,101.2481,1.6083
3.6640,100.0000,101.3129,101.3129,101.2655,1.5912,101.2990,101.2990,101.2580,1.6078
3.6650,100.0000,101.3135,101.3135,101.2750,1.5906,101.2984,101.2984,101.2662,1.6074
3.6660,100.0000,101.3123,101.3123,101.2827,1.5902,101.2960,101.2960,101.2726,1.6071
3.6670,100.0000,101.3091,101.3091,101.2886,1.5899,101.2918,101.2918,101.2773,1.6068
3.6680,100.0000,101.3041,101.3041,101.2927,1.5896,101.2857,101.2857,101.2802,1.6067
3.6690,100.0000,101.2971,101.2971,101.2950,1.5894,101.2777,101.2777,101.2813,1.6066
3.6700,100.0000,101.2883,101.2883,101.2954,1.5894,101.2679,101.2679,101.2806,1.6066
3.6710,100.0000,101.2775,101.2775,101.2940,1.5894,101.2562,101.2562,101.2780,1.6066
3.6720,100.0000,101.2649,101.2649,101.2907,1.5895,101.2428,101.2428,101.2737,1.6067
3.6730,100.0000,101.2504,101.2504,101.2855,1.5897,101.2275,101.2275,101.2675,1.6070
3.6740,100.0000,101.2341,101.2341,101.2785,1.5900,101.2104,101.2104,101.2595,1.6072
3.6750,100.0000,101.2159,101.2159,101.2696,1.5904,101.1916,101.1916,101.2497,1.6076
3.6760,100.0000,101.1959,101.1959,101.2589,1.5909,101.1711,101.1711,101.2381,1.6080
3.6770,100.0000,101.1742,101.1742,101.2463,1.5915,101.1488,101.1488,101.2247,1.6085
3.6780,100.0000,101.1507,101.1507,101.2319,1.5922,101.1249,101.1249,101.2095,1.6091
3.6790,100.0000,101.1255,101.1255,101.2156,1.5929,101.0993,101.0993,101.1926,1.6097
3.6800,100.0000,101.0987,101.0987,101.1976,1.5938,101.0722,101.0722,101.1739,1.6105
3.6810,100.0000,101.0702,101.0702,101.1778,1.5947,101.0435,101.0435,101.1536,1.6113
3.6820,100.0000,101.0401,101.0401,101.1563,1.5957,101.0133,101.0133,101.1316,1.6121
3.6830,100.0000,101.0085,101.0085,101.1331,1.5969,100.9816,100.9816,101.1079,1.6130
3.6840,100.0000,100.9753,100.9753,101.1081,1.5981,100.9485,100.9485,101.0826,1.6140
3.6850,100.0000,100.9408,100.9408,101.0816,1.5994,100.9141,100.9141,101.0558,1.6151
3.6860,100.0000,100.9048,100.9048,101.0534,1.6007,100.8784,100.8784,101.0275,1.6162
3.6870,100.0000,100.8675,100.8675,101.0237,1.6022,100.8414,100.8414,100.9977,1.6174
3.6880,100.0000,100.8289,100.8289,100.9925,1.6037,100.8033,100.8033,100.9664,1.6187
3.6890,100.0000,100.7891,100.7891,100.9597,1.6053,100.7640,100.7640,100.9338,1.6200
3.6900,100.0000,100.7482,100.7482,100.9256,1.6070,100.7237,100.7237,100.8998,1.6213
3.6910,100.0000,100.7062,100.7062,100.8901,1.6087,100.6824,100.6824,100.8646,1.6227
3.6920,100.0000,100.6631,100.6631,100.8533,1.6105,100.6402,100.6402,100.8282,1.6242
3.6930,100.0000,100.6191,100.6191,100.8153,1.6124,100.5971,100.5971,100.7906,1.6257
3.6940,100.0000,100.5742,100.5742,100.7761,1.6143,100.5533,100.5533,100.7519,1.6273
3.6950,100.0000,100.5285,100.5285,100.7357,1.6163,100.5088,100.5088,100.7122,1.6289
3.6960,100.0000,100.4821,100.4821,100.6943,1.6183,100.4636,100.4636,100.6715,1.6305
3.6970,100.0000,100.4350,100.4350,100.6518,1.6204,100.4178,89.7878,100.6299,1.6322
3.6980,100.0000,100.3873,100.3873,100.6085,1.6226,100.3720,89.8273,98.4615,1.7215
3.6990,100.0000,100.3391,89.6621,100.5642,1.6248,100.3266,89.9398,96.7346,1.7927
3.7000,100.0000,100.2910,89.7237,98.3838,1.7338,100.2819,90.1206,95.3757,1.8489
3.7010,100.0000,100.2435,89.8590,96.6518,1.8204,100.2381,90.3649,94.3247,1.8926
3.7020,100.0000,100.1969,90.0624,95.2932,1.8885,100.1954,90.6677,93.5327,1.9256
3.7030,100.0000,100.1515,90.3284,94.2471,1.9410,100.1541,91.0237,92.9597,1.9495
3.7040,100.0000,100.1077,90.6515,93.4633,1.9802,100.1142,91.4274,92.5725,1.9657
3.7050,100.0000,100.0654,91.0259,92.9010,2.0084,100.0759,91.8730,92.3435,1.9753
3.7060,100.0000,100.0250,91.4460,92.5260,2.0272,100.0391,92.3546,92.2494,1.9793
3.7070,100.0000,99.9864,91.9059,92.3100,2.0380,100.0040,92.8659,92.2704,1.9785
3.7080,100.0000,99.9498,92.3994,92.2291,2.0421,99.9705,93.4004,92.3895,1.9736
3.7090,100.0000,99.9151,92.9203,92.2632,2.0404,99.9387,93.9513,92.5917,1.9652
3.7100,100.0000,99.8824,93.4621,92.3946,2.0339,99.9085,94.5118,92.8636,1.9538
3.7110,100.0000,99.8517,94.0180,92.6081,2.0232,99.8800,95.0748,93.1933,1.9401
3.7120,100.0000,99.8229,94.5814,92.8901,2.0092,99.8531,95.6332,93.5696,1.9245
3.7130,100.0000,99.7960,95.1453,93.2283,1.9923,99.8277,96.1801,93.9823,1.9074
3.7140,100.0000,99.7710,95.7027,93.6117,1.9732,99.8039,96.7082,94.4219,1.8892
3.7150,100.0000,99.7477,96.2466,94.0299,1.9523,99.7817,97.2109,94.8791,1.8703
3.7160,100.0000,99.7262,96.7702,94.4733,1.9301,99.7609,97.6815,95.3455,1.8510
3.7170,100.0000,99.7064,97.2668,94.9327,1.9072,99.7415,98.1137,95.8127,1.8318
3.7180,100.0000,99.6882,97.7299,95.3995,1.8839,99.7236,98.5016,96.2729,1.8128
3.7190,100.0000,99.6716,98.1532,95.8656,1.8606,99.7070,98.8398,96.7186,1.7944
3.7200,100.0000,99.6565,98.5310,96.3231,1.8377,99.6917,99.1235,97.1429,1.7770
3.7210,100.0000,99.6428,98.8581,96.7647,1.8157,99.6777,99.3486,97.5390,1.7606
3.7220,100.0000,99.6306,99.1298,97.1834,1.7948,99.6651,99.5118,97.9009,1.7457
3.7230,100.0000,99.6197,99.3420,97.5726,1.7753,99.6537,99.6105,98.2231,1.7325
3.7240,100.0000,99.6101,99.4916,97.9265,1.7576,99.6435,99.6430,98.5006,1.7210
3.7250,100.0000,99.6018,99.5762,98.2395,1.7420,99.6347,99.6347,98.7291,1.7116
3.7260,100.0000,99.5948,99.5948,98.5069,1.7286,99.6271,99.6271,98.9102,1.7042
3.7270,100.0000,99.5891,99.5891,98.7244,1.7177,99.6208,99.6208,99.0536,1.6983
3.7280,100.0000,99.5846,99.5846,98.8974,1.7091,99.6159,99.6159,99.1670,1.6936
3.7290,100.0000,99.5815,99.5815,99.0348,1.7022,99.6122,99.6122,99.2568,1.6899
3.7300,100.0000,99.5797,99.5797,99.1442,1.6968,99.6099,99.6099,99.3279,1.6870
3.7310,100.0000,99.5791,99.5791,99.2313,1.6924,99.6090,99.6090,99.3843,1.6847
3.7320,100.0000,99.5800,99.5800,99.3008,1.6889,99.6096,99.6096,99.4292,1.6828
3.7330,100.0000,99.5821,99.5821,99.3567,1.6862,99.6115,99.6115,99.4653,1.6813
3.7340,100.0000,99.5857,99.5857,99.4018,1.6839,99.6148,99.6148,99.4945,1.6801
3.7350,100.0000,99.5906,99.5906,99.4385,1.6821,99.6196,99.6196,99.5186,1.6792
3.7360,100.0000,99.5970,99.5970,99.4690,1.6806,99.6258,99.6258,99.5388,1.6783
3.7370,100.0000,99.6047,99.6047,99.4946,1.6793,99.6335,99.6335,99.5562,1.6776
3.7380,100.0000,99.6139,99.6139,99.5166,1.6782,99.6427,99.6427,99.5717,1.6770
3.7390,100.0000,99.6245,99.6245,99.5360,1.6772,99.6533,99.6533,99.5859,1.6764
3.7400,100.0000,99.6366,99.6366,99.5537,1.6763,99.6654,99.6654,99.5993,1.6758
3.7410,100.0000,99.6500,99.6500,99.5703,1.6755,99.6789,99.6789,99.6126,1.6753
3.7420,100.0000,99.6649,99.6649,99.5862,1.6747,99.6939,99.6939,99.6258,1.6748
3.7430,100.0000,99.6812,99.6812,99.6020,1.6739,99.7104,99.7104,99.6395,1.6742
3.7440,100.0000,99.6989,99.6989,99.6178,1.6731,99.7282,99.7282,99.6536,1.6736
3.7450,100.0000,99.7180,99.7180,99.6340,1.6723,99.7474,99.7474,99.6685,1.6730
3.7460,100.0000,99.7384,99.7384,99.6508,1.6715,99.7680,99.7680,99.6843,1.6724
3.7470,100.0000,99.7602,99.7602,99.6684,1.6706,99.7899,99.7899,99.7011,1.6717
3.7480,100.0000,99.7833,99.7833,99.6867,1.6697,99.8132,99.8132,99.7188,1.6709
3.7490,100.0000,99.8077,99.8077,99.7060,1.6687,99.8377,99.8377,99.7377,1.6702
3.7500,100.0000,99.8333,99.8333,99.7264,1.6677,99.8634,99.8634,99.7577,1.6693
3.7510,100.0000,99.8602,99.8602,99.7478,1.6666,99.8903,99.8903,99.7788,1.6685
3.7520,100.0000,99.8881,99.8881,99.7702,1.6655,99.9184,99.9184,99.8011,1.6675
3.7530,100.0000,99.9172,99.9172,99.7938,1.6643,99.9475,99.9475,99.8246,1.6666
3.7540,100.0000,99.9474,99.9474,99.8185,1.6631,99.9777,99.9777,99.8492,1.6656
3.7550,100.0000,99.9786,99.9786,99.8443,1.6618,100.0088,100.0088,99.8749,1.6645
3.7560,100.0000,100.0107,100.0107,99.8712,1.6605,100.0409,100.0409,99.9016,1.6634
3.7570,100.0000,100.0438,100.0438,99.8991,1.6591,100.0738,100.0738,99.9295,1.6623
3.7580,100.0000,100.0777,100.0777,99.9280,1.6576,100.1075,100.1075,99.9584,1.6611
3.7590,100.0000,100.1123,100.1123,99.9579,1.6561,100.1420,100.1420,99.9882,1.6598
3.7600,100.0000,100.1477,100.1477,99.9888,1.6546,100.1771,100.1771,100.0189,1.6586
3.7610,100.0000,100.1837,100.1837,100.0206,1.6530,100.2128,100.2128,100.0506,1.6573
3.7620,100.0000,100.2203,100.2203,100.0532,1.6514,100.2490,100.2490,100.0830,1.6559
3.7630,100.0000,100.2574,100.2574,100.0866,1.6497,100.2857,100.2857,100.1162,1.6546
3.7640,100.0000,100.2949,100.2949,100.1208,1.6480,100.3228,100.3228,100.1501,1.6532
3.7650,100.0000,100.3327,100.3327,100.1556,1.6463,100.3601,100.3601,100.1847,1.6517
3.7660,100.0000,100.3708,100.3708,100.1910,1.6445,100.3977,100.3977,100.2197,1.6503
3.7670,100.0000,100.4091,100.4091,100.2270,1.6427,100.4354,100.4354,100.2553,1.6488
3.7680,100.0000,100.4476,100.4476,100.2634,1.6409,100.4732,100.4732,100.2914,1.6473
3.7690,100.0000,100.4860,100.4860,100.3002,1.6390,100.5109,100.5109,100.3277,1.6458
3.7700,100.0000,100.5245,100.5245,100.3374,1.6372,100.5486,100.5486,100.3644,1.6443
3.7710,100.0000,100.5628,100.5628,100.3748,1.6353,100.5861,100.5861,100.4012,1.6428
3.7720,100.0000,100.6009,100.6009,100.4124,1.6334,100.6233,100.6233,100.4382,1.6413
3.7730,100.0000,100.6387,100.6387,100.4501,1.6315,100.6602,100.6602,100.4752,1.6398
3.7740,100.0000,100.6761,100.6761,100.4878,1.6296,100.6966,100.6966,100.5122,1.6382
3.7750,100.0000,100.7131,100.7131,100.5255,1.6277,100.7326,100.7326,100.5491,1.6367
3.7760,100.0000,100.7495,100.7495,100.5630,1.6259,100.7680,100.7680,100.5858,1.6352
3.7770,100.0000,100.7854,100.7854,100.6003,1.6240,100.8028,100.8028,100.6222,1.6337
3.7780,100.0000,100.8205,100.8205,100.6373,1.6221,100.8368,100.8368,100.6583,1.6322
3.7790,100.0000,100.8549,100.8549,100.6740,1.6203,100.8700,100.8700,100.6940,1.6307
3.7800,100.0000,100.8885,100.8885,100.7102,1.6185,100.9024,100.9024,100.7292,1.6292
3.7810,100.0000,100.9212,100.9212,100.7458,1.6167,100.9338,100.9338,100.7639,1.6278
3.7820,100.0000,100.9528,100.9528,100.7809,1.6149,100.9642,100.9642,100.7979,1.6264
3.7830,100.0000,100.9834,100.9834,100.8153,1.6132,100.9935,100.9935,100.8311,1.6250
3.7840,100.0000,101.0129,101.0129,100.8489,1.6115,101.0217,101.0217,100.8636,1.6236
3.7850,100.0000,101.0412,101.0412,100.8817,1.6098,101.0486,101.0486,100.8952,1.6223
3.7860,100.0000,101.0683,101.0683,100.9136,1.6082,101.0743,101.0743,100.9259,1.6210
3.7870,100.0000,101.0940,101.0940,100.9445,1.6066,101.0987,101.0987,100.9556,1.6197
3.7880,100.0000,101.1184,101.1184,100.9744,1.6050,101.1216,101.1216,100.9842,1.6185
3.7890,100.0000,101.1413,101.1413,101.0032,1.6036,101.1432,101.1432,101.0117,1.6173
3.7900,100.0000,101.1627,101.1627,101.0308,1.6022,101.1632,101.1632,101.0380,1.6162
3.7910,100.0000,101.1826,101.1826,101.0572,1.6008,101.1817,101.1817,101.0630,1.6151
3.7920,100.0000,101.2010,101.2010,101.0823,1.5995,101.1986,101.1986,101.0867,1.6141
3.7930,100.0000,101.2176,101.2176,101.1060,1.5983,101.2139,101.2139,101.1091,1.6131
3.7940,100.0000,101.2327,101.2327,101.1283,1.5971,101.2275,101.2275,101.1301,1.6122
3.7950,100.0000,101.2460,101.2460,101.1492,1.5960,101.2394,101.2394,101.1496,1.6114
3.7960,100.0000,101.2575,101.2575,101.1686,1.5950,101.2496,101.2496,101.1675,1.6106
3.7970,100.0000,101.2673,101.2673,101.1864,1.5941,101.2580,101.2580,101.1839,1.6099
3.7980,100.0000,101.2753,101.2753,101.2026,1.5932,101.2647,101.2647,101.1987,1.6092
3.7990,100.0000,101.2815,101.2815,101.2171,1.5924,101.2695,101.2695,101.2119,1.6086
3.8000,100.0000,101.2858,101.2858,101.2300,1.5918,101.2726,101.2726,101.2235,1.6081
3.8010,100.0000,101.2883,101.2883,101.2411,1.5912,101.2738,101.2738,101.2333,1.6076
3.8020,100.0000,101.2888,101.2888,101.2506,1.5906,101.2731,101.2731,101.2414,1.6073
3.8030,100.0000,101.2875,101.2875,101.2582,1.5902,101.2706,101.2706,101.2477,1.6069
3.8040,100.0000,101.2843,101.2843,101.2641,1.5899,101.2663,101.2663,101.2523,1.6067
3.8050,100.0000,101.2792,101.2792,101.2681,1.5896,101.2600,101.2600,101.2551,1.6065
3.8060,100.0000,101.2721,101.2721,101.2703,1.5895,101.2520,101.2520,101.2561,1.6065
3.8070,100.0000,101.2632,101.2632,101.2707,1.5894,101.2421,101.2421,101.2553,1.6064
3.8080,100.0000,101.2524,101.2524,101.2692,1.5894,101.2303,101.2303,101.2526,1.6065
3.8090,100.0000,101.2397,101.2397,101.2658,1.5895,101.2168,101.2168,101.2482,1.6066
3.8100,100.0000,101.2252,101.2252,101.2606,1.5897,101.2014,101.2014,101.2419,1.6068
3.8110,100.0000,101.2088,101.2088,101.2535,1.5900,101.1842,101.1842,101.2338,1.6071
3.8120,100.0000,101.1906,101.1906,101.2446,1.5904,101.1653,101.1653,101.2239,1.6075
3.8130,100.0000,101.1706,101.1706,101.2338,1.5909,101.1447,101.1447,101.2122,1.6079
3.8140,100.0000,101.1488,101.1488,101.2211,1.5915,101.1223,101.1223,101.1987,1.6084
3.8150,100.0000,101.1252,101.1252,101.2067,1.5922,101.0983,101.0983,101.1834,1.6090
3.8160,100.0000,101.1000,101.1000,101.1904,1.5930,101.0727,101.0727,101.1664,1.6097
3.8170,100.0000,101.0731,101.0731,101.1723,1.5938,101.0455,101.0455,101.1476,1.6104
3.8180,100.0000,101.0446,101.0446,101.1525,1.5948,101.0167,101.0167,101.1272,1.6112
3.8190,100.0000,101.0145,101.0145,101.1309,1.5958,100.9864,100.9864,101.1051,1.6121
3.8200,100.0000,100.9828,100.9828,101.1076,1.5969,100.9547,100.9547,101.0814,1.6130
3.8210,100.0000,100.9496,100.9496,101.0826,1.5981,100.9216,100.9216,101.0560,1.6140
3.8220,100.0000,100.9151,100.9151,101.0560,1.5994,100.8871,100.8871,101.0291,1.6151
3.8230,100.0000,100.8791,100.8791,101.0278,1.6008,100.8513,100.8513,101.0007,1.6162
3.8240,100.0000,100.8418,100.8418,100.9981,1.6022,100.8143,100.8143,100.9708,1.6174
3.8250,100.0000,100.8032,100.8032,100.9668,1.6038,100.7761,100.7761,100.9395,1.6186
3.8260,100.0000,100.7634,100.7634,100.9341,1.6054,100.7368,100.7368,100.9069,1.6199
3.8270,100.0000,100.7225,100.7225,100.9000,1.6070,100.6965,100.6965,100.8728,1.6213
3.8280,100.0000,100.6804,100.6804,100.8645,1.6088,100.6552,100.6552,100.8376,1.6227
3.8290,100.0000,100.6374,100.6374,100.8277,1.6106,100.6129,100.6129,100.8011,1.6242
3.8300,100.0000,100.5934,100.5934,100.7896,1.6125,100.5699,100.5699,100.7635,1.6257
3.8310,100.0000,100.5485,100.5485,100.7504,1.6144,100.5260,100.5260,100.7247,1.6273
3.8320,100.0000,100.5029,100.5029,100.7100,1.6164,100.4815,100.4815,100.6850,1.6289
3.8330,100.0000,100.4565,100.4565,100.6686,1.6184,100.4363,100.4363,100.6443,1.6305
3.8340,100.0000,100.4094,100.4094,100.6262,1.6205,100.3906,89.7655,100.6027,1.6322
3.8350,100.0000,100.3617,100.3617,100.5828,1.6227,100.3448,89.8107,98.4353,1.7215
3.8360,100.0000,100.3136,89.6431,100.5386,1.6249,100.2994,89.9287,96.7104,1.7927
3.8370,100.0000,100.2655,89.7093,98.3595,1.7338,100.2547,90.1147,95.3540,1.8489
3.8380,100.0000,100.2180,89.8491,96.6294,1.8204,100.2110,90.3639,94.3061,1.8925
3.8390,100.0000,100.1715,90.0567,95.2734,1.8883,100.1684,90.6712,93.5177,1.9254
3.8400,100.0000,100.1262,90.3266,94.2300,1.9407,100.1271,91.0313,92.9484,1.9492
3.8410,100.0000,100.0824,90.6533,93.4494,1.9797,100.0873,91.4386,92.5650,1.9652
3.8420,100.0000,100.0402,91.0309,92.8901,2.0077,100.0490,91.8875,92.3397,1.9747
3.8430,100.0000,99.9999,91.4539,92.5183,2.0264,100.0123,92.3717,92.2493,1.9785
3.8440,100.0000,99.9614,91.9162,92.3054,2.0370,99.9772,92.8851,92.2738,1.9776
3.8450,100.0000,99.9248,92.4118,92.2276,2.0410,99.9438,93.4211,92.3960,1.9725
3.8460,100.0000,99.8902,92.9342,92.2644,2.0392,99.9120,93.9729,92.6010,1.9640
3.8470,100.0000,99.8576,93.4771,92.3984,2.0325,99.8819,94.5338,92.8754,1.9525
3.8480,100.0000,99.8269,94.0337,92.6141,2.0218,99.8535,95.0965,93.2071,1.9387
3.8490,100.0000,99.7982,94.5972,92.8980,2.0076,99.8266,95.6541,93.5850,1.9230
3.8500,100.0000,99.7713,95.1607,93.2379,1.9906,99.8014,96.1995,93.9988,1.9058
3.8510,100.0000,99.7463,95.7172,93.6224,1.9714,99.7776,96.7258,94.4389,1.8876
3.8520,100.0000,99.7231,96.2598,94.0414,1.9505,99.7554,97.2259,94.8963,1.8686
3.8530,100.0000,99.7017,96.7817,94.4851,1.9284,99.7347,97.6935,95.3622,1.8494
3.8540,100.0000,99.6819,97.2761,94.9444,1.9054,99.7154,98.1221,95.8285,1.8302
3.8550,100.0000,99.6638,97.7365,95.4107,1.8821,99.6975,98.5061,96.2872,1.8113
3.8560,100.0000,99.6472,98.1567,95.8759,1.8589,99.6810,98.8399,96.7310,1.7930
3.8570,100.0000,99.6322,98.5312,96.3321,1.8361,99.6658,99.1190,97.1528,1.7756
3.8580,100.0000,99.6185,98.8546,96.7719,1.8141,99.6519,99.3391,97.5460,1.7594
3.8590,100.0000,99.6063,99.1223,97.1884,1.7933,99.6392,99.4972,97.9046,1.7446
3.8600,100.0000,99.5954,99.3303,97.5752,1.7740,99.6279,99.5906,98.2231,1.7314
3.8610,100.0000,99.5859,99.4756,97.9262,1.7565,99.6178,99.6178,98.4966,1.7202
3.8620,100.0000,99.5777,99.5558,98.2361,1.7410,99.6090,99.6090,98.7209,1.7109
3.8630,100.0000,99.5707,99.5707,98.5000,1.7278,99.6015,99.6015,98.8985,1.7036
3.8640,100.0000,99.5650,99.5650,98.7142,1.7171,99.5953,99.5953,99.0391,1.6978
3.8650,100.0000,99.5606,99.5606,98.8843,1.7086,99.5904,99.5904,99.1503,1.6932
3.8660,100.0000,99.5575,99.5575,99.0196,1.7018,99.5869,99.5869,99.2384,1.6896
3.8670,100.0000,99.5557,99.5557,99.1272,1.6964,99.5847,99.5847,99.3081,1.6868
3.8680,100.0000,99.5552,99.5552,99.2129,1.6922,99.5838,99.5838,99.3634,1.6845
3.8690,100.0000,99.5561,99.5561,99.2813,1.6887,99.5844,99.5844,99.4075,1.6827
3.8700,100.0000,99.5583,99.5583,99.3363,1.6860,99.5864,99.5864,99.4429,1.6812
3.8710,100.0000,99.5619,99.5619,99.3807,1.6838,99.5899,99.5899,99.4716,1.6800
3.8720,100.0000,99.5669,99.5669,99.4169,1.6820,99.5947,99.5947,99.4952,1.6790
3.8730,100.0000,99.5733,99.5733,99.4469,1.6805,99.6011,99.6011,99.5151,1.6782
3.8740,100.0000,99.5811,99.5811,99.4722,1.6792,99.6088,99.6088,99.5323,1.6775
3.8750,100.0000,99.5904,99.5904,99.4940,1.6781,99.6181,99.6181,99.5476,1.6769
3.8760,100.0000,99.6011,99.6011,99.5133,1.6772,99.6288,99.6288,99.5617,1.6763
3.8770,100.0000,99.6132,99.6132,99.5308,1.6763,99.6410,99.6410,99.5751,1.6758
3.8780,100.0000,99.6267,99.6267,99.5473,1.6755,99.6547,99.6547,99.5883,1.6752
3.8790,100.0000,99.6416,99.6416,99.5632,1.6747,99.6697,99.6697,99.6016,1.6747
3.8800,100.0000,99.6580,99.6580,99.5789,1.6739,99.6863,99.6863,99.6152,1.6741
3.8810,100.0000,99.6758,99.6758,99.5947,1.6731,99.7042,99.7042,99.6294,1.6735
3.8820,100.0000,99.6949,99.6949,99.6109,1.6723,99.7235,99.7235,99.6444,1.6729
3.8830,100.0000,99.7155,99.7155,99.6277,1.6715,99.7442,99.7442,99.6602,1.6723
3.8840,100.0000,99.7373,99.7373,99.6453,1.6706,99.7662,99.7662,99.6770,1.6716
3.8850,100.0000,99.7605,99.7605,99.6637,1.6697,99.7896,99.7896,99.6949,1.6708
3.8860,100.0000,99.7850,99.7850,99.6831,1.6687,99.8141,99.8141,99.7138,1.6701
3.8870,100.0000,99.8106,99.8106,99.7034,1.6677,99.8400,99.8400,99.7339,1.6692
3.8880,100.0000,99.8375,99.8375,99.7249,1.6666,99.8669,99.8669,99.7551,1.6684
3.8890,100.0000,99.8656,99.8656,99.7474,1.6655,99.8951,99.8951,99.7775,1.6674
3.8900,100.0000,99.8947,99.8947,99.7710,1.6643,99.9243,99.9243,99.8010,1.6665
3.8910,100.0000,99.9250,99.9250,99.7958,1.6631,99.9545,99.9545,99.8256,1.6655
3.8920,100.0000,99.9562,99.9562,99.8216,1.6618,99.9857,99.9857,99.8514,1.6644
3.8930,100.0000,99.9884,99.9884,99.8485,1.6604,100.0179,100.0179,99.8783,1.6633
3.8940,100.0000,100.0215,100.0215,99.8765,1.6590,100.0509,100.0509,99.9062,1.6621
3.8950,100.0000,100.0555,100.0555,99.9055,1.6576,100.0847,100.0847,99.9351,1.6610
3.8960,100.0000,100.0902,100.0902,99.9355,1.6561,100.1192,100.1192,99.9650,1.6597
3.8970,100.0000,100.1256,100.1256,99.9664,1.6545,100.1544,100.1544,99.9959,1.6584
3.8980,100.0000,100.1616,100.1616,99.9983,1.6529,100.1901,100.1901,100.0276,1.6571
3.8990,100.0000,100.1983,100.1983,100.0309,1.6513,100.2264,100.2264,100.0601,1.6558
3.9000,100.0000,100.2354,100.2354,100.0644,1.6496,100.2631,100.2631,100.0934,1.6544
3.9010,100.0000,100.2729,100.2729,100.0986,1.6479,100.3002,100.3002,100.1273,1.6530
3.9020,100.0000,100.3108,100.3108,100.1335,1.6462,100.3376,100.3376,100.1619,1.6516
3.9030,100.0000,100.3490,100.3490,100.1689,1.6444,100.3752,100.3752,100.1970,1.6501
3.9040,100.0000,100.3873,100.3873,100.2049,1.6426,100.4129,100.4129,100.2327,1.6487
3.9050,100.0000,100.4258,100.4258,100.2414,1.6408,100.4507,100.4507,100.2687,1.6472
3.9060,100.0000,100.4643,100.4643,100.2783,1.6389,100.4885,100.4885,100.3051,1.6457
3.9070,100.0000,100.5027,100.5027,100.3155,1.6371,100.5262,100.5262,100.3418,1.6442
3.9080,100.0000,100.5410,100.5410,100.3529,1.6352,100.5637,100.5637,100.3787,1.6426
3.9090,100.0000,100.5791,100.5791,100.3906,1.6333,100.6009,100.6009,100.4157,1.6411
3.9100,100.0000,100.6169,100.6169,100.4283,1.6314,100.6378,100.6378,100.4527,1.6396
3.9110,100.0000,100.6544,100.6544,100.4660,1.6295,100.6742,100.6742,100.4897,1.6381
3.9120,100.0000,100.6914,100.6914,100.5037,1.6277,100.7102,100.7102,100.5266,1.6365
3.9130,100.0000,100.7278,100.7278,100.5412,1.6258,100.7456,100.7456,100.5633,1.6350
3.9140,100.0000,100.7637,100.7637,100.5785,1.6239,100.7803,100.7803,100.5998,1.6335
3.9150,100.0000,100.7988,100.7988,100.6156,1.6221,100.8144,100.8144,100.6359,1.6320
3.9160,100.0000,100.8332,100.8332,100.6522,1.6202,100.8476,100.8476,100.6716,1.6305
3.9170,100.0000,100.8668,100.8668,100.6884,1.6184,100.8799,100.8799,100.7068,1.6291
3.9180,100.0000,100.8994,100.8994,100.7241,1.6166,100.9113,100.9113,100.7414,1.6276
3.9190,100.0000,100.9311,100.9311,100.7592,1.6148,100.9416,100.9416,100.7754,1.6262
3.9200,100.0000,100.9617,100.9617,100.7935,1.6131,100.9709,100.9709,100.8086,1.6248
3.9210,100.0000,100.9911,100.9911,100.8272,1.6114,100.9990,100.9990,100.8411,1.6234
3.9220,100.0000,101.0194,101.0194,100.8600,1.6097,101.0259,101.0259,100.8727,1.6221
3.9230,100.0000,101.0464,101.0464,100.8919,1.6081,101.0516,101.0516,100.9033,1.6208
3.9240,100.0000,101.0722,101.0722,100.9228,1.6065,101.0759,101.0759,100.9330,1.6195
3.9250,100.0000,101.0965,101.0965,100.9527,1.6050,101.0988,101.0988,100.9616,1.6183
3.9260,100.0000,101.1194,101.1194,100.9814,1.6035,101.1202,101.1202,100.9890,1.6171
3.9270,100.0000,101.1408,101.1408,101.0090,1.6021,101.1402,101.1402,101.0153,1.6160
3.9280,100.0000,101.1606,101.1606,101.0354,1.6007,101.1586,101.1586,101.0402,1.6149
3.9290,100.0000,101.1789,101.1789,101.0604,1.5994,101.1755,101.1755,101.0639,1.6139
3.9300,100.0000,101.1956,101.1956,101.0841,1.5982,101.1907,101.1907,101.0862,1.6130
3.9310,100.0000,101.2106,101.2106,101.1064,1.5970,101.2043,101.2043,101.1071,1.6121
3.9320,100.0000,101.2238,101.2238,101.1272,1.5960,101.2161,101.2161,101.1266,1.6112
3.9330,100.0000,101.2354,101.2354,101.1466,1.5949,101.2262,101.2262,101.1445,1.6104
3.9340,100.0000,101.2451,101.2451,101.1643,1.5940,101.2346,101.2346,101.1608,1.6097
3.9350,100.0000,101.2531,101.2531,101.1805,1.5932,101.2412,101.2412,101.1756,1.6091
3.9360,100.0000,101.2592,101.2592,101.1950,1.5924,101.2460,101.2460,101.1887,1.6085
3.9370,100.0000,101.2635,101.2635,101.2078,1.5917,101.2489,101.2489,101.2001,1.6079
3.9380,100.0000,101.2659,101.2659,101.2190,1.5911,101.2500,101.2500,101.2099,1.6075
3.9390,100.0000,101.2664,101.2664,101.2283,1.5906,101.2493,101.2493,101.2179,1.6071
3.9400,100.0000,101.2650,101.2650,101.2360,1.5902,101.2467,101.2467,101.2242,1.6068
3.9410,100.0000,101.2618,101.2618,101.2418,1.5898,101.2423,101.2423,101.2287,1.6066
3.9420,100.0000,101.2566,101.2566,101.2458,1.5896,101.2360,101.2360,101.2314,1.6064
3.9430,100.0000,101.2496,101.2496,101.2479,1.5894,101.2279,101.2279,101.2323,1.6063
3.9440,100.0000,101.2406,101.2406,101.2483,1.5894,101.2179,101.2179,101.2315,1.6063
3.9450,100.0000,101.2298,101.2298,101.2467,1.5894,101.2061,101.2061,101.2287,1.6064
3.9460,100.0000,101.2170,101.2170,101.2433,1.5895,101.1924,101.1924,101.2242,1.6065
3.9470,100.0000,101.2025,101.2025,101.2381,1.5897,101.1770,101.1770,101.2179,1.6067
3.9480,100.0000,101.1860,101.1860,101.2310,1.5900,101.1598,101.1598,101.2097,1.6070
3.9490,100.0000,101.1678,101.1678,101.2220,1.5904,101.1408,101.1408,101.1997,1.6074
3.9500,100.0000,101.1477,101.1477,101.2111,1.5909,101.1201,101.1201,101.1879,1.6078
3.9510,100.0000,101.1259,101.1259,101.1985,1.5915,101.0977,101.0977,101.1744,1.6083
3.9520,100.0000,101.1024,101.1024,101.1839,1.5922,101.0736,101.0736,101.1590,1.6089
3.9530,100.0000,101.0771,101.0771,101.1676,1.5930,101.0480,101.0480,101.1420,1.6096
3.9540,100.0000,101.0502,101.0502,101.1495,1.5938,101.0207,101.0207,101.1232,1.6103
3.9550,100.0000,101.0216,101.0216,101.1297,1.5948,100.9919,100.9919,101.1027,1.6111
3.9560,100.0000,100.9915,100.9915,101.1080,1.5958,100.9615,100.9615,101.0805,1.6120
3.9570,100.0000,100.9598,100.9598,101.0847,1.5969,100.9298,100.9298,101.0567,1.6129
3.9580,100.0000,100.9267,100.9267,101.0597,1.5981,100.8966,100.8966,101.0313,1.6139
3.9590,100.0000,100.8920,100.8920,101.0331,1.5994,100.8621,100.8621,101.0044,1.6150
3.9600,100.0000,100.8561,100.8561,101.0049,1.6008,100.8263,100.8263,100.9759,1.6161
3.9610,100.0000,100.8188,100.8188,100.9751,1.6023,100.7893,100.7893,100.9460,1.6173
3.9620,100.0000,100.7802,100.7802,100.9439,1.6038,100.7511,100.7511,100.9146,1.6186
3.9630,100.0000,100.7404,100.7404,100.9111,1.6054,100.7118,100.7118,100.8819,1.6199
3.9640,100.0000,100.6995,100.6995,100.8770,1.6071,100.6714,100.6714,100.8479,1.6213
3.9650,100.0000,100.6574,100.6574,100.8415,1.6088,100.6301,100.6301,100.8126,1.6227
3.9660,100.0000,100.6144,100.6144,100.8047,1.6106,100.5879,100.5879,100.7761,1.6242
3.9670,100.0000,100.5704,100.5704,100.7666,1.6125,100.5448,100.5448,100.7385,1.6257
3.9680,100.0000,100.5256,100.5256,100.7274,1.6144,100.5010,100.5010,100.6997,1.6273
3.9690,100.0000,100.4799,100.4799,100.6870,1.6164,100.4564,100.4564,100.6600,1.6289
3.9700,100.0000,100.4336,100.4336,100.6456,1.6184,100.4113,100.4113,100.6193,1.6305
3.9710,100.0000,100.3865,100.3865,100.6032,1.6205,100.3656,89.7445,100.5777,1.6322
3.9720,100.0000,100.3389,89.6348,100.5599,1.6227,100.3198,89.7937,98.4110,1.7215
3.9730,100.0000,100.2913,89.6392,98.3749,1.7319,100.2745,89.9155,96.6876,1.7928
3.9740,100.0000,100.2442,89.7192,96.6277,1.8193,100.2298,90.1052,95.3331,1.8489
3.9750,100.0000,100.1980,89.8697,95.2460,1.8886,100.1861,90.3579,94.2876,1.8925
3.9760,100.0000,100.1530,90.0858,94.1708,1.9425,100.1435,90.6684,93.5016,1.9253
3.9770,100.0000,100.1095,90.3625,93.3538,1.9834,100.1023,91.0313,92.9350,1.9490
3.9780,100.0000,100.0675,90.6946,92.7555,2.0134,100.0625,91.4412,92.5542,1.9649
3.9790,100.0000,100.0273,91.0767,92.3433,2.0340,100.0243,91.8923,92.3316,1.9743
3.9800,100.0000,99.9890,91.5035,92.0900,2.0467,99.9876,92.3783,92.2438,1.9780
3.9810,100.0000,99.9525,91.9690,91.9727,2.0526,99.9526,92.8932,92.2707,1.9769
3.9820,100.0000,99.9180,92.4673,91.9720,2.0527,99.9193,93.4302,92.3952,1.9718
3.9830,100.0000,99.8855,92.9921,92.0710,2.0478,99.8876,93.9826,92.6022,1.9632
3.9840,100.0000,99.8550,93.5369,92.2552,2.0386,99.8575,94.5437,92.8783,1.9517
3.9850,100.0000,99.8264,94.0951,92.5116,2.0258,99.8291,95.1062,93.2113,1.9378
3.9860,100.0000,99.7997,94.6598,92.8283,2.0100,99.8023,95.6632,93.5903,1.9220
3.9870,100.0000,99.7749,95.2241,93.1946,1.9917,99.7771,96.2076,94.0049,1.9048
3.9880,100.0000,99.7520,95.7810,93.6005,1.9715,99.7535,96.7324,94.4454,1.8865
3.9890,100.0000,99.7308,96.3235,94.0366,1.9497,99.7313,97.2307,94.9028,1.8675
3.9900,100.0000,99.7113,96.8447,94.4940,1.9269,99.7106,97.6961,95.3684,1.8483
3.9910,100.0000,99.6934,97.3378,94.9641,1.9034,99.6914,98.1222,95.8339,1.8291
3.9920,100.0000,99.6772,97.7963,95.4388,1.8797,99.6736,98.5034,96.2916,1.8102
3.9930,100.0000,99.6624,98.2142,95.9103,1.8561,99.6571,98.8342,96.7340,1.7919
3.9940,100.0000,99.6492,98.5856,96.3711,1.8331,99.6419,99.1099,97.1540,1.7746
3.9950,100.0000,99.6373,98.9054,96.8140,1.8110,99.6281,99.3267,97.5452,1.7585
3.9960,100.0000,99.6268,99.1689,97.2323,1.7901,99.6155,99.4811,97.9015,1.7438
3.9970,100.0000,99.6176,99.3722,97.6196,1.7707,99.6043,99.5708,98.2174,1.7307
3.9980,100.0000,99.6098,99.5123,97.9701,1.7532,99.5942,99.5942,98.4881,1.7196
3.9990,100.0000,99.6031,99.5868,98.2786,1.7378,99.5855,99.5855,98.7093,1.7104
4.0000,100.0000,99.5978,99.5978,98.5402,1.7247,99.5781,99.5781,98.8846,1.7032
4.0010,100.0000,99.5937,99.5937,98.7517,1.7141,99.5719,99.5719,99.0233,1.6975
4.0020,100.0000,99.5908,99.5908,98.9201,1.7057,99.5671,99.5671,99.1330,1.6930
4.0030,100.0000,99.5892,99.5892,99.0542,1.6990,99.5636,99.5636,99.2198,1.6894
4.0040,100.0000,99.5888,99.5888,99.1612,1.6937,99.5615,99.5615,99.2886,1.6866
4.0050,100.0000,99.5898,99.5898,99.2467,1.6894,99.5607,99.5607,99.3431,1.6843
4.0060,100.0000,99.5921,99.5921,99.3154,1.6860,99.5614,99.5614,99.3867,1.6825
4.0070,100.0000,99.5957,99.5957,99.3707,1.6832,99.5634,99.5634,99.4216,1.6811
4.0080,100.0000,99.6006,99.6006,99.4157,1.6810,99.5669,99.5669,99.4500,1.6799
4.0090,100.0000,99.6070,99.6070,99.4527,1.6791,99.5719,99.5719,99.4734,1.6789
4.0100,100.0000,99.6146,99.6146,99.4835,1.6776,99.5783,99.5783,99.4931,1.6781
4.0110,100.0000,99.6237,99.6237,99.5098,1.6763,99.5862,99.5862,99.5101,1.6774
4.0120,100.0000,99.6342,99.6342,99.5326,1.6751,99.5955,99.5955,99.5253,1.6768
4.0130,100.0000,99.6461,99.6461,99.5529,1.6741,99.6063,99.6063,99.5394,1.6762
4.0140,100.0000,99.6593,99.6593,99.5715,1.6732,99.6186,99.6186,99.5527,1.6757
4.0150,100.0000,99.6740,99.6740,99.5891,1.6723,99.6323,99.6323,99.5659,1.6751
4.0160,100.0000,99.6901,99.6901,99.6061,1.6715,99.6475,99.6475,99.5792,1.6746
4.0170,100.0000,99.7075,99.7075,99.6229,1.6706,99.6641,99.6641,99.5929,1.6740
4.0180,100.0000,99.7263,99.7263,99.6398,1.6698,99.6821,99.6821,99.6071,1.6735
4.0190,100.0000,99.7465,99.7465,99.6571,1.6689,99.7015,99.7015,99.6221,1.6728
4.0200,100.0000,99.7680,99.7680,99.6750,1.6680,99.7223,99.7223,99.6380,1.6722
4.0210,100.0000,99.7907,99.7907,99.6936,1.6671,99.7444,99.7444,99.6548,1.6715
4.0220,100.0000,99.8148,99.8148,99.7130,1.6661,99.7678,99.7678,99.6727,1.6707
4.0230,100.0000,99.8401,99.8401,99.7334,1.6651,99.7924,99.7924,99.6917,1.6700
4.0240,100.0000,99.8666,99.8666,99.7547,1.6640,99.8183,99.8183,99.7119,1.6691
4.0250,100.0000,99.8943,99.8943,99.7771,1.6629,99.8454,99.8454,99.7332,1.6683
4.0260,100.0000,99.9231,99.9231,99.8005,1.6618,99.8736,99.8736,99.7556,1.6673
4.0270,100.0000,99.9529,99.9529,99.8250,1.6605,99.9029,99.9029,99.7792,1.6664
4.0280,100.0000,99.9838,99.9838,99.8506,1.6593,99.9332,99.9332,99.8039,1.6653
4.0290,100.0000,100.0157,100.0157,99.8773,1.6579,99.9645,99.9645,99.8298,1.6643
4.0300,100.0000,100.0484,100.0484,99.9049,1.6565,99.9967,99.9967,99.8567,1.6632
4.0310,100.0000,100.0821,100.0821,99.9336,1.6551,100.0297,100.0297,99.8847,1.6620
4.0320,100.0000,100.1165,100.1165,99.9633,1.6536,100.0636,100.0636,99.9137,1.6608
4.0330,100.0000,100.1517,100.1517,99.9940,1.6521,100.0981,100.0981,99.9437,1.6596
4.0340,100.0000,100.1875,100.1875,100.0255,1.6505,100.1333,100.1333,99.9746,1.6583
4.0350,100.0000,100.2239,100.2239,100.0579,1.6489,100.1692,100.1692,100.0063,1.6570
4.0360,100.0000,100.2608,100.2608,100.0911,1.6472,100.2055,100.2055,100.0389,1.6557
4.0370,100.0000,100.2982,100.2982,100.1251,1.6455,100.2422,100.2422,100.0722,1.6543
4.0380,100.0000,100.3360,100.3360,100.1597,1.6438,100.2794,100.2794,100.1062,1.6529
4.0390,100.0000,100.3741,100.3741,100.1950,1.6420,100.3168,100.3168,100.1408,1.6514
4.0400,100.0000,100.4124,100.4124,100.2308,1.6402,100.3544,100.3544,100.1760,1.6500
4.0410,100.0000,100.4508,100.4508,100.2671,1.6384,100.3922,100.3922,100.2117,1.6485
4.0420,100.0000,100.4893,100.4893,100.3038,1.6366,100.4300,100.4300,100.2478,1.6470
4.0430,100.0000,100.5278,100.5278,100.3409,1.6347,100.4678,100.4678,100.2842,1.6455
4.0440,100.0000,100.5663,100.5663,100.3783,1.6329,100.5055,100.5055,100.3210,1.6440
4.0450,100.0000,100.6045,100.6045,100.4159,1.6310,100.5430,100.5430,100.3579,1.6425
4.0460,100.0000,100.6425,100.6425,100.4536,1.6291,100.5803,100.5803,100.3949,1.6409
4.0470,100.0000,100.6801,100.6801,100.4914,1.6272,100.6172,100.6172,100.4320,1.6394
4.0480,100.0000,100.7174,100.7174,100.5292,1.6253,100.6536,100.6536,100.4690,1.6379
4.0490,100.0000,100.7541,100.7541,100.5668,1.6234,100.6896,100.6896,100.5059,1.6364
4.0500,100.0000,100.7903,100.7903,100.6043,1.6215,100.7250,100.7250,100.5427,1.6348
4.0510,100.0000,100.8258,100.8258,100.6415,1.6197,100.7597,100.7597,100.5791,1.6333
4.0520,100.0000,100.8606,100.8606,100.6783,1.6178,100.7937,100.7937,100.6152,1.6318
4.0530,100.0000,100.8946,100.8946,100.7148,1.6160,100.8269,100.8269,100.6509,1.6304
4.0540,100.0000,100.9278,100.9278,100.7508,1.6142,100.8592,100.8592,100.6861,1.6289
4.0550,100.0000,100.9599,100.9599,100.7862,1.6124,100.8906,100.8906,100.7208,1.6274
4.0560,100.0000,100.9911,100.9911,100.8209,1.6107,100.9209,100.9209,100.7547,1.6260
4.0570,100.0000,101.0211,101.0211,100.8550,1.6089,100.9502,100.9502,100.7880,1.6246
4.0580,100.0000,101.0500,101.0500,100.8882,1.6072,100.9783,100.9783,100.8204,1.6232
4.0590,100.0000,101.0777,101.0777,100.9206,1.6056,101.0052,101.0052,100.8520,1.6219
4.0600,100.0000,101.1041,101.1041,100.9520,1.6040,101.0308,101.0308,100.8826,1.6206
4.0610,100.0000,101.1292,101.1292,100.9824,1.6024,101.0551,101.0551,100.9123,1.6193
4.0620,100.0000,101.1528,101.1528,101.0118,1.6009,101.0779,101.0779,100.9408,1.6181
4.0630,100.0000,101.1750,101.1750,101.0400,1.5995,101.0994,101.0994,100.9683,1.6169
4.0640,100.0000,101.1956,101.1956,101.0670,1.5981,101.1193,101.1193,100.9945,1.6158
4.0650,100.0000,101.2147,101.2147,101.0927,1.5967,101.1377,101.1377,101.0194,1.6147
4.0660,100.0000,101.2322,101.2322,101.1171,1.5955,101.1545,101.1545,101.0431,1.6137
4.0670,100.0000,101.2481,101.2481,101.1401,1.5943,101.1697,101.1697,101.0654,1.6128
4.0680,100.0000,101.2622,101.2622,101.1617,1.5932,101.1832,101.1832,101.0863,1.6119
4.0690,100.0000,101.2746,101.2746,101.1818,1.5921,101.1950,101.1950,101.1056,1.6110
4.0700,100.0000,101.2853,101.2853,101.2004,1.5911,101.2051,101.2051,101.1235,1.6102
4.0710,100.0000,101.2942,101.2942,101.2174,1.5902,101.2134,101.2134,101.1398,1.6095
4.0720,100.0000,101.3012,101.3012,101.2327,1.5894,101.2200,101.2200,101.1546,1.6089
4.0730,100.0000,101.3064,101.3064,101.2464,1.5887,101.2247,101.2247,101.1676,1.6083
4.0740,100.0000,101.3097,101.3097,101.2584,1.5881,101.2276,101.2276,101.1790,1.6078
4.0750,100.0000,101.3112,101.3112,101.2687,1.5875,101.2287,101.2287,101.1888,1.6073
4.0760,100.0000,101.3108,101.3108,101.2772,1.5870,101.2279,101.2279,101.1967,1.6069
4.0770,100.0000,101.3084,101.3084,101.2839,1.5866,101.2253,101.2253,101.2030,1.6066
4.0780,100.0000,101.3042,101.3042,101.2888,1.5863,101.2208,101.2208,101.2074,1.6064
4.0790,100.0000,101.2981,101.2981,101.2919,1.5861,101.2145,101.2145,101.2101,1.6063
4.0800,100.0000,101.2900,101.2900,101.2931,1.5860,101.2063,101.2063,101.2110,1.6062
4.0810,100.0000,101.2801,101.2801,101.2925,1.5860,101.1963,101.1963,101.2101,1.6062
4.0820,100.0000,101.2682,101.2682,101.2900,1.5861,101.1844,101.1844,101.2073,1.6062
4.0830,100.0000,101.2545,101.2545,101.2857,1.5862,101.1708,101.1708,101.2027,1.6064
4.0840,100.0000,101.2389,101.2389,101.2794,1.5865,101.1553,101.1553,101.1963,1.6066
4.0850,100.0000,101.2215,101.2215,101.2713,1.5869,101.1380,101.1380,101.1881,1.6069
4.0860,100.0000,101.2023,101.2023,101.2614,1.5873,101.1190,101.1190,101.1781,1.6072
4.0870,100.0000,101.1812,101.1812,101.2495,1.5879,101.0983,101.0983,101.1663,1.6077
4.0880,100.0000,101.1584,101.1584,101.2359,1.5885,101.0758,101.0758,101.1527,1.6082
4.0890,100.0000,101.1339,101.1339,101.2204,1.5892,101.0518,101.0518,101.1373,1.6088
4.0900,100.0000,101.1076,101.1076,101.2031,1.5900,101.0260,101.0260,101.1202,1.6095
4.0910,100.0000,101.0797,101.0797,101.1840,1.5910,100.9987,100.9987,101.1014,1.6102
4.0920,100.0000,101.0502,101.0502,101.1631,1.5919,100.9699,100.9699,101.0808,1.6110
4.0930,100.0000,101.0191,101.0191,101.1406,1.5930,100.9396,100.9396,101.0587,1.6119
4.0940,100.0000,100.9865,100.9865,101.1163,1.5942,100.9078,100.9078,101.0348,1.6128
4.0950,100.0000,100.9524,100.9524,101.0903,1.5955,100.8746,100.8746,101.0094,1.6138
4.0960,100.0000,100.9169,100.9169,101.0627,1.5968,100.8401,100.8401,100.9825,1.6149
4.0970,100.0000,100.8800,100.8800,101.0336,1.5982,100.8043,100.8043,100.9540,1.6160
4.0980,100.0000,100.8417,100.8417,101.0028,1.5997,100.7672,100.7672,100.9240,1.6172
4.0990,100.0000,100.8023,100.8023,100.9706,1.6013,100.7290,100.7290,100.8927,1.6185
4.1000,100.0000,100.7616,100.7616,100.9369,1.6029,100.6897,100.6897,100.8599,1.6198
4.1010,100.0000,100.7198,100.7198,100.9019,1.6046,100.6493,100.6493,100.8259,1.6212
4.1020,100.0000,100.6769,100.6769,100.8655,1.6064,100.6080,100.6080,100.7906,1.6226
4.1030,100.0000,100.6330,100.6330,100.8277,1.6083,100.5658,100.5658,100.7541,1.6241
4.1040,100.0000,100.5882,100.5882,100.7888,1.6102,100.5227,100.5227,100.7164,1.6256
4.1050,100.0000,100.5426,100.5426,100.7487,1.6122,100.4789,100.4789,100.6777,1.6272
4.1060,100.0000,100.4961,100.4961,100.7075,1.6142,100.4344,100.4344,100.6379,1.6288
4.1070,100.0000,100.4489,100.4489,100.6652,1.6163,100.3892,100.3892,100.5972,1.6304
4.1080,100.0000,100.4011,100.4011,100.6219,1.6184,100.3436,89.7253,100.5556,1.6321
4.1090,100.0000,100.3528,89.6326,100.5778,1.6206,100.2978,89.7771,98.3896,1.7215
4.1100,100.0000,100.3044,89.6479,98.3887,1.7301,100.2525,89.9015,96.6671,1.7928
4.1110,100.0000,100.2566,89.7383,96.6406,1.8175,100.2079,90.0936,95.3139,1.8489
4.1120,100.0000,100.2097,89.8989,95.2601,1.8867,100.1642,90.3485,94.2699,1.8924
4.1130,100.0000,100.1640,90.1245,94.1879,1.9405,100.1217,90.6611,93.4856,1.9252
4.1140,100.0000,100.1197,90.4100,93.3752,1.9812,100.0805,91.0259,92.9207,1.9488
4.1150,100.0000,100.0771,90.7501,92.7822,2.0109,100.0407,91.4375,92.5418,1.9647
4.1160,100.0000,100.0362,91.1394,92.3757,2.0312,100.0025,91.8899,92.3209,1.9741
4.1170,100.0000,99.9972,91.5724,92.1285,2.0436,99.9659,92.3772,92.2347,1.9777
4.1180,100.0000,99.9601,92.0431,92.0173,2.0492,99.9310,92.8929,92.2632,1.9766
4.1190,100.0000,99.9250,92.5457,92.0224,2.0490,99.8976,93.4306,92.3892,1.9713
4.1200,100.0000,99.8918,93.0737,92.1271,2.0438,99.8660,93.9834,92.5974,1.9626
4.1210,100.0000,99.8607,93.6207,92.3164,2.0344,99.8360,94.5446,92.8746,1.9511
4.1220,100.0000,99.8314,94.1799,92.5773,2.0214,99.8077,95.1070,93.2086,1.9372
4.1230,100.0000,99.8041,94.7445,92.8978,2.0054,99.7809,95.6635,93.5883,1.9214
4.1240,100.0000,99.7787,95.3077,93.2671,1.9869,99.7558,96.2072,94.0033,1.9041
4.1250,100.0000,99.7551,95.8624,93.6752,1.9666,99.7322,96.7310,94.4441,1.8858
4.1260,100.0000,99.7332,96.4015,94.1127,1.9447,99.7101,97.2282,94.9015,1.8668
4.1270,100.0000,99.7131,96.9184,94.5704,1.9219,99.6894,97.6921,95.3668,1.8476
4.1280,100.0000,99.6946,97.4063,95.0400,1.8984,99.6702,98.1166,95.8319,1.8283
4.1290,100.0000,99.6776,97.8586,95.5133,1.8748,99.6525,98.4959,96.2888,1.8095
4.1300,100.0000,99.6622,98.2695,95.9823,1.8513,99.6360,98.8247,96.7303,1.7912
4.1310,100.0000,99.6483,98.6332,96.4398,1.8285,99.6209,99.0984,97.1492,1.7739
4.1320,100.0000,99.6358,98.9446,96.8785,1.8066,99.6071,99.3129,97.5390,1.7578
4.1330,100.0000,99.6246,99.1992,97.2917,1.7859,99.5946,99.4650,97.8938,1.7432
4.1340,100.0000,99.6148,99.3932,97.6732,1.7669,99.5834,99.5523,98.2080,1.7302
4.1350,100.0000,99.6063,99.5237,98.0172,1.7497,99.5734,99.5734,98.4769,1.7191
4.1360,100.0000,99.5990,99.5884,98.3185,1.7346,99.5647,99.5647,98.6962,1.7101
4.1370,100.0000,99.5930,99.5930,98.5725,1.7219,99.5573,99.5573,98.8699,1.7029
4.1380,100.0000,99.5882,99.5882,98.7766,1.7117,99.5512,99.5512,99.0074,1.6972
4.1390,100.0000,99.5847,99.5847,98.9389,1.7036,99.5465,99.5465,99.1162,1.6927
4.1400,100.0000,99.5825,99.5825,99.0680,1.6972,99.5430,99.5430,99.2022,1.6892
4.1410,100.0000,99.5815,99.5815,99.1709,1.6920,99.5409,99.5409,99.2704,1.6864
4.1420,100.0000,99.5818,99.5818,99.2530,1.6879,99.5402,99.5402,99.3245,1.6841
4.1430,100.0000,99.5835,99.5835,99.3188,1.6846,99.5409,99.5409,99.3676,1.6824
4.1440,100.0000,99.5865,99.5865,99.3717,1.6820,99.5431,99.5431,99.4023,1.6809
4.1450,100.0000,99.5909,99.5909,99.4147,1.6798,99.5466,99.5466,99.4305,1.6798
4.1460,100.0000,99.5966,99.5966,99.4499,1.6781,99.5517,99.5517,99.4537,1.6788
4.1470,100.0000,99.6037,99.6037,99.4793,1.6766,99.5581,99.5581,99.4733,1.6780
4.1480,100.0000,99.6123,99.6123,99.5042,1.6754,99.5660,99.5660,99.4902,1.6773
4.1490,100.0000,99.6222,99.6222,99.5258,1.6743,99.5754,99.5754,99.5054,1.6767
4.1500,100.0000,99.6335,99.6335,99.5451,1.6733,99.5863,99.5863,99.5194,1.6761
4.1510,100.0000,99.6462,99.6462,99.5627,1.6725,99.5986,99.5986,99.5328,1.6756
4.1520,100.0000,99.6603,99.6603,99.5794,1.6716,99.6124,99.6124,99.5460,1.6750
4.1530,100.0000,99.6759,99.6759,99.5956,1.6708,99.6276,99.6276,99.5592,1.6745
4.1540,100.0000,99.6928,99.6928,99.6117,1.6700,99.6443,99.6443,99.5729,1.6739
4.1550,100.0000,99.7111,99.7111,99.6279,1.6692,99.6624,99.6624,99.5872,1.6733
4.1560,100.0000,99.7307,99.7307,99.6445,1.6684,99.6818,99.6818,99.6022,1.6727
4.1570,100.0000,99.7517,99.7517,99.6618,1.6675,99.7026,99.7026,99.6181,1.6720
4.1580,100.0000,99.7740,99.7740,99.6797,1.6666,99.7248,99.7248,99.6350,1.6714
4.1590,100.0000,99.7975,99.7975,99.6986,1.6657,99.7482,99.7482,99.6530,1.6706
4.1600,100.0000,99.8223,99.8223,99.7184,1.6647,99.7730,99.7730,99.6721,1.6698
4.1610,100.0000,99.8484,99.8484,99.7392,1.6636,99.7989,99.7989,99.6922,1.6690
4.1620,100.0000,99.8755,99.8755,99.7610,1.6626,99.8260,99.8260,99.7136,1.6681
4.1630,100.0000,99.9038,99.9038,99.7839,1.6614,99.8543,99.8543,99.7361,1.6672
4.1640,100.0000,99.9332,99.9332,99.8079,1.6602,99.8836,99.8836,99.7597,1.6662
4.1650,100.0000,99.9636,99.9636,99.8330,1.6590,99.9140,99.9140,99.7845,1.6652
4.1660,100.0000,99.9950,99.9950,99.8591,1.6577,99.9453,99.9453,99.8104,1.6641
4.1670,100.0000,100.0273,100.0273,99.8863,1.6563,99.9775,99.9775,99.8374,1.6630
4.1680,100.0000,100.0605,100.0605,99.9145,1.6549,100.0106,100.0106,99.8654,1.6619
4.1690,100.0000,100.0945,100.0945,99.9437,1.6534,100.0445,100.0445,99.8944,1.6607
4.1700,100.0000,100.1292,100.1292,99.9739,1.6519,100.0791,100.0791,99.9245,1.6594
4.1710,100.0000,100.1646,100.1646,100.0049,1.6504,100.1144,100.1144,99.9554,1.6581
4.1720,100.0000,100.2006,100.2006,100.0369,1.6488,100.1502,100.1502,99.9872,1.6568
4.1730,100.0000,100.2371,100.2371,100.0696,1.6471,100.1866,100.1866,100.0198,1.6555
4.1740,100.0000,100.2740,100.2740,100.1031,1.6455,100.2234,100.2234,100.0532,1.6541
4.1750,100.0000,100.3114,100.3114,100.1373,1.6437,100.2605,100.2605,100.0872,1.6527
4.1760,100.0000,100.3490,100.3490,100.1721,1.6420,100.2980,100.2980,100.1219,1.6513
4.1770,100.0000,100.3869,100.3869,100.2075,1.6402,100.3356,100.3356,100.1571,1.6498
4.1780,100.0000,100.4249,100.4249,100.2434,1.6384,100.3734,100.3734,100.1928,1.6483
4.1790,100.0000,100.4631,100.4631,100.2797,1.6366,100.4112,100.4112,100.2289,1.6468
4.1800,100.0000,100.5012,100.5012,100.3164,1.6348,100.4491,100.4491,100.2654,1.6453
4.1810,100.0000,100.5392,100.5392,100.3533,1.6329,100.4868,100.4868,100.3021,1.6438
4.1820,100.0000,100.5770,100.5770,100.3905,1.6311,100.5243,100.5243,100.3390,1.6423
4.1830,100.0000,100.6146,100.6146,100.4278,1.6292,100.5615,100.5615,100.3761,1.6407
4.1840,100.0000,100.6519,100.6519,100.4652,1.6273,100.5984,100.5984,100.4132,1.6392
4.1850,100.0000,100.6888,100.6888,100.5025,1.6255,100.6349,100.6349,100.4502,1.6377
4.1860,100.0000,100.7252,100.7252,100.5398,1.6236,100.6709,100.6709,100.4872,1.6361
4.1870,100.0000,100.7610,100.7610,100.5769,1.6217,100.7063,100.7063,100.5239,1.6346
4.1880,100.0000,100.7962,100.7962,100.6137,1.6199,100.7410,100.7410,100.5604,1.6331
4.1890,100.0000,100.8307,100.8307,100.6502,1.6181,100.7750,100.7750,100.5965,1.6316
4.1900,100.0000,100.8643,100.8643,100.6863,1.6163,100.8082,100.8082,100.6322,1.6301
4.1910,100.0000,100.8971,100.8971,100.7219,1.6145,100.8405,100.8405,100.6674,1.6287
4.1920,100.0000,100.9289,100.9289,100.7569,1.6127,100.8719,100.8719,100.7020,1.6272
4.1930,100.0000,100.9598,100.9598,100.7913,1.6110,100.9022,100.9022,100.7360,1.6258
4.1940,100.0000,100.9895,100.9895,100.8250,1.6092,100.9315,100.9315,100.7692,1.6244
4.1950,100.0000,101.0181,101.0181,100.8579,1.6076,100.9595,100.9595,100.8017,1.6230
4.1960,100.0000,101.0455,101.0455,100.8900,1.6059,100.9864,100.9864,100.8333,1.6217
4.1970,100.0000,101.0716,101.0716,100.9211,1.6043,101.0120,101.0120,100.8639,1.6204
4.1980,100.0000,101.0964,101.0964,100.9512,1.6028,101.0363,101.0363,100.8935,1.6191
4.1990,100.0000,101.1197,101.1197,100.9802,1.6013,101.0591,101.0591,100.9221,1.6179
4.2000,100.0000,101.1416,101.1416,101.0081,1.5999,101.0805,101.0805,100.9495,1.6167
4.2010,100.0000,101.1620,101.1620,101.0348,1.5985,101.1004,101.1004,100.9757,1.6156
4.2020,100.0000,101.1809,101.1809,101.0603,1.5972,101.1188,101.1188,101.0006,1.6145
4.2030,100.0000,101.1981,101.1981,101.0844,1.5959,101.1356,101.1356,101.0243,1.6135
4.2040,100.0000,101.2137,101.2137,101.1071,1.5948,101.1508,101.1508,101.0465,1.6126
4.2050,100.0000,101.2277,101.2277,101.1285,1.5937,101.1643,101.1643,101.0674,1.6117
4.2060,100.0000,101.2399,101.2399,101.1483,1.5926,101.1760,101.1760,101.0868,1.6108
4.2070,100.0000,101.2503,101.2503,101.1666,1.5917,101.1861,101.1861,101.1046,1.6100
4.2080,100.0000,101.2590,101.2590,101.1834,1.5908,101.1944,101.1944,101.1209,1.6093
4.2090,100.0000,101.2658,101.2658,101.1985,1.5900,101.2009,101.2009,101.1356,1.6087
4.2100,100.0000,101.2709,101.2709,101.2120,1.5893,101.2056,101.2056,101.1487,1.6081
4.2110,100.0000,101.2740,101.2740,101.2237,1.5886,101.2085,101.2085,101.1601,1.6076
4.2120,100.0000,101.2753,101.2753,101.2338,1.5881,101.2096,101.2096,101.1698,1.6071
4.2130,100.0000,101.2747,101.2747,101.2421,1.5876,101.2088,101.2088,101.1777,1.6067
4.2140,100.0000,101.2722,101.2722,101.2486,1.5872,101.2061,101.2061,101.1839,1.6064
4.2150,100.0000,101.2678,101.2678,101.2533,1.5869,101.2016,101.2016,101.1884,1.6062
4.2160,100.0000,101.2616,101.2616,101.2562,1.5868,101.1953,101.1953,101.1910,1.6061
4.2170,100.0000,101.2534,101.2534,101.2573,1.5867,101.1871,101.1871,101.1919,1.6060
4.2180,100.0000,101.2433,101.2433,101.2565,1.5866,101.1770,101.1770,101.1909,1.6060
4.2190,100.0000,101.2314,101.2314,101.2539,1.5867,101.1652,101.1652,101.1881,1.6060
4.2200,100.0000,101.2176,101.2176,101.2494,1.5869,101.1515,101.1515,101.1836,1.6062
4.2210,100.0000,101.2019,101.2019,101.2430,1.5872,101.1360,101.1360,101.1771,1.6064
4.2220,100.0000,101.1844,101.1844,101.2348,1.5875,101.1187,101.1187,101.1689,1.6067
4.2230,100.0000,101.1651,101.1651,101.2247,1.5880,101.0997,101.0997,101.1589,1.6071
4.2240,100.0000,101.1440,101.1440,101.2128,1.5885,101.0789,101.0789,101.1470,1.6075
4.2250,100.0000,101.1211,101.1211,101.1990,1.5892,101.0565,101.0565,101.1334,1.6080
4.2260,100.0000,101.0966,101.0966,101.1835,1.5899,101.0324,101.0324,101.1180,1.6086
4.2270,100.0000,101.0703,101.0703,101.1661,1.5907,101.0066,101.0066,101.1009,1.6093
4.2280,100.0000,101.0424,101.0424,101.1469,1.5917,100.9793,100.9793,101.0820,1.6100
4.2290,100.0000,101.0128,101.0128,101.1260,1.5927,100.9505,100.9505,101.0615,1.6108
4.2300,100.0000,100.9817,100.9817,101.1034,1.5937,100.9201,100.9201,101.0393,1.6117
4.2310,100.0000,100.9491,100.9491,101.0790,1.5949,100.8883,100.8883,101.0154,1.6126
4.2320,100.0000,100.9149,100.9149,101.0530,1.5962,100.8551,100.8551,100.9900,1.6136
4.2330,100.0000,100.8794,100.8794,101.0254,1.5975,100.8206,100.8206,100.9631,1.6147
4.2340,100.0000,100.8425,100.8425,100.9962,1.5989,100.7848,100.7848,100.9346,1.6159
4.2350,100.0000,100.8043,100.8043,100.9655,1.6004,100.7478,100.7478,100.9046,1.6171
4.2360,100.0000,100.7649,100.7649,100.9333,1.6020,100.7095,100.7095,100.8732,1.6183
4.2370,100.0000,100.7242,100.7242,100.8996,1.6037,100.6702,100.6702,100.8405,1.6196
4.2380,100.0000,100.6825,100.6825,100.8645,1.6054,100.6299,100.6299,100.8064,1.6210
4.2390,100.0000,100.6397,100.6397,100.8281,1.6072,100.5886,100.5886,100.7711,1.6224
4.2400,100.0000,100.5958,100.5958,100.7904,1.6090,100.5463,100.5463,100.7346,1.6239
4.2410,100.0000,100.5511,100.5511,100.7515,1.6109,100.5033,100.5033,100.6970,1.6254
4.2420,100.0000,100.5055,100.5055,100.7114,1.6129,100.4595,100.4595,100.6582,1.6270
4.2430,100.0000,100.4591,100.4591,100.6702,1.6149,100.4150,100.4150,100.6185,1.6286
4.2440,100.0000,100.4120,100.4120,100.6280,1.6170,100.3698,100.3698,100.5778,1.6303
4.2450,100.0000,100.3643,100.3643,100.5848,1.6192,100.3242,89.7074,100.5362,1.6320
4.2460,100.0000,100.3160,89.5993,100.5407,1.6213,100.2785,89.7606,98.3704,1.7214
4.2470,100.0000,100.2678,89.6174,98.3524,1.7308,100.2331,89.8864,96.6485,1.7927
4.2480,100.0000,100.2201,89.7107,96.6054,1.8182,100.1885,90.0798,95.2961,1.8488
4.2490,100.0000,100.1733,89.8738,95.2265,1.8873,100.1449,90.3359,94.2528,1.8924
4.2500,100.0000,100.1277,90.1018,94.1559,1.9410,100.1024,90.6495,93.4694,1.9252
4.2510,100.0000,100.0836,90.3895,93.3451,1.9816,100.0612,91.0154,92.9054,1.9488
4.2520,100.0000,100.0411,90.7316,92.7540,2.0111,100.0215,91.4278,92.5274,1.9647
4.2530,100.0000,100.0004,91.1228,92.3495,2.0314,99.9833,91.8809,92.3075,1.9740
4.2540,100.0000,99.9615,91.5574,92.1042,2.0437,99.9467,92.3688,92.2222,1.9776
4.2550,100.0000,99.9245,92.0295,91.9948,2.0492,99.9118,92.8849,92.2515,1.9764
4.2560,100.0000,99.8895,92.5331,92.0018,2.0489,99.8785,93.4229,92.3782,1.9711
4.2570,100.0000,99.8565,93.0620,92.1080,2.0436,99.8469,93.9759,92.5871,1.9624
4.2580,100.0000,99.8255,93.6094,92.2988,2.0341,99.8170,94.5371,92.8649,1.9508
4.2590,100.0000,99.7964,94.1689,92.5610,2.0211,99.7887,95.0993,93.1993,1.9369
4.2600,100.0000,99.7692,94.7335,92.8825,2.0050,99.7619,95.6557,93.5793,1.9211
4.2610,100.0000,99.7439,95.2964,93.2527,1.9865,99.7368,96.1989,93.9946,1.9038
4.2620,100.0000,99.7205,95.8505,93.6615,1.9661,99.7133,96.7222,94.4355,1.8854
4.2630,100.0000,99.6988,96.3888,94.0993,1.9443,99.6912,97.2188,94.8928,1.8664
4.2640,100.0000,99.6788,96.9046,94.5572,1.9214,99.6706,97.6820,95.3580,1.8472
4.2650,100.0000,99.6604,97.3912,95.0267,1.8980,99.6515,98.1056,95.8228,1.8280
4.2660,100.0000,99.6436,97.8420,95.4996,1.8743,99.6337,98.4840,96.2794,1.8091
4.2670,100.0000,99.6284,98.2512,95.9681,1.8509,99.6173,98.8118,96.7203,1.7908
4.2680,100.0000,99.6146,98.6129,96.4247,1.8281,99.6022,99.0844,97.1386,1.7735
4.2690,100.0000,99.6022,98.9223,96.8623,1.8063,99.5885,99.2977,97.5278,1.7575
4.2700,100.0000,99.5912,99.1746,97.2743,1.7857,99.5760,99.4487,97.8818,1.7428
4.2710,100.0000,99.5816,99.3664,97.6544,1.7667,99.5648,99.5349,98.1951,1.7299
4.2720,100.0000,99.5732,99.4945,97.9968,1.7496,99.5549,99.5549,98.4631,1.7188
4.2730,100.0000,99.5660,99.5568,98.2963,1.7346,99.5462,99.5462,98.6814,1.7098
4.2740,100.0000,99.5602,99.5602,98.5484,1.7220,99.5389,99.5389,98.8544,1.7027
4.2750,100.0000,99.5556,99.5556,98.7508,1.7119,99.5328,99.5328,98.9913,1.6970
4.2760,100.0000,99.5522,99.5522,98.9117,1.7038,99.5281,99.5281,99.0996,1.6925
4.2770,100.0000,99.5501,99.5501,99.0398,1.6974,99.5247,99.5247,99.1853,1.6890
4.2780,100.0000,99.5494,99.5494,99.1419,1.6924,99.5226,99.5226,99.2532,1.6862
4.2790,100.0000,99.5499,99.5499,99.2234,1.6883,99.5220,99.5220,99.3071,1.6840
4.2800,100.0000,99.5517,99.5517,99.2887,1.6850,99.5227,99.5227,99.3501,1.6822
4.2810,100.0000,99.5549,99.5549,99.3413,1.6824,99.5249,99.5249,99.3846,1.6808
4.2820,100.0000,99.5595,99.5595,99.3840,1.6803,99.5285,99.5285,99.4127,1.6796
4.2830,100.0000,99.5654,99.5654,99.4191,1.6785,99.5335,99.5335,99.4358,1.6787
4.2840,100.0000,99.5727,99.5727,99.4484,1.6770,99.5400,99.5400,99.4554,1.6778
4.2850,100.0000,99.5814,99.5814,99.4732,1.6758,99.5480,99.5480,99.4723,1.6772
4.2860,100.0000,99.5915,99.5915,99.4949,1.6747,99.5574,99.5574,99.4874,1.6765
4.2870,100.0000,99.6030,99.6030,99.5142,1.6738,99.5683,99.5683,99.5014,1.6760
4.2880,100.0000,99.6159,99.6159,99.5319,1.6729,99.5807,99.5807,99.5148,1.6754
4.2890,100.0000,99.6302,99.6302,99.5487,1.6720,99.5945,99.5945,99.5280,1.6749
4.2900,100.0000,99.6460,99.6460,99.5650,1.6712,99.6098,99.6098,99.5413,1.6743
4.2910,100.0000,99.6631,99.6631,99.5812,1.6704,99.6265,99.6265,99.5550,1.6737
4.2920,100.0000,99.6815,99.6815,99.5976,1.6696,99.6446,99.6446,99.5693,1.6732
4.2930,100.0000,99.7014,99.7014,99.6144,1.6688,99.6641,99.6641,99.5844,1.6725
4.2940,100.0000,99.7226,99.7226,99.6318,1.6679,99.6849,99.6849,99.6003,1.6719
4.2950,100.0000,99.7450,99.7450,99.6499,1.6670,99.7071,99.7071,99.6172,1.6712
4.2960,100.0000,99.7688,99.7688,99.6690,1.6660,99.7306,99.7306,99.6352,1.6704
4.2970,100.0000,99.7938,99.7938,99.6889,1.6650,99.7554,99.7554,99.6543,1.6697
4.2980,100.0000,99.8200,99.8200,99.7099,1.6640,99.7813,99.7813,99.6745,1.6688
4.2990,100.0000,99.8474,99.8474,99.7319,1.6629,99.8085,99.8085,99.6959,1.6679
4.3000,100.0000,99.8759,99.8759,99.7550,1.6617,99.8368,99.8368,99.7184,1.6670
4.3010,100.0000,99.9055,99.9055,99.7792,1.6605,99.8661,99.8661,99.7421,1.6660
4.3020,100.0000,99.9361,99.9361,99.8045,1.6593,99.8965,99.8965,99.7669,1.6650
4.3030,100.0000,99.9677,99.9677,99.8308,1.6580,99.9279,99.9279,99.7928,1.6639
4.3040,100.0000,100.0002,100.0002,99.8582,1.6566,99.9601,99.9601,99.8198,1.6628
4.3050,100.0000,100.0336,100.0336,99.8866,1.6552,99.9933,99.9933,99.8479,1.6617
4.3060,100.0000,100.0678,100.0678,99.9160,1.6537,100.0272,100.0272,99.8770,1.6605
4.3070,100.0000,100.1027,100.1027,99.9464,1.6522,100.0618,100.0618,99.9070,1.6592
4.3080,100.0000,100.1383,100.1383,99.9776,1.6506,100.0971,100.0971,99.9380,1.6579
4.3090,100.0000,100.1744,100.1744,100.0098,1.6490,100.1329,100.1329,99.9698,1.6566
4.3100,100.0000,100.2111,100.2111,100.0427,1.6474,100.1693,100.1693,100.0024,1.6553
4.3110,100.0000,100.2483,100.2483,100.0764,1.6457,100.2061,100.2061,100.0358,1.6539
4.3120,100.0000,100.2858,100.2858,100.1108,1.6440,100.2433,100.2433,100.0699,1.6525
4.3130,100.0000,100.3236,100.3236,100.1458,1.6422,100.2808,100.2808,100.1046,1.6511
4.3140,100.0000,100.3617,100.3617,100.1813,1.6404,100.3184,100.3184,100.1398,1.6496
4.3150,100.0000,100.3999,100.3999,100.2174,1.6386,100.3562,100.3562,100.1755,1.6481
4.3160,100.0000,100.4382,100.4382,100.2539,1.6368,100.3941,100.3941,100.2117,1.6466
4.3170,100.0000,100.4764,100.4764,100.2908,1.6350,100.4319,100.4319,100.2482,1.6451
4.3180,100.0000,100.5146,100.5146,100.3279,1.6331,100.4696,100.4696,100.2849,1.6436
4.3190,100.0000,100.5526,100.5526,100.3652,1.6312,100.5071,100.5071,100.3218,1.6421
4.3200,100.0000,100.5904,100.5904,100.4027,1.6294,100.5444,100.5444,100.3589,1.6405
4.3210,100.0000,100.6278,100.6278,100.4403,1.6275,100.5813,100.5813,100.3960,1.6390
4.3220,100.0000,100.6648,100.6648,100.4778,1.6256,100.6178,100.6178,100.4331,1.6375
4.3230,100.0000,100.7014,100.7014,100.5152,1.6237,100.6538,100.6538,100.4700,1.6359
4.3240,100.0000,100.7373,100.7373,100.5524,1.6219,100.6892,100.6892,100.5068,1.6344
4.3250,100.0000,100.7727,100.7727,100.5894,1.6200,100.7239,100.7239,100.5433,1.6329
4.3260,100.0000,100.8073,100.8073,100.6261,1.6182,100.7579,100.7579,100.5794,1.6314
4.3270,100.0000,100.8410,100.8410,100.6623,1.6164,100.7911,100.7911,100.6151,1.6299
4.3280,100.0000,100.8740,100.8740,100.6980,1.6146,100.8234,100.8234,100.6503,1.6284
4.3290,100.0000,100.9059,100.9059,100.7332,1.6128,100.8548,100.8548,100.6849,1.6270
4.3300,100.0000,100.9369,100.9369,100.7678,1.6110,100.8851,100.8851,100.7189,1.6255
4.3310,100.0000,100.9668,100.9668,100.8016,1.6093,100.9144,100.9144,100.7521,1.6241
4.3320,100.0000,100.9955,100.9955,100.8346,1.6076,100.9424,100.9424,100.7846,1.6228
4.3330,100.0000,101.0229,101.0229,100.8668,1.6060,100.9693,100.9693,100.8162,1.6214
4.3340,100.0000,101.0492,101.0492,100.8980,1.6044,100.9949,100.9949,100.8468,1.6201
4.3350,100.0000,101.0740,101.0740,100.9282,1.6028,101.0192,101.0192,100.8764,1.6189
4.3360,100.0000,101.0975,101.0975,100.9574,1.6013,101.0420,101.0420,100.9050,1.6177
4.3370,100.0000,101.1195,101.1195,100.9854,1.5999,101.0634,101.0634,100.9324,1.6165
4.3380,100.0000,101.1400,101.1400,101.0122,1.5985,101.0833,101.0833,100.9586,1.6154
4.3390,100.0000,101.1589,101.1589,101.0378,1.5972,101.1017,101.1017,100.9835,1.6143
4.3400,100.0000,101.1763,101.1763,101.0620,1.5960,101.1185,101.1185,101.0072,1.6133
4.3410,100.0000,101.1920,101.1920,101.0849,1.5948,101.1336,101.1336,101.0294,1.6123
4.3420,100.0000,101.2060,101.2060,101.1063,1.5937,101.1471,101.1471,101.0503,1.6114
4.3430,100.0000,101.2182,101.2182,101.1262,1.5926,101.1589,101.1589,101.0696,1.6106
4.3440,100.0000,101.2288,101.2288,101.1446,1.5917,101.1690,101.1690,101.0875,1.6098
4.3450,100.0000,101.2375,101.2375,101.1614,1.5908,101.1773,101.1773,101.1038,1.6091
4.3460,100.0000,101.2444,101.2444,101.1767,1.5900,101.1838,101.1838,101.1185,1.6084
4.3470,100.0000,101.2495,101.2495,101.1902,1.5892,101.1885,101.1885,101.1315,1.6079
4.3480,100.0000,101.2527,101.2527,101.2021,1.5886,101.1914,101.1914,101.1429,1.6073
4.3490,100.0000,101.2541,101.2541,101.2122,1.5881,101.1924,101.1924,101.1526,1.6069
4.3500,100.0000,101.2536,101.2536,101.2206,1.5876,101.1916,101.1916,101.1606,1.6065
4.3510,100.0000,101.2511,101.2511,101.2272,1.5872,101.1890,101.1890,101.1668,1.6062
4.3520,100.0000,101.2468,101.2468,101.2320,1.5869,101.1845,101.1845,101.1712,1.6060
4.3530,100.0000,101.2406,101.2406,101.2349,1.5867,101.1781,101.1781,101.1739,1.6058
4.3540,100.0000,101.2325,101.2325,101.2361,1.5866,101.1699,101.1699,101.1747,1.6057
4.3550,100.0000,101.2225,101.2225,101.2354,1.5866,101.1598,101.1598,101.1737,1.6057
4.3560,100.0000,101.2106,101.2106,101.2328,1.5867,101.1480,101.1480,101.1710,1.6058
4.3570,100.0000,101.1968,101.1968,101.2283,1.5869,101.1343,101.1343,101.1664,1.6060
4.3580,100.0000,101.1812,101.1812,101.2220,1.5871,101.1188,101.1188,101.1599,1.6062
4.3590,100.0000,101.1637,101.1637,101.2139,1.5875,101.1015,101.1015,101.1517,1.6065
4.3600,100.0000,101.1445,101.1445,101.2038,1.5880,101.0825,101.0825,101.1417,1.6068
4.3610,100.0000,101.1234,101.1234,101.1920,1.5885,101.0617,101.0617,101.1298,1.6073
4.3620,100.0000,101.1006,101.1006,101.1783,1.5891,101.0392,101.0392,101.1162,1.6078
4.3630,100.0000,101.0761,101.0761,101.1627,1.5899,101.0151,101.0151,101.1008,1.6084
4.3640,100.0000,101.0498,101.0498,101.1454,1.5907,100.9894,100.9894,101.0837,1.6091
4.3650,100.0000,101.0219,101.0219,101.1263,1.5916,100.9621,100.9621,101.0648,1.6098
4.3660,100.0000,100.9924,100.9924,101.1054,1.5926,100.9333,100.9333,101.0443,1.6106
4.3670,100.0000,100.9614,100.9614,101.0828,1.5937,100.9029,100.9029,101.0221,1.6115
4.3680,100.0000,100.9288,100.9288,101.0585,1.5949,100.8711,100.8711,100.9982,1.6124
4.3690,100.0000,100.8947,100.8947,101.0326,1.5961,100.8379,100.8379,100.9728,1.6134
4.3700,100.0000,100.8592,100.8592,101.0050,1.5975,100.8034,100.8034,100.9458,1.6145
4.3710,100.0000,100.8224,100.8224,100.9759,1.5989,100.7676,100.7676,100.9173,1.6157
4.3720,100.0000,100.7842,100.7842,100.9452,1.6004,100.7306,100.7306,100.8874,1.6169
4.3730,100.0000,100.7449,100.7449,100.9130,1.6020,100.6924,100.6924,100.8560,1.6181
4.3740,100.0000,100.7043,100.7043,100.8794,1.6036,100.6531,100.6531,100.8233,1.6194
4.3750,100.0000,100.6626,100.6626,100.8443,1.6053,100.6127,100.6127,100.7893,1.6208
4.3760,100.0000,100.6198,100.6198,100.8080,1.6071,100.5714,100.5714,100.7539,1.6222
4.3770,100.0000,100.5760,100.5760,100.7703,1.6090,100.5292,100.5292,100.7174,1.6237
4.3780,100.0000,100.5313,100.5313,100.7315,1.6109,100.4862,100.4862,100.6798,1.6253
4.3790,100.0000,100.4858,100.4858,100.6915,1.6128,100.4423,100.4423,100.6411,1.6268
4.3800,100.0000,100.4395,100.4395,100.6503,1.6149,100.3979,100.3979,100.6013,1.6284
4.3810,100.0000,100.3925,100.3925,100.6082,1.6170,100.3527,100.3527,100.5606,1.6301
4.3820,100.0000,100.3448,100.3448,100.5650,1.6191,100.3071,89.6907,100.5191,1.6318
4.3830,100.0000,100.2966,89.5829,100.5210,1.6213,100.2614,89.7442,98.3534,1.7213
4.3840,100.0000,100.2485,89.6038,98.3334,1.7306,100.2161,89.8703,96.6315,1.7927
4.3850,100.0000,100.2008,89.6997,96.5875,1.8180,100.1715,90.0640,95.2793,1.8488
4.3860,100.0000,100.1541,89.8654,95.2099,1.8870,100.1278,90.3203,94.2362,1.8925
4.3870,100.0000,100.1086,90.0959,94.1410,1.9407,100.0854,90.6342,93.4531,1.9252
4.3880,100.0000,100.0645,90.3858,93.3320,1.9811,100.0442,91.0002,92.8893,1.9489
4.3890,100.0000,100.0221,90.7300,92.7428,2.0106,100.0045,91.4127,92.5115,1.9648
4.3900,100.0000,99.9814,91.1230,92.3402,2.0308,99.9664,91.8660,92.2917,1.9740
4.3910,100.0000,99.9426,91.5592,92.0968,2.0430,99.9298,92.3540,92.2066,1.9777
4.3920,100.0000,99.9057,92.0327,91.9893,2.0484,99.8949,92.8702,92.2361,1.9765
4.3930,100.0000,99.8708,92.5374,91.9979,2.0480,99.8617,93.4082,92.3629,1.9712
4.3940,100.0000,99.8379,93.0670,92.1058,2.0427,99.8301,93.9612,92.5719,1.9625
4.3950,100.0000,99.8069,93.6151,92.2981,2.0331,99.8001,94.5223,92.8498,1.9509
4.3960,100.0000,99.7779,94.1748,92.5615,2.0200,99.7719,95.0845,93.1843,1.9369
4.3970,100.0000,99.7508,94.7394,92.8841,2.0039,99.7452,95.6407,93.5643,1.9210
4.3980,100.0000,99.7255,95.3019,93.2552,1.9854,99.7201,96.1839,93.9796,1.9037
4.3990,100.0000,99.7021,95.8555,93.6646,1.9649,99.6966,96.7071,94.4205,1.8854
4.4000,100.0000,99.6805,96.3929,94.1027,1.9430,99.6745,97.2035,94.8778,1.8664
4.4010,100.0000,99.6605,96.9076,94.5608,1.9202,99.6540,97.6666,95.3429,1.8471
4.4020,100.0000,99.6422,97.3927,95.0301,1.8967,99.6348,98.0901,95.8077,1.8279
4.4030,100.0000,99.6255,97.8419,95.5027,1.8731,99.6171,98.4683,96.2641,1.8090
4.4040,100.0000,99.6102,98.2491,95.9705,1.8498,99.6007,98.7960,96.7050,1.7907
4.4050,100.0000,99.5965,98.6088,96.4262,1.8270,99.5857,99.0684,97.1232,1.7734
4.4060,100.0000,99.5842,98.9159,96.8627,1.8052,99.5720,99.2817,97.5122,1.7573
4.4070,100.0000,99.5732,99.1659,97.2734,1.7847,99.5595,99.4325,97.8661,1.7427
4.4080,100.0000,99.5636,99.3551,97.6519,1.7657,99.5484,99.5185,98.1794,1.7297
4.4090,100.0000,99.5552,99.4805,97.9925,1.7487,99.5385,99.5385,98.4472,1.7187
4.4100,100.0000,99.5481,99.5402,98.2901,1.7339,99.5299,99.5299,98.6655,1.7096
4.4110,100.0000,99.5423,99.5423,98.5401,1.7214,99.5225,99.5225,98.8384,1.7025
4.4120,100.0000,99.5377,99.5377,98.7406,1.7113,99.5165,99.5165,98.9752,1.6968
4.4130,100.0000,99.5344,99.5344,98.9000,1.7034,99.5118,99.5118,99.0835,1.6924
4.4140,100.0000,99.5324,99.5324,99.0269,1.6970,99.5084,99.5084,99.1691,1.6888
4.4150,100.0000,99.5316,99.5316,99.1280,1.6920,99.5064,99.5064,99.2370,1.6860
4.4160,100.0000,99.5322,99.5322,99.2087,1.6880,99.5058,99.5058,99.2909,1.6838
4.4170,100.0000,99.5340,99.5340,99.2734,1.6847,99.5066,99.5066,99.3339,1.6820
4.4180,100.0000,99.5373,99.5373,99.3255,1.6821,99.5088,99.5088,99.3684,1.6806
4.4190,100.0000,99.5418,99.5418,99.3679,1.6800,99.5124,99.5124,99.3965,1.6794
4.4200,100.0000,99.5478,99.5478,99.4027,1.6783,99.5174,99.5174,99.4196,1.6785
4.4210,100.0000,99.5551,99.5551,99.4317,1.6768,99.5240,99.5240,99.4392,1.6777
4.4220,100.0000,99.5639,99.5639,99.4564,1.6756,99.5320,99.5320,99.4562,1.6770
4.4230,100.0000,99.5740,99.5740,99.4779,1.6745,99.5414,99.5414,99.4713,1.6763
4.4240,100.0000,99.5856,99.5856,99.4971,1.6736,99.5523,99.5523,99.4853,1.6758
4.4250,100.0000,99.5985,99.5985,99.5148,1.6727,99.5647,99.5647,99.4987,1.6752
4.4260,100.0000,99.6129,99.6129,99.5315,1.6718,99.5786,99.5786,99.5119,1.6747
4.4270,100.0000,99.6286,99.6286,99.5478,1.6710,99.5938,99.5938,99.5253,1.6741
4.4280,100.0000,99.6458,99.6458,99.5640,1.6702,99.6105,99.6105,99.5390,1.6736
4.4290,100.0000,99.6643,99.6643,99.5803,1.6694,99.6287,99.6287,99.5533,1.6730
4.4300,100.0000,99.6842,99.6842,99.5971,1.6686,99.6482,99.6482,99.5684,1.6724
4.4310,100.0000,99.7054,99.7054,99.6145,1.6677,99.6690,99.6690,99.5843,1.6717
4.4320,100.0000,99.7279,99.7279,99.6327,1.6668,99.6912,99.6912,99.6013,1.6710
4.4330,100.0000,99.7517,99.7517,99.6518,1.6658,99.7147,99.7147,99.6193,1.6703
4.4340,100.0000,99.7768,99.7768,99.6718,1.6648,99.7395,99.7395,99.6384,1.6695
4.4350,100.0000,99.8030,99.8030,99.6928,1.6638,99.7655,99.7655,99.6586,1.6686
4.4360,100.0000,99.8304,99.8304,99.7148,1.6627,99.7926,99.7926,99.6800,1.6677
4.4370,100.0000,99.8590,99.8590,99.7379,1.6615,99.8209,99.8209,99.7025,1.6668
4.4380,100.0000,99.8886,99.8886,99.7621,1.6603,99.8503,99.8503,99.7262,1.6658
4.4390,100.0000,99.9192,99.9192,99.7874,1.6591,99.8807,99.8807,99.7510,1.6648
4.4400,100.0000,99.9509,99.9509,99.8138,1.6578,99.9121,99.9121,99.7770,1.6637
4.4410,100.0000,99.9834,99.9834,99.8412,1.6564,99.9444,99.9444,99.8040,1.6626
4.4420,100.0000,100.0168,100.0168,99.8696,1.6550,99.9775,99.9775,99.8321,1.6615
4.4430,100.0000,100.0510,100.0510,99.8991,1.6535,100.0114,100.0114,99.8611,1.6603
4.4440,100.0000,100.0859,100.0859,99.9294,1.6520,100.0461,100.0461,99.8912,1.6590
4.4450,100.0000,100.1215,100.1215,99.9607,1.6504,100.0813,100.0813,99.9222,1.6577
4.4460,100.0000,100.1576,100.1576,99.9929,1.6488,100.1172,100.1172,99.9540,1.6564
4.4470,100.0000,100.1944,100.1944,100.0258,1.6472,100.1536,100.1536,99.9866,1.6551
4.4480,100.0000,100.2315,100.2315,100.0595,1.6455,100.1904,100.1904,100.0200,1.6537
4.4490,100.0000,100.2690,100.2690,100.0939,1.6437,100.2276,100.2276,100.0541,1.6523
4.4500,100.0000,100.3069,100.3069,100.1290,1.6420,100.2651,100.2651,100.0888,1.6508
4.4510,100.0000,100.3449,100.3449,100.1645,1.6402,100.3027,100.3027,100.1241,1.6494
4.4520,100.0000,100.3831,100.3831,100.2006,1.6384,100.3405,100.3405,100.1598,1.6479
4.4530,100.0000,100.4214,100.4214,100.2371,1.6366,100.3784,100.3784,100.1959,1.6464
4.4540,100.0000,100.4597,100.4597,100.2740,1.6347,100.4162,100.4162,100.2324,1.6449
4.4550,100.0000,100.4979,100.4979,100.3111,1.6329,100.4540,100.4540,100.2692,1.6434
4.4560,100.0000,100.5359,100.5359,100.3485,1.6310,100.4915,100.4915,100.3061,1.6418
4.4570,100.0000,100.5736,100.5736,100.3860,1.6291,100.5288,100.5288,100.3432,1.6403
4.4580,100.0000,100.6110,100.6110,100.4235,1.6273,100.5657,100.5657,100.3803,1.6388
4.4590,100.0000,100.6481,100.6481,100.4610,1.6254,100.6022,100.6022,100.4174,1.6372
4.4600,100.0000,100.6846,100.6846,100.4984,1.6235,100.6382,100.6382,100.4544,1.6357
4.4610,100.0000,100.7205,100.7205,100.5356,1.6216,100.6736,100.6736,100.4911,1.6342
4.4620,100.0000,100.7558,100.7558,100.5726,1.6198,100.7083,100.7083,100.5276,1.6327
4.4630,100.0000,100.7904,100.7904,100.6093,1.6180,100.7423,100.7423,100.5637,1.6312
4.4640,100.0000,100.8242,100.8242,100.6455,1.6161,100.7755,100.7755,100.5995,1.6297
4.4650,100.0000,100.8570,100.8570,100.6812,1.6144,100.8078,100.8078,100.6347,1.6282
4.4660,100.0000,100.8890,100.8890,100.7164,1.6126,100.8392,100.8392,100.6693,1.6267
4.4670,100.0000,100.9199,100.9199,100.7509,1.6108,100.8695,100.8695,100.7033,1.6253
4.4680,100.0000,100.9497,100.9497,100.7847,1.6091,100.8988,100.8988,100.7365,1.6239
4.4690,100.0000,100.9784,100.9784,100.8177,1.6074,100.9269,100.9269,100.7690,1.6225
4.4700,100.0000,101.0059,101.0059,100.8499,1.6058,100.9538,100.9538,100.8006,1.6212
4.4710,100.0000,101.0321,101.0321,100.8811,1.6042,100.9794,100.9794,100.8312,1.6199
4.4720,100.0000,101.0569,101.0569,100.9113,1.6026,101.0036,101.0036,100.8608,1.6186
4.4730,100.0000,101.0803,101.0803,100.9404,1.6011,101.0265,101.0265,100.8894,1.6174
4.4740,100.0000,101.1023,101.1023,100.9684,1.5997,101.0479,101.0479,100.9168,1.6162
4.4750,100.0000,101.1227,101.1227,100.9951,1.5983,101.0678,101.0678,100.9430,1.6151
4.4760,100.0000,101.1416,101.1416,101.0207,1.5970,101.0862,101.0862,100.9680,1.6141
4.4770,100.0000,101.1589,101.1589,101.0449,1.5958,101.1030,101.1030,100.9916,1.6130
4.4780,100.0000,101.1746,101.1746,101.0677,1.5946,101.1182,101.1182,101.0139,1.6121
4.4790,100.0000,101.1885,101.1885,101.0891,1.5935,101.1317,101.1317,101.0348,1.6112
4.4800,100.0000,101.2008,101.2008,101.1090,1.5924,101.1435,101.1435,101.0541,1.6103
4.4810,100.0000,101.2113,101.2113,101.1273,1.5915,101.1535,101.1535,101.0720,1.6096
4.4820,100.0000,101.2200,101.2200,101.1441,1.5906,101.1618,101.1618,101.0883,1.6088
4.4830,100.0000,101.2268,101.2268,101.1593,1.5898,101.1683,101.1683,101.1030,1.6082
4.4840,100.0000,101.2319,101.2319,101.1728,1.5891,101.1731,101.1731,101.1161,1.6076
4.4850,100.0000,101.2351,101.2351,101.1846,1.5884,101.1760,101.1760,101.1275,1.6071
4.4860,100.0000,101.2364,101.2364,101.1947,1.5879,101.1770,101.1770,101.1372,1.6066
4.4870,100.0000,101.2358,101.2358,101.2030,1.5874,101.1762,101.1762,101.1451,1.6063
4.4880,100.0000,101.2334,101.2334,101.2096,1.5871,101.1736,101.1736,101.1514,1.6060
4.4890,100.0000,101.2290,101.2290,101.2143,1.5868,101.1691,101.1691,101.1558,1.6057
4.4900,100.0000,101.2227,101.2227,101.2173,1.5866,101.1628,101.1628,101.1585,1.6056
4.4910,100.0000,101.2146,101.2146,101.2184,1.5865,101.1546,101.1546,101.1593,1.6055
4.4920,100.0000,101.2045,101.2045,101.2176,1.5865,101.1445,101.1445,101.1584,1.6055
4.4930,100.0000,101.1926,101.1926,101.2150,1.5866,101.1327,101.1327,101.1556,1.6056
4.4940,100.0000,101.1788,101.1788,101.2105,1.5867,101.1190,101.1190,101.1510,1.6057
4.4950,100.0000,101.1632,101.1632,101.2042,1.5870,101.1035,101.1035,101.1446,1.6059
4.4960,100.0000,101.1457,101.1457,101.1960,1.5874,101.0863,101.0863,101.1364,1.6062
4.4970,100.0000,101.1264,101.1264,101.1859,1.5878,101.0672,101.0672,101.1264,1.6066
4.4980,100.0000,101.1053,101.1053,101.1740,1.5884,101.0465,101.0465,101.1145,1.6070
4.4990,100.0000,101.0825,101.0825,101.1603,1.5890,101.0241,101.0241,101.1009,1.6076
4.5000,100.0000,101.0579,101.0579,101.1447,1.5897,101.0000,101.0000,101.0856,1.6081
4.5010,100.0000,101.0316,101.0316,101.1273,1.5906,100.9743,100.9743,101.0684,1.6088
4.5020,100.0000,101.0037,101.0037,101.1082,1.5915,100.9470,100.9470,101.0496,1.6095
4.5030,100.0000,100.9742,100.9742,101.0873,1.5925,100.9181,100.9181,101.0291,1.6104
4.5040,100.0000,100.9431,100.9431,101.0647,1.5936,100.8878,100.8878,101.0069,1.6112
4.5050,100.0000,100.9105,100.9105,101.0404,1.5948,100.8560,100.8560,100.9831,1.6122
4.5060,100.0000,100.8764,100.8764,101.0144,1.5960,100.8228,100.8228,100.9576,1.6132
4.5070,100.0000,100.8409,100.8409,100.9868,1.5974,100.7883,100.7883,100.9307,1.6143
4.5080,100.0000,100.8041,100.8041,100.9576,1.5988,100.7525,100.7525,100.9022,1.6154
4.5090,100.0000,100.7659,100.7659,100.9269,1.6003,100.7155,100.7155,100.8723,1.6166
4.5100,100.0000,100.7265,100.7265,100.8947,1.6018,100.6773,100.6773,100.8409,1.6179
4.5110,100.0000,100.6859,100.6859,100.8611,1.6035,100.6380,100.6380,100.8082,1.6192
4.5120,100.0000,100.6442,100.6442,100.8260,1.6052,100.5977,100.5977,100.7742,1.6206
4.5130,100.0000,100.6014,100.6014,100.7897,1.6070,100.5564,100.5564,100.7389,1.6220
4.5140,100.0000,100.5577,100.5577,100.7520,1.6089,100.5142,100.5142,100.7024,1.6235
4.5150,100.0000,100.5130,100.5130,100.7132,1.6108,100.4712,100.4712,100.6647,1.6250
4.5160,100.0000,100.4675,100.4675,100.6731,1.6127,100.4274,100.4274,100.6260,1.6266
4.5170,100.0000,100.4212,100.4212,100.6320,1.6148,100.3829,100.3829,100.5863,1.6282
4.5180,100.0000,100.3741,100.3741,100.5898,1.6169,100.3378,100.3378,100.5456,1.6299
4.5190,100.0000,100.3265,100.3265,100.5467,1.6190,100.2921,89.6750,100.5040,1.6316
4.5200,100.0000,100.2783,89.5654,100.5027,1.6212,100.2464,89.7278,98.3382,1.7212
4.5210,100.0000,100.2301,89.5879,98.3152,1.7305,100.2011,89.8532,96.6161,1.7926
4.5220,100.0000,100.1825,89.6853,96.5698,1.8179,100.1565,90.0463,95.2636,1.8488
4.5230,100.0000,100.1358,89.8525,95.1929,1.8869,100.1129,90.3020,94.2201,1.8925
4.5240,100.0000,100.0903,90.0843,94.1248,1.9405,100.0704,90.6153,93.4365,1.9253
4.5250,100.0000,100.0463,90.3755,93.3167,1.9809,100.0293,90.9807,92.8722,1.9490
4.5260,100.0000,100.0039,90.7208,92.7285,2.0103,99.9896,91.3928,92.4939,1.9649
4.5270,100.0000,99.9632,91.1148,92.3269,2.0305,99.9515,91.8456,92.2737,1.9742
4.5280,100.0000,99.9244,91.5518,92.0845,2.0426,99.9149,92.3331,92.1881,1.9779
4.5290,100.0000,99.8876,92.0260,91.9780,2.0480,99.8801,92.8491,92.2171,1.9767
4.5300,100.0000,99.8527,92.5313,91.9876,2.0475,99.8468,93.3868,92.3435,1.9714
4.5310,100.0000,99.8198,93.0614,92.0963,2.0421,99.8152,93.9396,92.5522,1.9627
4.5320,100.0000,99.7888,93.6097,92.2893,2.0325,99.7853,94.5006,92.8296,1.9511
4.5330,100.0000,99.7598,94.1695,92.5534,2.0194,99.7571,95.0628,93.1638,1.9372
4.5340,100.0000,99.7327,94.7342,92.8766,2.0032,99.7304,95.6191,93.5436,1.9213
4.5350,100.0000,99.7075,95.2965,93.2482,1.9847,99.7053,96.1624,93.9587,1.9040
4.5360,100.0000,99.6841,95.8496,93.6578,1.9643,99.6818,96.6859,94.3995,1.8856
4.5370,100.0000,99.6624,96.3866,94.0962,1.9424,99.6598,97.1826,94.8567,1.8666
4.5380,100.0000,99.6425,96.9006,94.5543,1.9195,99.6393,97.6461,95.3219,1.8473
4.5390,100.0000,99.6242,97.3849,95.0235,1.8960,99.6202,98.0702,95.7868,1.8281
4.5400,100.0000,99.6075,97.8333,95.4958,1.8725,99.6025,98.4490,96.2435,1.8091
4.5410,100.0000,99.5923,98.2395,95.9633,1.8491,99.5861,98.7774,96.6846,1.7909
4.5420,100.0000,99.5786,98.5981,96.4185,1.8264,99.5711,99.0505,97.1031,1.7735
4.5430,100.0000,99.5663,98.9039,96.8545,1.8046,99.5574,99.2646,97.4926,1.7574
4.5440,100.0000,99.5553,99.1526,97.2644,1.7841,99.5450,99.4162,97.8470,1.7427
4.5450,100.0000,99.5457,99.3405,97.6420,1.7652,99.5338,99.5032,98.1609,1.7297
4.5460,100.0000,99.5373,99.4647,97.9817,1.7483,99.5240,99.5240,98.4293,1.7186
4.5470,100.0000,99.5302,99.5230,98.2783,1.7334,99.5154,99.5154,98.6482,1.7096
4.5480,100.0000,99.5244,99.5244,98.5272,1.7210,99.5080,99.5080,98.8217,1.7024
4.5490,100.0000,99.5198,99.5198,98.7267,1.7110,99.5020,99.5020,98.9589,1.6967
4.5500,100.0000,99.5165,99.5165,98.8853,1.7031,99.4973,99.4973,99.0676,1.6922
4.5510,100.0000,99.5145,99.5145,99.0116,1.6968,99.4940,99.4940,99.1535,1.6887
4.5520,100.0000,99.5138,99.5138,99.1122,1.6918,99.4920,99.4920,99.2216,1.6859
4.5530,100.0000,99.5144,99.5144,99.1925,1.6878,99.4913,99.4913,99.2757,1.6836
4.5540,100.0000,99.5162,99.5162,99.2569,1.6845,99.4921,99.4921,99.3188,1.6818
4.5550,100.0000,99.5195,99.5195,99.3087,1.6819,99.4943,99.4943,99.3535,1.6804
4.5560,100.0000,99.5241,99.5241,99.3509,1.6798,99.4980,99.4980,99.3816,1.6792
4.5570,100.0000,99.5300,99.5300,99.3855,1.6781,99.5030,99.5030,99.4049,1.6783
4.5580,100.0000,99.5374,99.5374,99.4144,1.6767,99.5096,99.5096,99.4245,1.6775
4.5590,100.0000,99.5461,99.5461,99.4390,1.6754,99.5176,99.5176,99.4415,1.6768
4.5600,100.0000,99.5563,99.5563,99.4604,1.6744,99.5270,99.5270,99.4567,1.6761
4.5610,100.0000,99.5679,99.5679,99.4796,1.6734,99.5380,99.5380,99.4708,1.6756
4.5620,100.0000,99.5808,99.5808,99.4973,1.6725,99.5503,99.5503,99.4842,1.6750
4.5630,100.0000,99.5952,99.5952,99.5140,1.6717,99.5642,99.5642,99.4975,1.6745
4.5640,100.0000,99.6110,99.6110,99.5302,1.6709,99.5795,99.5795,99.5108,1.6739
4.5650,100.0000,99.6282,99.6282,99.5464,1.6701,99.5962,99.5962,99.5245,1.6734
4.5660,100.0000,99.6467,99.6467,99.5627,1.6693,99.6143,99.6143,99.5389,1.6728
4.5670,100.0000,99.6666,99.6666,99.5795,1.6684,99.6338,99.6338,99.5539,1.6721
4.5680,100.0000,99.6878,99.6878,99.5969,1.6676,99.6547,99.6547,99.5699,1.6715
4.5690,100.0000,99.7103,99.7103,99.6151,1.6667,99.6769,99.6769,99.5869,1.6708
4.5700,100.0000,99.7341,99.7341,99.6341,1.6657,99.7004,99.7004,99.6049,1.6700
4.5710,100.0000,99.7592,99.7592,99.6541,1.6647,99.7252,99.7252,99.6240,1.6692
4.5720,100.0000,99.7855,99.7855,99.6752,1.6637,99.7511,99.7511,99.6442,1.6684
4.5730,100.0000,99.8129,99.8129,99.6972,1.6626,99.7783,99.7783,99.6656,1.6675
4.5740,100.0000,99.8414,99.8414,99.7204,1.6614,99.8066,99.8066,99.6881,1.6666
4.5750,100.0000,99.8711,99.8711,99.7446,1.6602,99.8359,99.8359,99.7118,1.6656
4.5760,100.0000,99.9017,99.9017,99.7699,1.6589,99.8663,99.8663,99.7367,1.6646
4.5770,100.0000,99.9334,99.9334,99.7962,1.6576,99.8977,99.8977,99.7626,1.6635
4.5780,100.0000,99.9659,99.9659,99.8237,1.6562,99.9300,99.9300,99.7896,1.6624
4.5790,100.0000,99.9993,99.9993,99.8521,1.6548,99.9631,99.9631,99.8177,1.6612
4.5800,100.0000,100.0335,100.0335,99.8816,1.6534,99.9970,99.9970,99.8468,1.6600
4.5810,100.0000,100.0684,100.0684,99.9119,1.6518,100.0317,100.0317,99.8768,1.6588
4.5820,100.0000,100.1040,100.1040,99.9432,1.6503,100.0670,100.0670,99.9078,1.6575
4.5830,100.0000,100.1402,100.1402,99.9754,1.6487,100.1028,100.1028,99.9396,1.6562
4.5840,100.0000,100.1769,100.1769,100.0084,1.6470,100.1392,100.1392,99.9723,1.6548
4.5850,100.0000,100.2141,100.2141,100.0421,1.6453,100.1760,100.1760,100.0057,1.6535
4.5860,100.0000,100.2516,100.2516,100.0765,1.6436,100.2132,100.2132,100.0397,1.6520
4.5870,100.0000,100.2895,100.2895,100.1115,1.6419,100.2507,100.2507,100.0744,1.6506
4.5880,100.0000,100.3275,100.3275,100.1471,1.6401,100.2884,100.2884,100.1097,1.6491
4.5890,100.0000,100.3657,100.3657,100.1832,1.6383,100.3262,100.3262,100.1454,1.6477
4.5900,100.0000,100.4040,100.4040,100.2197,1.6364,100.3640,100.3640,100.1816,1.6462
4.5910,100.0000,100.4423,100.4423,100.2566,1.6346,100.4019,100.4019,100.2181,1.6447
4.5920,100.0000,100.4805,100.4805,100.2937,1.6327,100.4396,100.4396,100.2548,1.6431
4.5930,100.0000,100.5185,100.5185,100.3311,1.6309,100.4771,100.4771,100.2918,1.6416
4.5940,100.0000,100.5562,100.5562,100.3685,1.6290,100.5144,100.5144,100.3289,1.6401
4.5950,100.0000,100.5937,100.5937,100.4061,1.6271,100.5513,100.5513,100.3660,1.6385
4.5960,100.0000,100.6307,100.6307,100.4436,1.6252,100.5878,100.5878,100.4030,1.6370
4.5970,100.0000,100.6672,100.6672,100.4810,1.6234,100.6238,100.6238,100.4400,1.6355
4.5980,100.0000,100.7031,100.7031,100.5182,1.6215,100.6593,100.6593,100.4768,1.6339
4.5990,100.0000,100.7384,100.7384,100.5552,1.6197,100.6940,100.6940,100.5133,1.6324
4.6000,100.0000,100.7730,100.7730,100.5919,1.6178,100.7280,100.7280,100.5494,1.6309
4.6010,100.0000,100.8068,100.8068,100.6281,1.6160,100.7612,100.7612,100.5851,1.6294
4.6020,100.0000,100.8397,100.8397,100.6638,1.6142,100.7936,100.7936,100.6204,1.6279
4.6030,100.0000,100.8716,100.8716,100.6990,1.6124,100.8250,100.8250,100.6550,1.6265
4.6040,100.0000,100.9025,100.9025,100.7335,1.6107,100.8553,100.8553,100.6890,1.6251
4.6050,100.0000,100.9324,100.9324,100.7673,1.6090,100.8846,100.8846,100.7223,1.6236
4.6060,100.0000,100.9610,100.9610,100.8003,1.6073,100.9127,100.9127,100.7547,1.6223
4.6070,100.0000,100.9885,100.9885,100.8325,1.6056,100.9396,100.9396,100.7863,1.6209
4.6080,100.0000,101.0147,101.0147,100.8637,1.6040,100.9652,100.9652,100.8170,1.6196
4.6090,100.0000,101.0395,101.0395,100.8939,1.6025,100.9895,100.9895,100.8466,1.6184
4.6100,100.0000,101.0629,101.0629,100.9230,1.6010,101.0124,101.0124,100.8752,1.6172
4.6110,100.0000,101.0849,101.0849,100.9510,1.5996,101.0338,101.0338,100.9026,1.6160
4.6120,100.0000,101.1053,101.1053,100.9778,1.5982,101.0538,101.0538,100.9289,1.6149
4.6130,100.0000,101.1242,101.1242,101.0033,1.5969,101.0722,101.0722,100.9538,1.6138
4.6140,100.0000,101.1415,101.1415,101.0275,1.5956,101.0890,101.0890,100.9775,1.6128
4.6150,100.0000,101.1572,101.1572,101.0503,1.5945,101.1042,101.1042,100.9998,1.6118
4.6160,100.0000,101.1712,101.1712,101.0717,1.5933,101.1177,101.1177,101.0207,1.6109
4.6170,100.0000,101.1834,101.1834,101.0916,1.5923,101.1295,101.1295,101.0401,1.6101
4.6180,100.0000,101.1939,101.1939,101.1099,1.5914,101.1396,101.1396,101.0580,1.6093
4.6190,100.0000,101.2026,101.2026,101.1267,1.5905,101.1479,101.1479,101.0743,1.6086
4.6200,100.0000,101.2094,101.2094,101.1419,1.5897,101.1545,101.1545,101.0890,1.6079
4.6210,100.0000,101.2145,101.2145,101.1554,1.5890,101.1592,101.1592,101.1021,1.6073
4.6220,100.0000,101.2177,101.2177,101.1672,1.5883,101.1621,101.1621,101.1135,1.6068
4.6230,100.0000,101.2190,101.2190,101.1773,1.5878,101.1632,101.1632,101.1232,1.6064
4.6240,100.0000,101.2184,101.2184,101.1857,1.5873,101.1625,101.1625,101.1312,1.6060
4.6250,100.0000,101.2160,101.2160,101.1922,1.5869,101.1599,101.1599,101.1375,1.6057
4.6260,100.0000,101.2116,101.2116,101.1970,1.5866,101.1554,101.1554,101.1420,1.6055
4.6270,100.0000,101.2054,101.2054,101.1999,1.5865,101.1491,101.1491,101.1447,1.6053
4.6280,100.0000,101.1972,101.1972,101.2010,1.5864,101.1409,101.1409,101.1455,1.6052
4.6290,100.0000,101.1872,101.1872,101.2002,1.5863,101.1309,101.1309,101.1446,1.6052
4.6300,100.0000,101.1753,101.1753,101.1976,1.5864,101.1191,101.1191,101.1419,1.6053
4.6310,100.0000,101.1615,101.1615,101.1932,1.5866,101.1054,101.1054,101.1373,1.6054
4.6320,100.0000,101.1459,101.1459,101.1868,1.5869,101.0900,101.0900,101.1309,1.6056
4.6330,100.0000,101.1284,101.1284,101.1786,1.5872,101.0728,101.0728,101.1227,1.6059
4.6340,100.0000,101.1091,101.1091,101.1686,1.5877,101.0538,101.0538,101.1127,1.6063
4.6350,100.0000,101.0880,101.0880,101.1567,1.5883,101.0331,101.0331,101.1010,1.6068
4.6360,100.0000,101.0652,101.0652,101.1429,1.5889,101.0107,101.0107,101.0874,1.6073
4.6370,100.0000,101.0406,101.0406,101.1274,1.5896,100.9866,100.9866,101.0720,1.6079
4.6380,100.0000,101.0144,101.0144,101.1100,1.5905,100.9609,100.9609,101.0549,1.6085
4.6390,100.0000,100.9865,100.9865,101.0909,1.5914,100.9336,100.9336,101.0361,1.6093
4.6400,100.0000,100.9569,100.9569,101.0700,1.5924,100.9048,100.9048,101.0156,1.6101
4.6410,100.0000,100.9259,100.9259,101.0474,1.5935,100.8745,100.8745,100.9935,1.6110
4.6420,100.0000,100.8933,100.8933,101.0231,1.5946,100.8428,100.8428,100.9697,1.6119
4.6430,100.0000,100.8592,100.8592,100.9971,1.5959,100.8096,100.8096,100.9443,1.6129
4.6440,100.0000,100.8237,100.8237,100.9696,1.5972,100.7751,100.7751,100.9174,1.6140
4.6450,100.0000,100.7869,100.7869,100.9404,1.5987,100.7394,100.7394,100.8889,1.6151
4.6460,100.0000,100.7488,100.7488,100.9097,1.6002,100.7024,100.7024,100.8590,1.6163
4.6470,100.0000,100.7094,100.7094,100.8775,1.6017,100.6642,100.6642,100.8277,1.6176
4.6480,100.0000,100.6688,100.6688,100.8439,1.6034,100.6249,100.6249,100.7950,1.6189
4.6490,100.0000,100.6271,100.6271,100.8089,1.6051,100.5846,100.5846,100.7610,1.6203
4.6500,100.0000,100.5844,100.5844,100.7725,1.6069,100.5433,100.5433,100.7257,1.6217
4.6510,100.0000,100.5406,100.5406,100.7349,1.6087,100.5011,100.5011,100.6892,1.6232
4.6520,100.0000,100.4960,100.4960,100.6960,1.6106,100.4581,100.4581,100.6516,1.6247
4.6530,100.0000,100.4505,100.4505,100.6560,1.6126,100.4143,100.4143,100.6129,1.6263
4.6540,100.0000,100.4042,100.4042,100.6149,1.6147,100.3699,100.3699,100.5732,1.6279
4.6550,100.0000,100.3572,100.3572,100.5728,1.6167,100.3247,100.3247,100.5325,1.6296
4.6560,100.0000,100.3096,100.3096,100.5296,1.6189,100.2791,89.6602,100.4910,1.6313
4.6570,100.0000,100.2614,89.5491,100.4856,1.6211,100.2334,89.7115,98.3248,1.7210
4.6580,100.0000,100.2132,89.5720,98.2983,1.7304,100.1881,89.8353,96.6021,1.7925
4.6590,100.0000,100.1656,89.6698,96.5531,1.8177,100.1435,90.0268,95.2488,1.8488
4.6600,100.0000,100.1190,89.8373,95.1764,1.8867,100.0999,90.2811,94.2044,1.8926
4.6610,100.0000,100.0735,90.0694,94.1086,1.9403,100.0575,90.5931,93.4197,1.9255
4.6620,100.0000,100.0295,90.3609,93.3008,1.9807,100.0163,90.9572,92.8544,1.9492
4.6630,100.0000,99.9871,90.7064,92.7128,2.0102,99.9766,91.3682,92.4750,1.9652
4.6640,100.0000,99.9465,91.1006,92.3115,2.0303,99.9385,91.8200,92.2536,1.9746
4.6650,100.0000,99.9077,91.5377,92.0693,2.0424,99.9020,92.3067,92.1669,1.9783
4.6660,100.0000,99.8709,92.0121,91.9630,2.0478,99.8671,92.8219,92.1949,1.9771
4.6670,100.0000,99.8360,92.5174,91.9728,2.0473,99.8339,93.3592,92.3203,1.9719
4.6680,100.0000,99.8031,93.0476,92.0817,2.0419,99.8023,93.9117,92.5281,1.9632
4.6690,100.0000,99.7722,93.5959,92.2749,2.0323,99.7724,94.4726,92.8048,1.9516
4.6700,100.0000,99.7432,94.1557,92.5391,2.0191,99.7441,95.0347,93.1383,1.9377
4.6710,100.0000,99.7161,94.7203,92.8624,2.0030,99.7175,95.5913,93.5176,1.9218
4.6720,100.0000,99.6909,95.2824,93.2340,1.9844,99.6924,96.1351,93.9324,1.9045
4.6730,100.0000,99.6676,95.8355,93.6437,1.9640,99.6689,96.6592,94.3729,1.8862
4.6740,100.0000,99.6459,96.3723,94.0820,1.9421,99.6470,97.1567,94.8301,1.8671
4.6750,100.0000,99.6260,96.8862,94.5401,1.9192,99.6264,97.6211,95.2955,1.8478
4.6760,100.0000,99.6078,97.3703,95.0093,1.8958,99.6073,98.0463,95.7606,1.8285
4.6770,100.0000,99.5911,97.8185,95.4815,1.8722,99.5897,98.4264,96.2177,1.8096
4.6780,100.0000,99.5759,98.2245,95.9489,1.8489,99.5733,98.7562,96.6595,1.7912
4.6790,100.0000,99.5622,98.5829,96.4040,1.8261,99.5583,99.0309,97.0788,1.7739
4.6800,100.0000,99.5499,98.8885,96.8398,1.8043,99.5446,99.2466,97.4692,1.7577
4.6810,100.0000,99.5389,99.1370,97.2495,1.7839,99.5322,99.4000,97.8247,1.7429
4.6820,100.0000,99.5293,99.3247,97.6270,1.7650,99.5211,99.4887,98.1398,1.7299
4.6830,100.0000,99.5210,99.4486,97.9666,1.7480,99.5112,99.5112,98.4096,1.7187
4.6840,100.0000,99.5139,99.5068,98.2630,1.7332,99.5027,99.5027,98.6299,1.7096
4.6850,100.0000,99.5081,99.5081,98.5117,1.7208,99.4954,99.4954,98.8044,1.7024
4.6860,100.0000,99.5036,99.5036,98.7110,1.7108,99.4893,99.4893,98.9426,1.6966
4.6870,100.0000,99.5003,99.5003,98.8695,1.7029,99.4847,99.4847,99.0520,1.6921
4.6880,100.0000,99.4983,99.4983,98.9957,1.6966,99.4813,99.4813,99.1385,1.6885
4.6890,100.0000,99.4976,99.4976,99.0962,1.6916,99.4793,99.4793,99.2071,1.6857
4.6900,100.0000,99.4981,99.4981,99.1765,1.6876,99.4787,99.4787,99.2615,1.6834
4.6910,100.0000,99.5001,99.5001,99.2408,1.6844,99.4795,99.4795,99.3050,1.6817
4.6920,100.0000,99.5033,99.5033,99.2927,1.6818,99.4817,99.4817,99.3399,1.6802
4.6930,100.0000,99.5079,99.5079,99.3348,1.6797,99.4853,99.4853,99.3682,1.6790
4.6940,100.0000,99.5139,99.5139,99.3694,1.6780,99.4904,99.4904,99.3916,1.6781
4.6950,100.0000,99.5213,99.5213,99.3983,1.6765,99.4969,99.4969,99.4114,1.6773
4.6960,100.0000,99.5300,99.5300,99.4229,1.6753,99.5049,99.5049,99.4285,1.6765
4.6970,100.0000,99.5402,99.5402,99.4443,1.6742,99.5144,99.5144,99.4438,1.6759
4.6980,100.0000,99.5518,99.5518,99.4635,1.6733,99.5253,99.5253,99.4579,1.6753
4.6990,100.0000,99.5648,99.5648,99.4812,1.6724,99.5377,99.5377,99.4714,1.6748
4.7000,100.0000,99.5792,99.5792,99.4979,1.6715,99.5515,99.5515,99.4846,1.6742
4.7010,100.0000,99.5950,99.5950,99.5141,1.6707,99.5667,99.5667,99.4980,1.6737
4.7020,100.0000,99.6121,99.6121,99.5303,1.6699,99.5835,99.5835,99.5117,1.6731
4.7030,100.0000,99.6307,99.6307,99.5467,1.6691,99.6016,99.6016,99.5261,1.6725
4.7040,100.0000,99.6506,99.6506,99.5635,1.6683,99.6211,99.6211,99.5412,1.6719
4.7050,100.0000,99.6718,99.6718,99.5809,1.6674,99.6419,99.6419,99.5572,1.6712
4.7060,100.0000,99.6944,99.6944,99.5991,1.6665,99.6641,99.6641,99.5741,1.6705
4.7070,100.0000,99.7182,99.7182,99.6181,1.6655,99.6876,99.6876,99.5921,1.6698
4.7080,100.0000,99.7433,99.7433,99.6382,1.6645,99.7123,99.7123,99.6112,1.6690
4.7090,100.0000,99.7695,99.7695,99.6592,1.6635,99.7383,99.7383,99.6314,1.6682
4.7100,100.0000,99.7970,99.7970,99.6812,1.6624,99.7655,99.7655,99.6528,1.6673
4.7110,100.0000,99.8255,99.8255,99.7044,1.6612,99.7937,99.7937,99.6753,1.6664
4.7120,100.0000,99.8552,99.8552,99.7286,1.6600,99.8231,99.8231,99.6990,1.6654
4.7130,100.0000,99.8858,99.8858,99.7539,1.6588,99.8535,99.8535,99.7238,1.6644
4.7140,100.0000,99.9175,99.9175,99.7803,1.6574,99.8848,99.8848,99.7497,1.6633
4.7150,100.0000,99.9500,99.9500,99.8077,1.6561,99.9171,99.9171,99.7768,1.6622
4.7160,100.0000,99.9834,99.9834,99.8362,1.6547,99.9502,99.9502,99.8048,1.6610
4.7170,100.0000,100.0176,100.0176,99.8656,1.6532,99.9841,99.9841,99.8339,1.6598
4.7180,100.0000,100.0526,100.0526,99.8960,1.6517,100.0187,100.0187,99.8639,1.6585
4.7190,100.0000,100.0882,100.0882,99.9273,1.6501,100.0540,100.0540,99.8949,1.6573
4.7200,100.0000,100.1243,100.1243,99.9595,1.6485,100.0899,100.0899,99.9267,1.6559
4.7210,100.0000,100.1611,100.1611,99.9925,1.6468,100.1262,100.1262,99.9593,1.6546
4.7220,100.0000,100.1982,100.1982,100.0262,1.6452,100.1630,100.1630,99.9927,1.6532
4.7230,100.0000,100.2358,100.2358,100.0606,1.6434,100.2002,100.2002,100.0268,1.6518
4.7240,100.0000,100.2736,100.2736,100.0956,1.6417,100.2377,100.2377,100.0615,1.6504
4.7250,100.0000,100.3117,100.3117,100.1312,1.6399,100.2754,100.2754,100.0967,1.6489
4.7260,100.0000,100.3499,100.3499,100.1673,1.6381,100.3132,100.3132,100.1324,1.6474
4.7270,100.0000,100.3882,100.3882,100.2038,1.6363,100.3510,100.3510,100.1686,1.6459
4.7280,100.0000,100.4265,100.4265,100.2407,1.6344,100.3889,100.3889,100.2051,1.6444
4.7290,100.0000,100.4647,100.4647,100.2779,1.6326,100.4266,100.4266,100.2418,1.6429
4.7300,100.0000,100.5027,100.5027,100.3152,1.6307,100.4641,100.4641,100.2788,1.6413
4.7310,100.0000,100.5405,100.5405,100.3527,1.6288,100.5014,100.5014,100.3159,1.6398
4.7320,100.0000,100.5779,100.5779,100.3903,1.6269,100.5384,100.5384,100.3530,1.6383
4.7330,100.0000,100.6149,100.6149,100.4278,1.6251,100.5749,100.5749,100.3901,1.6367
4.7340,100.0000,100.6514,100.6514,100.4652,1.6232,100.6109,100.6109,100.4270,1.6352
4.7350,100.0000,100.6874,100.6874,100.5025,1.6213,100.6463,100.6463,100.4638,1.6337
4.7360,100.0000,100.7227,100.7227,100.5395,1.6195,100.6811,100.6811,100.5003,1.6321
4.7370,100.0000,100.7573,100.7573,100.5761,1.6176,100.7151,100.7151,100.5365,1.6306
4.7380,100.0000,100.7911,100.7911,100.6123,1.6158,100.7483,100.7483,100.5722,1.6292
4.7390,100.0000,100.8240,100.8240,100.6481,1.6140,100.7807,100.7807,100.6074,1.6277
4.7400,100.0000,100.8559,100.8559,100.6833,1.6123,100.8121,100.8121,100.6421,1.6262
4.7410,100.0000,100.8868,100.8868,100.7178,1.6105,100.8425,100.8425,100.6761,1.6248
4.7420,100.0000,100.9167,100.9167,100.7516,1.6088,100.8718,100.8718,100.7094,1.6234
4.7430,100.0000,100.9454,100.9454,100.7846,1.6071,100.8999,100.8999,100.7418,1.6220
4.7440,100.0000,100.9728,100.9728,100.8168,1.6055,100.9268,100.9268,100.7735,1.6207
4.7450,100.0000,100.9990,100.9990,100.8480,1.6039,100.9525,100.9525,100.8041,1.6194
4.7460,100.0000,101.0239,101.0239,100.8782,1.6023,100.9768,100.9768,100.8338,1.6181
4.7470,100.0000,101.0473,101.0473,100.9073,1.6008,100.9997,100.9997,100.8624,1.6169
4.7480,100.0000,101.0693,101.0693,100.9353,1.5994,101.0212,101.0212,100.8899,1.6157
4.7490,100.0000,101.0897,101.0897,100.9621,1.5980,101.0411,101.0411,100.9161,1.6146
4.7500,100.0000,101.1087,101.1087,100.9876,1.5967,101.0596,101.0596,100.9411,1.6135
4.7510,100.0000,101.1260,101.1260,101.0118,1.5955,101.0764,101.0764,100.9648,1.6125
4.7520,100.0000,101.1416,101.1416,101.0347,1.5943,101.0916,101.0916,100.9871,1.6115
4.7530,100.0000,101.1556,101.1556,101.0561,1.5932,101.1052,101.1052,101.0080,1.6106
4.7540,100.0000,101.1679,101.1679,101.0760,1.5921,101.1171,101.1171,101.0275,1.6098
4.7550,100.0000,101.1784,101.1784,101.0944,1.5912,101.1272,101.1272,101.0454,1.6090
4.7560,100.0000,101.1871,101.1871,101.1112,1.5903,101.1356,101.1356,101.0617,1.6083
4.7570,100.0000,101.1940,101.1940,101.1263,1.5895,101.1422,101.1422,101.0765,1.6076
4.7580,100.0000,101.1990,101.1990,101.1399,1.5888,101.1469,101.1469,101.0896,1.6070
4.7590,100.0000,101.2022,101.2022,101.1517,1.5881,101.1499,101.1499,101.1011,1.6065
4.7600,100.0000,101.2036,101.2036,101.1618,1.5876,101.1510,101.1510,101.1109,1.6061
4.7610,100.0000,101.2030,101.2030,101.1702,1.5871,101.1503,101.1503,101.1189,1.6057
4.7620,100.0000,101.2006,101.2006,101.1767,1.5868,101.1477,101.1477,101.1252,1.6054
4.7630,100.0000,101.1963,101.1963,101.1815,1.5865,101.1433,101.1433,101.1297,1.6052
4.7640,100.0000,101.1900,101.1900,101.1845,1.5863,101.1370,101.1370,101.1324,1.6050
4.7650,100.0000,101.1819,101.1819,101.1856,1.5862,101.1289,101.1289,101.1333,1.6049
4.7660,100.0000,101.1719,101.1719,101.1848,1.5862,101.1190,101.1190,101.1325,1.6049
4.7670,100.0000,101.1600,101.1600,101.1823,1.5863,101.1072,101.1072,101.1298,1.6050
4.7680,100.0000,101.1462,101.1462,101.1778,1.5864,101.0935,101.0935,101.1252,1.6051
4.7690,100.0000,101.1306,101.1306,101.1715,1.5867,101.0781,101.0781,101.1189,1.6053
4.7700,100.0000,101.1131,101.1131,101.1633,1.5871,101.0610,101.0610,101.1107,1.6056
4.7710,100.0000,101.0939,101.0939,101.1533,1.5875,101.0420,101.0420,101.1008,1.6060
4.7720,100.0000,101.0728,101.0728,101.1414,1.5881,101.0213,101.0213,101.0890,1.6064
4.7730,100.0000,101.0500,101.0500,101.1277,1.5887,100.9990,100.9990,101.0755,1.6070
4.7740,100.0000,101.0255,101.0255,101.1121,1.5894,100.9749,100.9749,101.0602,1.6076
4.7750,100.0000,100.9993,100.9993,101.0948,1.5903,100.9493,100.9493,101.0431,1.6082
4.7760,100.0000,100.9714,100.9714,101.0757,1.5912,100.9220,100.9220,101.0244,1.6090
4.7770,100.0000,100.9419,100.9419,101.0548,1.5922,100.8933,100.8933,101.0039,1.6098
4.7780,100.0000,100.9109,100.9109,101.0322,1.5933,100.8630,100.8630,100.9818,1.6106
4.7790,100.0000,100.8783,100.8783,101.0080,1.5944,100.8313,100.8313,100.9580,1.6116
4.7800,100.0000,100.8443,100.8443,100.9820,1.5957,100.7981,100.7981,100.9327,1.6126
4.7810,100.0000,100.8088,100.8088,100.9545,1.5970,100.7637,100.7637,100.9058,1.6137
4.7820,100.0000,100.7720,100.7720,100.9253,1.5985,100.7279,100.7279,100.8773,1.6148
4.7830,100.0000,100.7339,100.7339,100.8947,1.6000,100.6910,100.6910,100.8475,1.6160
4.7840,100.0000,100.6945,100.6945,100.8625,1.6015,100.6528,100.6528,100.8162,1.6173
4.7850,100.0000,100.6540,100.6540,100.8289,1.6032,100.6136,100.6136,100.7835,1.6186
4.7860,100.0000,100.6123,100.6123,100.7939,1.6049,100.5733,100.5733,100.7495,1.6200
4.7870,100.0000,100.5696,100.5696,100.7576,1.6067,100.5320,100.5320,100.7143,1.6214
4.7880,100.0000,100.5258,100.5258,100.7200,1.6085,100.4898,100.4898,100.6778,1.6229
4.7890,100.0000,100.4812,100.4812,100.6812,1.6105,100.4468,100.4468,100.6402,1.6244
4.7900,100.0000,100.4357,100.4357,100.6412,1.6124,100.4030,100.4030,100.6015,1.6260
4.7910,100.0000,100.3894,100.3894,100.6001,1.6145,100.3586,100.3586,100.5618,1.6276
4.7920,100.0000,100.3425,100.3425,100.5579,1.6165,100.3135,100.3135,100.5212,1.6293
4.7930,100.0000,100.2949,100.2949,100.5148,1.6187,100.2678,89.6465,100.4796,1.6310
4.7940,100.0000,100.2467,89.5344,100.4708,1.6209,100.2222,89.6954,98.3130,1.7208
4.7950,100.0000,100.1986,89.5567,98.2836,1.7302,100.1769,89.8170,96.5895,1.7924
4.7960,100.0000,100.1510,89.6539,96.5382,1.8176,100.1323,90.0064,95.2350,1.8488
4.7970,100.0000,100.1043,89.8208,95.1613,1.8865,100.0886,90.2587,94.1893,1.8927
4.7980,100.0000,100.0589,90.0524,94.0932,1.9401,100.0462,90.5687,93.4032,1.9256
4.7990,100.0000,100.0149,90.3433,93.2851,1.9806,100.0051,90.9312,92.8363,1.9495
4.8000,100.0000,99.9725,90.6883,92.6967,2.0100,99.9654,91.3405,92.4553,1.9656
4.8010,100.0000,99.9319,91.0820,92.2950,2.0302,99.9272,91.7910,92.2323,1.9750
4.8020,100.0000,99.8932,91.5188,92.0524,2.0423,99.8907,92.2766,92.1441,1.9788
4.8030,100.0000,99.8564,91.9927,91.9457,2.0477,99.8558,92.7909,92.1706,1.9777
4.8040,100.0000,99.8215,92.4978,91.9551,2.0473,99.8226,93.3274,92.2946,1.9725
4.8050,100.0000,99.7886,93.0277,92.0636,2.0419,99.7910,93.8795,92.5012,1.9639
4.8060,100.0000,99.7577,93.5757,92.2564,2.0323,99.7611,94.4402,92.7769,1.9523
4.8070,100.0000,99.7287,94.1354,92.5203,2.0191,99.7329,95.0025,93.1095,1.9384
4.8080,100.0000,99.7017,94.6998,92.8433,2.0030,99.7062,95.5593,93.4881,1.9226
4.8090,100.0000,99.6765,95.2622,93.2146,1.9845,99.6812,96.1037,93.9024,1.9052
4.8100,100.0000,99.6531,95.8153,93.6241,1.9640,99.6577,96.6286,94.3426,1.8869
4.8110,100.0000,99.6315,96.3523,94.0624,1.9422,99.6357,97.1273,94.7998,1.8678
4.8120,100.0000,99.6116,96.8664,94.5204,1.9193,99.6152,97.5930,95.2653,1.8485
4.8130,100.0000,99.5933,97.3509,94.9896,1.8958,99.5961,98.0198,95.7309,1.8292
4.8140,100.0000,99.5767,97.7994,95.4618,1.8723,99.5784,98.4016,96.1887,1.8102
4.8150,100.0000,99.5615,98.2059,95.9294,1.8489,99.5621,98.7334,96.6312,1.7918
4.8160,100.0000,99.5478,98.5648,96.3847,1.8262,99.5471,99.0102,97.0517,1.7743
4.8170,100.0000,99.5355,98.8711,96.8207,1.8044,99.5334,99.2281,97.4434,1.7581
4.8180,100.0000,99.5246,99.1202,97.2308,1.7839,99.5210,99.3839,97.8003,1.7433
4.8190,100.0000,99.5150,99.3086,97.6087,1.7650,99.5099,99.4750,98.1170,1.7302
4.8200,100.0000,99.5067,99.4332,97.9486,1.7480,99.5001,99.5000,98.3886,1.7189
4.8210,100.0000,99.4996,99.4921,98.2456,1.7332,99.4915,99.4915,98.6109,1.7097
4.8220,100.0000,99.4938,99.4938,98.4949,1.7207,99.4842,99.4842,98.7870,1.7024
4.8230,100.0000,99.4893,99.4893,98.6947,1.7107,99.4782,99.4782,98.9265,1.6966
4.8240,100.0000,99.4860,99.4860,98.8536,1.7028,99.4735,99.4735,99.0368,1.6920
4.8250,100.0000,99.4840,99.4840,98.9801,1.6965,99.4701,99.4701,99.1241,1.6884
4.8260,100.0000,99.4833,99.4833,99.0808,1.6914,99.4681,99.4681,99.1933,1.6856
4.8270,100.0000,99.4839,99.4839,99.1613,1.6874,99.4675,99.4675,99.2483,1.6833
4.8280,100.0000,99.4858,99.4858,99.2258,1.6842,99.4683,99.4683,99.2921,1.6815
4.8290,100.0000,99.4890,99.4890,99.2778,1.6816,99.4705,99.4705,99.3274,1.6800
4.8300,100.0000,99.4936,99.4936,99.3201,1.6795,99.4741,99.4741,99.3560,1.6788
4.8310,100.0000,99.4996,99.4996,99.3548,1.6778,99.4791,99.4791,99.3796,1.6778
4.8320,100.0000,99.5070,99.5070,99.3838,1.6763,99.4856,99.4856,99.3995,1.6770
4.8330,100.0000,99.5158,99.5158,99.4084,1.6751,99.4936,99.4936,99.4167,1.6763
4.8340,100.0000,99.5259,99.5259,99.4299,1.6740,99.5030,99.5030,99.4321,1.6757
4.8350,100.0000,99.5375,99.5375,99.4491,1.6731,99.5139,99.5139,99.4463,1.6751
4.8360,100.0000,99.5505,99.5505,99.4668,1.6722,99.5263,99.5263,99.4598,1.6745
4.8370,100.0000,99.5649,99.5649,99.4835,1.6713,99.5401,99.5401,99.4731,1.6740
4.8380,100.0000,99.5807,99.5807,99.4998,1.6705,99.5554,99.5554,99.4865,1.6734
4.8390,100.0000,99.5978,99.5978,99.5160,1.6697,99.5720,99.5720,99.5003,1.6729
4.8400,100.0000,99.6164,99.6164,99.5323,1.6689,99.5901,99.5901,99.5146,1.6723
4.8410,100.0000,99.6363,99.6363,99.5491,1.6681,99.6096,99.6096,99.5297,1.6716
4.8420,100.0000,99.6575,99.6575,99.5666,1.6672,99.6304,99.6304,99.5457,1.6710
4.8430,100.0000,99.6801,99.6801,99.5848,1.6663,99.6526,99.6526,99.5627,1.6703
4.8440,100.0000,99.7039,99.7039,99.6038,1.6653,99.6760,99.6760,99.5806,1.6695
4.8450,100.0000,99.7289,99.7289,99.6238,1.6643,99.7008,99.7008,99.5997,1.6688
4.8460,100.0000,99.7552,99.7552,99.6449,1.6633,99.7267,99.7267,99.6199,1.6679
4.8470,100.0000,99.7826,99.7826,99.6669,1.6622,99.7538,99.7538,99.6413,1.6670
4.8480,100.0000,99.8112,99.8112,99.6901,1.6610,99.7821,99.7821,99.6638,1.6661
4.8490,100.0000,99.8408,99.8408,99.7143,1.6598,99.8114,99.8114,99.6875,1.6651
4.8500,100.0000,99.8715,99.8715,99.7396,1.6586,99.8418,99.8418,99.7122,1.6641
4.8510,100.0000,99.9031,99.9031,99.7660,1.6572,99.8731,99.8731,99.7381,1.6630
4.8520,100.0000,99.9356,99.9356,99.7934,1.6559,99.9053,99.9053,99.7651,1.6619
4.8530,100.0000,99.9690,99.9690,99.8218,1.6544,99.9384,99.9384,99.7932,1.6607
4.8540,100.0000,100.0032,100.0032,99.8513,1.6530,99.9723,99.9723,99.8222,1.6595
4.8550,100.0000,100.0382,100.0382,99.8817,1.6515,100.0069,100.0069,99.8522,1.6583
4.8560,100.0000,100.0738,100.0738,99.9130,1.6499,100.0422,100.0422,99.8832,1.6570
4.8570,100.0000,100.1099,100.1099,99.9451,1.6483,100.0780,100.0780,99.9150,1.6557
4.8580,100.0000,100.1467,100.1467,99.9781,1.6466,100.1144,100.1144,99.9476,1.6543
4.8590,100.0000,100.1838,100.1838,100.0118,1.6450,100.1512,100.1512,99.9809,1.6530
4.8600,100.0000,100.2214,100.2214,100.0462,1.6432,100.1883,100.1883,100.0150,1.6515
4.8610,100.0000,100.2592,100.2592,100.0812,1.6415,100.2258,100.2258,100.0497,1.6501
4.8620,100.0000,100.2973,100.2973,100.1168,1.6397,100.2635,100.2635,100.0849,1.6486
4.8630,100.0000,100.3355,100.3355,100.1529,1.6379,100.3013,100.3013,100.1206,1.6472
4.8640,100.0000,100.3738,100.3738,100.1894,1.6361,100.3391,100.3391,100.1567,1.6457
4.8650,100.0000,100.4121,100.4121,100.2263,1.6342,100.3769,100.3769,100.1932,1.6441
4.8660,100.0000,100.4503,100.4503,100.2635,1.6324,100.4147,100.4147,100.2300,1.6426
4.8670,100.0000,100.4883,100.4883,100.3008,1.6305,100.4522,100.4522,100.2669,1.6411
4.8680,100.0000,100.5260,100.5260,100.3383,1.6286,100.4895,100.4895,100.3040,1.6395
4.8690,100.0000,100.5635,100.5635,100.3759,1.6267,100.5264,100.5264,100.3411,1.6380
4.8700,100.0000,100.6005,100.6005,100.4134,1.6249,100.5630,100.5630,100.3781,1.6365
4.8710,100.0000,100.6370,100.6370,100.4508,1.6230,100.5990,100.5990,100.4151,1.6349
4.8720,100.0000,100.6730,100.6730,100.4881,1.6211,100.6344,100.6344,100.4519,1.6334
4.8730,100.0000,100.7083,100.7083,100.5250,1.6193,100.6692,100.6692,100.4884,1.6319
4.8740,100.0000,100.7429,100.7429,100.5617,1.6174,100.7032,100.7032,100.5246,1.6304
4.8750,100.0000,100.7767,100.7767,100.5979,1.6156,100.7365,100.7365,100.5603,1.6289
4.8760,100.0000,100.8096,100.8096,100.6337,1.6138,100.7689,100.7689,100.5955,1.6274
4.8770,100.0000,100.8416,100.8416,100.6689,1.6121,100.8003,100.8003,100.6302,1.6259
4.8780,100.0000,100.8725,100.8725,100.7034,1.6103,100.8307,100.8307,100.6642,1.6245
4.8790,100.0000,100.9024,100.9024,100.7372,1.6086,100.8600,100.8600,100.6975,1.6231
4.8800,100.0000,100.9311,100.9311,100.7702,1.6069,100.8882,100.8882,100.7300,1.6217
4.8810,100.0000,100.9585,100.9585,100.8024,1.6053,100.9151,100.9151,100.7616,1.6204
4.8820,100.0000,100.9847,100.9847,100.8336,1.6037,100.9408,100.9408,100.7923,1.6191
4.8830,100.0000,101.0096,101.0096,100.8639,1.6021,100.9651,100.9651,100.8220,1.6178
4.8840,100.0000,101.0331,101.0331,100.8930,1.6007,100.9881,100.9881,100.8506,1.6166
4.8850,100.0000,101.0551,101.0551,100.9210,1.5992,101.0096,101.0096,100.8781,1.6154
4.8860,100.0000,101.0756,101.0756,100.9478,1.5978,101.0296,101.0296,100.9044,1.6143
4.8870,100.0000,101.0945,101.0945,100.9734,1.5965,101.0481,101.0481,100.9295,1.6132
4.8880,100.0000,101.1118,101.1118,100.9976,1.5953,101.0650,101.0650,100.9532,1.6122
4.8890,100.0000,101.1275,101.1275,101.0204,1.5941,101.0802,101.0802,100.9755,1.6112
4.8900,100.0000,101.1415,101.1415,101.0419,1.5930,101.0938,101.0938,100.9965,1.6103
4.8910,100.0000,101.1538,101.1538,101.0618,1.5920,101.1057,101.1057,101.0159,1.6095
4.8920,100.0000,101.1643,101.1643,101.0802,1.5910,101.1159,101.1159,101.0339,1.6087
4.8930,100.0000,101.1731,101.1731,101.0970,1.5901,101.1243,101.1243,101.0503,1.6080
4.8940,100.0000,101.1800,101.1800,101.1122,1.5893,101.1310,101.1310,101.0651,1.6073
4.8950,100.0000,101.1851,101.1851,101.1258,1.5886,101.1358,101.1358,101.0783,1.6067
4.8960,100.0000,101.1883,101.1883,101.1377,1.5880,101.1388,101.1388,101.0898,1.6062
4.8970,100.0000,101.1897,101.1897,101.1478,1.5874,101.1400,101.1400,101.0996,1.6058
4.8980,100.0000,101.1892,101.1892,101.1562,1.5869,101.1393,101.1393,101.1077,1.6054
4.8990,100.0000,101.1868,101.1868,101.1628,1.5866,101.1368,101.1368,101.1140,1.6051
4.9000,100.0000,101.1825,101.1825,101.1676,1.5863,101.1324,101.1324,101.1185,1.6048
4.9010,100.0000,101.1763,101.1763,101.1706,1.5861,101.1262,101.1262,101.1213,1.6047
4.9020,100.0000,101.1682,101.1682,101.1717,1.5860,101.1181,101.1181,101.1223,1.6046
4.9030,100.0000,101.1582,101.1582,101.1710,1.5860,101.1082,101.1082,101.1215,1.6046
4.9040,100.0000,101.1464,101.1464,101.1685,1.5861,101.0965,101.0965,101.1188,1.6047
4.9050,100.0000,101.1326,101.1326,101.1640,1.5862,101.0829,101.0829,101.1143,1.6048
4.9060,100.0000,101.1171,101.1171,101.1578,1.5865,101.0676,101.0676,101.1081,1.6050
4.9070,100.0000,101.0996,101.0996,101.1496,1.5869,101.0504,101.0504,101.1000,1.6053
4.9080,100.0000,101.0804,101.0804,101.1396,1.5873,101.0315,101.0315,101.0900,1.6057
4.9090,100.0000,101.0594,101.0594,101.1278,1.5879,101.0109,101.0109,101.0783,1.6061
4.9100,100.0000,101.0366,101.0366,101.1141,1.5885,100.9886,100.9886,101.0649,1.6066
4.9110,100.0000,101.0121,101.0121,101.0986,1.5892,100.9646,100.9646,101.0496,1.6072
4.9120,100.0000,100.9859,100.9859,101.0813,1.5901,100.9390,100.9390,101.0326,1.6079
4.9130,100.0000,100.9581,100.9581,101.0622,1.5910,100.9118,100.9118,101.0139,1.6086
4.9140,100.0000,100.9286,100.9286,101.0414,1.5920,100.8831,100.8831,100.9935,1.6094
4.9150,100.0000,100.8976,100.8976,101.0189,1.5931,100.8528,100.8528,100.9714,1.6103
4.9160,100.0000,100.8651,100.8651,100.9946,1.5942,100.8211,100.8211,100.9477,1.6113
4.9170,100.0000,100.8311,100.8311,100.9687,1.5955,100.7881,100.7881,100.9224,1.6123
4.9180,100.0000,100.7957,100.7957,100.9412,1.5968,100.7536,100.7536,100.8955,1.6133
4.9190,100.0000,100.7589,100.7589,100.9121,1.5983,100.7179,100.7179,100.8671,1.6145
4.9200,100.0000,100.7208,100.7208,100.8814,1.5997,100.6810,100.6810,100.8373,1.6157
4.9210,100.0000,100.6815,100.6815,100.8493,1.6013,100.6428,100.6428,100.8060,1.6170
4.9220,100.0000,100.6409,100.6409,100.8158,1.6030,100.6036,100.6036,100.7734,1.6183
4.9230,100.0000,100.5993,100.5993,100.7808,1.6047,100.5633,100.5633,100.7394,1.6197
4.9240,100.0000,100.5566,100.5566,100.7445,1.6065,100.5221,100.5221,100.7042,1.6211
4.9250,100.0000,100.5129,100.5129,100.7069,1.6083,100.4799,100.4799,100.6678,1.6226
4.9260,100.0000,100.4683,100.4683,100.6681,1.6102,100.4369,100.4369,100.6302,1.6241
4.9270,100.0000,100.4228,100.4228,100.6282,1.6122,100.3932,100.3932,100.5916,1.6257
4.9280,100.0000,100.3766,100.3766,100.5871,1.6142,100.3487,100.3487,100.5519,1.6273
4.9290,100.0000,100.3296,100.3296,100.5450,1.6163,100.3036,100.3036,100.5112,1.6290
4.9300,100.0000,100.2821,100.2821,100.5019,1.6185,100.2580,89.6336,100.4697,1.6307
4.9310,100.0000,100.2339,89.5210,100.4579,1.6206,100.2123,89.6795,98.3025,1.7206
4.9320,100.0000,100.1858,89.5418,98.2706,1.7300,100.1670,89.7982,96.5779,1.7923
4.9330,100.0000,100.1382,89.6376,96.5248,1.8174,100.1224,89.9848,95.2220,1.8488
4.9340,100.0000,100.0916,89.8031,95.1474,1.8864,100.0788,90.2344,94.1745,1.8928
4.9350,100.0000,100.0462,90.0334,94.0785,1.9400,100.0363,90.5420,93.3865,1.9259
4.9360,100.0000,100.0022,90.3230,93.2695,1.9805,99.9952,90.9022,92.8176,1.9498
4.9370,100.0000,99.9598,90.6669,92.6802,2.0100,99.9555,91.3096,92.4345,1.9660
4.9380,100.0000,99.9192,91.0595,92.2775,2.0302,99.9173,91.7583,92.2095,1.9755
4.9390,100.0000,99.8805,91.4953,92.0339,2.0424,99.8808,92.2423,92.1193,1.9794
4.9400,100.0000,99.8437,91.9685,91.9262,2.0478,99.8459,92.7554,92.1439,1.9784
4.9410,100.0000,99.8088,92.4729,91.9347,2.0474,99.8126,93.2911,92.2662,1.9733
4.9420,100.0000,99.7759,93.0022,92.0423,2.0421,99.7811,93.8426,92.4712,1.9647
4.9430,100.0000,99.7450,93.5499,92.2343,2.0325,99.7512,94.4030,92.7455,1.9532
4.9440,100.0000,99.7161,94.1094,92.4974,2.0194,99.7229,94.9654,93.0770,1.9393
4.9450,100.0000,99.6890,94.6737,92.8198,2.0033,99.6963,95.5227,93.4547,1.9235
4.9460,100.0000,99.6638,95.2361,93.1906,1.9848,99.6712,96.0678,93.8683,1.9062
4.9470,100.0000,99.6405,95.7895,93.5997,1.9644,99.6477,96.5937,94.3082,1.8878
4.9480,100.0000,99.6189,96.3270,94.0377,1.9425,99.6257,97.0937,94.7653,1.8687
4.9490,100.0000,99.5990,96.8417,94.4955,1.9197,99.6052,97.5612,95.2310,1.8494
4.9500,100.0000,99.5807,97.3269,94.9648,1.8962,99.5862,97.9900,95.6970,1.8300
4.9510,100.0000,99.5641,97.7763,95.4372,1.8726,99.5685,98.3741,96.1556,1.8110
4.9520,100.0000,99.5489,98.1839,95.9050,1.8493,99.5522,98.7084,96.5993,1.7925
4.9530,100.0000,99.5352,98.5440,96.3608,1.8265,99.5372,98.9879,97.0211,1.7750
4.9540,100.0000,99.5229,98.8515,96.7974,1.8047,99.5235,99.2088,97.4145,1.7587
4.9550,100.0000,99.5120,99.1021,97.2083,1.7841,99.5111,99.3676,97.7733,1.7438
4.9560,100.0000,99.5024,99.2920,97.5870,1.7652,99.5000,99.4618,98.0922,1.7305
4.9570,100.0000,99.4941,99.4182,97.9280,1.7482,99.4902,99.4901,98.3661,1.7192
4.9580,100.0000,99.4871,99.4788,98.2261,1.7333,99.4816,99.4816,98.5909,1.7099
4.9590,100.0000,99.4813,99.4813,98.4766,1.7208,99.4743,99.4743,98.7690,1.7025
4.9600,100.0000,99.4768,99.4768,98.6775,1.7107,99.4683,99.4683,98.9101,1.6966
4.9610,100.0000,99.4735,99.4735,98.8374,1.7027,99.4636,99.4636,99.0217,1.6920
4.9620,100.0000,99.4715,99.4715,98.9646,1.6964,99.4602,99.4602,99.1101,1.6883
4.9630,100.0000,99.4708,99.4708,99.0660,1.6913,99.4582,99.4582,99.1801,1.6854
4.9640,100.0000,99.4714,99.4714,99.1469,1.6873,99.4576,99.4576,99.2357,1.6831
4.9650,100.0000,99.4733,99.4733,99.2118,1.6840,99.4583,99.4583,99.2801,1.6813
4.9660,100.0000,99.4765,99.4765,99.2641,1.6814,99.4605,99.4605,99.3158,1.6798
4.9670,100.0000,99.4811,99.4811,99.3066,1.6793,99.4641,99.4641,99.3447,1.6786
4.9680,100.0000,99.4871,99.4871,99.3415,1.6776,99.4691,99.4691,99.3686,1.6776
4.9690,100.0000,99.4945,99.4945,99.3706,1.6761,99.4756,99.4756,99.3887,1.6768
4.9700,100.0000,99.5032,99.5032,99.3954,1.6749,99.4836,99.4836,99.4061,1.6761
4.9710,100.0000,99.5134,99.5134,99.4170,1.6738,99.4930,99.4930,99.4216,1.6754
4.9720,100.0000,99.5249,99.5249,99.4362,1.6728,99.5038,99.5038,99.4358,1.6748
4.9730,100.0000,99.5379,99.5379,99.4540,1.6719,99.5161,99.5161,99.4494,1.6743
4.9740,100.0000,99.5523,99.5523,99.4708,1.6711,99.5299,99.5299,99.4628,1.6737
4.9750,100.0000,99.5681,99.5681,99.4871,1.6703,99.5451,99.5451,99.4762,1.6732
4.9760,100.0000,99.5852,99.5852,99.5033,1.6695,99.5617,99.5617,99.4900,1.6726
4.9770,100.0000,99.6037,99.6037,99.5197,1.6687,99.5798,99.5798,99.5043,1.6720
4.9780,100.0000,99.6236,99.6236,99.5365,1.6678,99.5992,99.5992,99.5194,1.6714
4.9790,100.0000,99.6448,99.6448,99.5539,1.6670,99.6200,99.6200,99.5354,1.6707
4.9800,100.0000,99.6674,99.6674,99.5721,1.6661,99.6421,99.6421,99.5523,1.6700
4.9810,100.0000,99.6912,99.6912,99.5911,1.6651,99.6656,99.6656,99.5703,1.6693
4.9820,100.0000,99.7162,99.7162,99.6112,1.6641,99.6902,99.6902,99.5893,1.6685
4.9830,100.0000,99.7424,99.7424,99.6322,1.6631,99.7161,99.7161,99.6095,1.6677
4.9840,100.0000,99.7699,99.7699,99.6542,1.6620,99.7432,99.7432,99.6308,1.6668
4.9850,100.0000,99.7984,99.7984,99.6773,1.6608,99.7714,99.7714,99.6533,1.6658
4.9860,100.0000,99.8280,99.8280,99.7016,1.6596,99.8007,99.8007,99.6769,1.6649
4.9870,100.0000,99.8587,99.8587,99.7268,1.6583,99.8310,99.8310,99.7017,1.6638
4.9880,100.0000,99.8903,99.8903,99.7532,1.6570,99.8623,99.8623,99.7276,1.6628
4.9890,100.0000,99.9228,99.9228,99.7806,1.6556,99.8945,99.8945,99.7545,1.6616
4.9900,100.0000,99.9562,99.9562,99.8091,1.6542,99.9276,99.9276,99.7825,1.6605
4.9910,100.0000,99.9904,99.9904,99.8385,1.6528,99.9614,99.9614,99.8115,1.6593
4.9920,100.0000,100.0253,100.0253,99.8689,1.6512,99.9960,99.9960,99.8415,1.6580
4.9930,100.0000,100.0608,100.0608,99.9001,1.6497,100.0313,100.0313,99.8724,1.6567
4.9940,100.0000,100.0970,100.0970,99.9323,1.6481,100.0671,100.0671,99.9042,1.6554
4.9950,100.0000,100.1337,100.1337,99.9652,1.6464,100.1034,100.1034,99.9368,1.6541
4.9960,100.0000,100.1709,100.1709,99.9989,1.6447,100.1402,100.1402,99.9701,1.6527
4.9970,100.0000,100.2084,100.2084,100.0333,1.6430,100.1774,100.1774,100.0041,1.6513
4.9980,100.0000,100.2462,100.2462,100.0683,1.6413,100.2148,100.2148,100.0388,1.6498
4.9990,100.0000,100.2843,100.2843,100.1039,1.6395,100.2524,100.2524,100.0740,1.6484
5.0000,100.0000,100.3225,100.3225,100.1400,1.6377,100.2902,100.2902,100.1097,1.6469
5.0010,100.0000,100.3608,100.3608,100.1765,1.6359,100.3281,100.3281,100.1458,1.6454
5.0020,100.0000,100.3991,100.3991,100.2134,1.6340,100.3659,100.3659,100.1822,1.6439
5.0030,100.0000,100.4372,100.4372,100.2505,1.6321,100.4036,100.4036,100.2190,1.6424
5.0040,100.0000,100.4753,100.4753,100.2878,1.6303,100.4412,100.4412,100.2559,1.6408
5.0050,100.0000,100.5130,100.5130,100.3253,1.6284,100.4785,100.4785,100.2930,1.6393
5.0060,100.0000,100.5505,100.5505,100.3629,1.6265,100.5154,100.5154,100.3301,1.6377
5.0070,100.0000,100.5875,100.5875,100.4004,1.6246,100.5519,100.5519,100.3671,1.6362
5.0080,100.0000,100.6240,100.6240,100.4378,1.6228,100.5880,100.5880,100.4041,1.6347
5.0090,100.0000,100.6600,100.6600,100.4751,1.6209,100.6234,100.6234,100.4409,1.6331
5.0100,100.0000,100.6953,100.6953,100.5121,1.6191,100.6582,100.6582,100.4774,1.6316
5.0110,100.0000,100.7299,100.7299,100.5487,1.6172,100.6923,100.6923,100.5135,1.6301
5.0120,100.0000,100.7637,100.7637,100.5850,1.6154,100.7255,100.7255,100.5493,1.6286
5.0130,100.0000,100.7967,100.7967,100.6207,1.6136,100.7579,100.7579,100.5845,1.6271
5.0140,100.0000,100.8286,100.8286,100.6559,1.6119,100.7894,100.7894,100.6192,1.6257
5.0150,100.0000,100.8596,100.8596,100.6905,1.6101,100.8198,100.8198,100.6533,1.6242
5.0160,100.0000,100.8895,100.8895,100.7243,1.6084,100.8492,100.8492,100.6866,1.6228
5.0170,100.0000,100.9182,100.9182,100.7573,1.6067,100.8774,100.8774,100.7191,1.6214
5.0180,100.0000,100.9457,100.9457,100.7895,1.6051,100.9044,100.9044,100.7507,1.6201
5.0190,100.0000,100.9720,100.9720,100.8208,1.6035,100.9301,100.9301,100.7815,1.6188
5.0200,100.0000,100.9969,100.9969,100.8510,1.6019,100.9545,100.9545,100.8112,1.6175
5.0210,100.0000,101.0203,101.0203,100.8802,1.6004,100.9775,100.9775,100.8399,1.6163
5.0220,100.0000,101.0424,101.0424,100.9082,1.5990,100.9990,100.9990,100.8674,1.6151
5.0230,100.0000,101.0629,101.0629,100.9350,1.5976,101.0191,101.0191,100.8937,1.6140
5.0240,100.0000,101.0819,101.0819,100.9606,1.5963,101.0376,101.0376,100.9188,1.6129
5.0250,100.0000,101.0993,101.0993,100.9849,1.5951,101.0545,101.0545,100.9425,1.6119
5.0260,100.0000,101.1150,101.1150,101.0077,1.5939,101.0699,101.0699,100.9649,1.6109
5.0270,100.0000,101.1290,101.1290,101.0292,1.5928,101.0835,101.0835,100.9859,1.6100
5.0280,100.0000,101.1413,101.1413,101.0492,1.5917,101.0955,101.0955,101.0054,1.6092
5.0290,100.0000,101.1519,101.1519,101.0676,1.5908,101.1057,101.1057,101.0234,1.6084
5.0300,100.0000,101.1607,101.1607,101.0844,1.5899,101.1142,101.1142,101.0399,1.6077
5.0310,100.0000,101.1677,101.1677,101.0997,1.5891,101.1209,101.1209,101.0548,1.6070
5.0320,100.0000,101.1728,101.1728,101.1133,1.5884,101.1258,101.1258,101.0680,1.6064
5.0330,100.0000,101.1761,101.1761,101.1252,1.5877,101.1289,101.1289,101.0795,1.6059
5.0340,100.0000,101.1775,101.1775,101.1354,1.5872,101.1301,101.1301,101.0894,1.6054
5.0350,100.0000,101.1770,101.1770,101.1438,1.5867,101.1295,101.1295,101.0975,1.6051
5.0360,100.0000,101.1747,101.1747,101.1504,1.5863,101.1271,101.1271,101.1039,1.6047
5.0370,100.0000,101.1704,101.1704,101.1553,1.5860,101.1228,101.1228,101.1086,1.6045
5.0380,100.0000,101.1643,101.1643,101.1583,1.5858,101.1166,101.1166,101.1114,1.6044
5.0390,100.0000,101.1562,101.1562,101.1595,1.5857,101.1086,101.1086,101.1124,1.6043
5.0400,100.0000,101.1463,101.1463,101.1588,1.5857,101.0987,101.0987,101.1117,1.6043
5.0410,100.0000,101.1345,101.1345,101.1563,1.5858,101.0871,101.0871,101.1091,1.6043
5.0420,100.0000,101.1208,101.1208,101.1520,1.5860,101.0736,101.0736,101.1047,1.6045
5.0430,100.0000,101.1052,101.1052,101.1457,1.5863,101.0583,101.0583,101.0985,1.6047
5.0440,100.0000,101.0879,101.0879,101.1376,1.5866,101.0412,101.0412,101.0904,1.6050
5.0450,100.0000,101.0687,101.0687,101.1277,1.5871,101.0223,101.0223,101.0806,1.6053
5.0460,100.0000,101.0477,101.0477,101.1159,1.5876,101.0018,101.0018,101.0689,1.6058
5.0470,100.0000,101.0250,101.0250,101.1022,1.5883,100.9795,100.9795,101.0555,1.6063
5.0480,100.0000,101.0005,101.0005,101.0868,1.5890,100.9556,100.9556,101.0403,1.6069
5.0490,100.0000,100.9744,100.9744,101.0695,1.5898,100.9300,100.9300,101.0234,1.6075
5.0500,100.0000,100.9466,100.9466,101.0505,1.5907,100.9029,100.9029,101.0047,1.6083
5.0510,100.0000,100.9172,100.9172,101.0297,1.5917,100.8742,100.8742,100.9843,1.6091
5.0520,100.0000,100.8862,100.8862,101.0072,1.5928,100.8440,100.8440,100.9623,1.6100
5.0530,100.0000,100.8537,100.8537,100.9830,1.5940,100.8124,100.8124,100.9386,1.6109
5.0540,100.0000,100.8197,100.8197,100.9571,1.5952,100.7793,100.7793,100.9134,1.6119
5.0550,100.0000,100.7844,100.7844,100.9297,1.5966,100.7449,100.7449,100.8866,1.6130
5.0560,100.0000,100.7476,100.7476,100.9006,1.5980,100.7093,100.7093,100.8583,1.6141
5.0570,100.0000,100.7096,100.7096,100.8700,1.5995,100.6723,100.6723,100.8285,1.6153
5.0580,100.0000,100.6703,100.6703,100.8379,1.6010,100.6343,100.6343,100.7972,1.6166
5.0590,100.0000,100.6298,100.6298,100.8044,1.6027,100.5951,100.5951,100.7646,1.6179
5.0600,100.0000,100.5882,100.5882,100.7695,1.6044,100.5548,100.5548,100.7307,1.6193
5.0610,100.0000,100.5455,100.5455,100.7332,1.6062,100.5136,100.5136,100.6955,1.6207
5.0620,100.0000,100.5018,100.5018,100.6957,1.6080,100.4715,100.4715,100.6591,1.6222
5.0630,100.0000,100.4572,100.4572,100.6569,1.6100,100.4285,100.4285,100.6216,1.6238
5.0640,100.0000,100.4118,100.4118,100.6170,1.6119,100.3847,100.3847,100.5830,1.6253
5.0650,100.0000,100.3655,100.3655,100.5759,1.6140,100.3403,100.3403,100.5433,1.6270
5.0660,100.0000,100.3186,100.3186,100.5338,1.6160,100.2952,100.2952,100.5027,1.6286
5.0670,100.0000,100.2710,100.2710,100.4908,1.6182,100.2495,89.6216,100.4612,1.6303
5.0680,100.0000,100.2229,89.5088,100.4468,1.6203,100.2039,89.6639,98.2933,1.7204
5.0690,100.0000,100.1748,89.5273,98.2592,1.7297,100.1586,89.7790,96.5674,1.7922
5.0700,100.0000,100.1272,89.6209,96.5128,1.8171,100.1139,89.9623,95.2097,1.8488
5.0710,100.0000,100.0806,89.7843,95.1344,1.8862,100.0703,90.2087,94.1602,1.8929
5.0720,100.0000,100.0351,90.0124,94.0644,1.9399,100.0278,90.5133,93.3699,1.9261
5.0730,100.0000,99.9912,90.3001,93.2540,1.9804,99.9867,90.8708,92.7986,1.9502
5.0740,100.0000,99.9488,90.6422,92.6632,2.0100,99.9470,91.2757,92.4130,1.9665
5.0750,100.0000,99.9082,91.0332,92.2590,2.0302,99.9088,91.7223,92.1856,1.9761
5.0760,100.0000,99.8695,91.4676,92.0139,2.0425,99.8722,92.2045,92.0929,1.9801
5.0770,100.0000,99.8326,91.9395,91.9046,2.0480,99.8373,92.7162,92.1152,1.9792
5.0780,100.0000,99.7978,92.4429,91.9116,2.0477,99.8041,93.2507,92.2354,1.9742
5.0790,100.0000,99.7649,92.9714,92.0179,2.0425,99.7725,93.8015,92.4385,1.9657
5.0800,100.0000,99.7340,93.5185,92.2086,2.0330,99.7426,94.3615,92.7111,1.9542
5.0810,100.0000,99.7050,94.0776,92.4705,2.0199,99.7143,94.9240,93.0412,1.9404
5.0820,100.0000,99.6780,94.6419,92.7920,2.0039,99.6877,95.4818,93.4177,1.9246
5.0830,100.0000,99.6528,95.2045,93.1619,1.9854,99.6626,96.0278,93.8305,1.9073
5.0840,100.0000,99.6294,95.7583,93.5705,1.9650,99.6391,96.5551,94.2700,1.8889
5.0850,100.0000,99.6078,96.2965,94.0080,1.9432,99.6172,97.0567,94.7270,1.8698
5.0860,100.0000,99.5879,96.8121,94.4657,1.9203,99.5966,97.5263,95.1930,1.8505
5.0870,100.0000,99.5697,97.2986,94.9350,1.8969,99.5776,97.9575,95.6596,1.8310
5.0880,100.0000,99.5530,97.7495,95.4077,1.8733,99.5599,98.3443,96.1192,1.8119
5.0890,100.0000,99.5379,98.1586,95.8761,1.8499,99.5436,98.6815,96.5642,1.7934
5.0900,100.0000,99.5242,98.5205,96.3326,1.8271,99.5286,98.9643,96.9877,1.7758
5.0910,100.0000,99.5119,98.8301,96.7702,1.8052,99.5149,99.1886,97.3830,1.7594
5.0920,100.0000,99.5010,99.0828,97.1822,1.7846,99.5026,99.3511,97.7441,1.7444
5.0930,100.0000,99.4914,99.2749,97.5623,1.7656,99.4914,99.4491,98.0655,1.7310
5.0940,100.0000,99.4831,99.4035,97.9048,1.7485,99.4816,99.4811,98.3422,1.7196
5.0950,100.0000,99.4760,99.4665,98.2046,1.7335,99.4730,99.4730,98.5700,1.7101
5.0960,100.0000,99.4703,99.4703,98.4569,1.7209,99.4657,99.4657,98.7506,1.7026
5.0970,100.0000,99.4657,99.4657,98.6596,1.7108,99.4597,99.4597,98.8936,1.6967
5.0980,100.0000,99.4624,99.4624,98.8208,1.7027,99.4550,99.4550,99.0068,1.6920
5.0990,100.0000,99.4604,99.4604,98.9492,1.6963,99.4516,99.4516,99.0965,1.6882
5.1000,100.0000,99.4597,99.4597,99.0514,1.6912,99.4496,99.4496,99.1675,1.6853
5.1010,100.0000,99.4603,99.4603,99.1331,1.6871,99.4489,99.4489,99.2239,1.6829
5.1020,100.0000,99.4622,99.4622,99.1985,1.6839,99.4496,99.4496,99.2689,1.6811
5.1030,100.0000,99.4654,99.4654,99.2513,1.6812,99.4518,99.4518,99.3050,1.6796
5.1040,100.0000,99.4700,99.4700,99.2941,1.6791,99.4553,99.4553,99.3344,1.6784
5.1050,100.0000,99.4760,99.4760,99.3293,1.6773,99.4603,99.4603,99.3586,1.6774
5.1060,100.0000,99.4833,99.4833,99.3586,1.6759,99.4668,99.4668,99.3789,1.6765
5.1070,100.0000,99.4921,99.4921,99.3836,1.6746,99.4747,99.4747,99.3965,1.6758
5.1080,100.0000,99.5022,99.5022,99.4053,1.6735,99.4841,99.4841,99.4121,1.6752
5.1090,100.0000,99.5137,99.5137,99.4246,1.6726,99.4949,99.4949,99.4265,1.6746
5.1100,100.0000,99.5267,99.5267,99.4425,1.6717,99.5072,99.5072,99.4402,1.6740
5.1110,100.0000,99.5410,99.5410,99.4593,1.6708,99.5209,99.5209,99.4536,1.6734
5.1120,100.0000,99.5568,99.5568,99.4757,1.6700,99.5361,99.5361,99.4670,1.6729
5.1130,100.0000,99.5739,99.5739,99.4919,1.6692,99.5527,99.5527,99.4809,1.6723
5.1140,100.0000,99.5924,99.5924,99.5083,1.6684,99.5707,99.5707,99.4952,1.6717
5.1150,100.0000,99.6123,99.6123,99.5251,1.6676,99.5900,99.5900,99.5103,1.6711
5.1160,100.0000,99.6334,99.6334,99.5425,1.6667,99.6108,99.6108,99.5263,1.6704
5.1170,100.0000,99.6559,99.6559,99.5607,1.6658,99.6329,99.6329,99.5432,1.6697
5.1180,100.0000,99.6797,99.6797,99.5798,1.6648,99.6563,99.6563,99.5611,1.6690
5.1190,100.0000,99.7047,99.7047,99.5997,1.6638,99.6809,99.6809,99.5801,1.6682
5.1200,100.0000,99.7309,99.7309,99.6207,1.6628,99.7067,99.7067,99.6003,1.6674
5.1210,100.0000,99.7583,99.7583,99.6428,1.6617,99.7338,99.7338,99.6216,1.6665
5.1220,100.0000,99.7868,99.7868,99.6659,1.6605,99.7619,99.7619,99.6440,1.6656
5.1230,100.0000,99.8164,99.8164,99.6901,1.6593,99.7912,99.7912,99.6676,1.6646
5.1240,100.0000,99.8470,99.8470,99.7153,1.6581,99.8215,99.8215,99.6923,1.6635
5.1250,100.0000,99.8786,99.8786,99.7416,1.6568,99.8527,99.8527,99.7181,1.6625
5.1260,100.0000,99.9111,99.9111,99.7690,1.6554,99.8849,99.8849,99.7451,1.6614
5.1270,100.0000,99.9444,99.9444,99.7974,1.6540,99.9179,99.9179,99.7730,1.6602
5.1280,100.0000,99.9786,99.9786,99.8268,1.6525,99.9517,99.9517,99.8020,1.6590
5.1290,100.0000,100.0135,100.0135,99.8572,1.6510,99.9863,99.9863,99.8319,1.6578
5.1300,100.0000,100.0490,100.0490,99.8884,1.6494,100.0215,100.0215,99.8628,1.6565
5.1310,100.0000,100.0852,100.0852,99.9205,1.6478,100.0573,100.0573,99.8945,1.6552
5.1320,100.0000,100.1218,100.1218,99.9535,1.6462,100.0936,100.0936,99.9271,1.6538
5.1330,100.0000,100.1590,100.1590,99.9871,1.6445,100.1303,100.1303,99.9604,1.6524
5.1340,100.0000,100.1965,100.1965,100.0215,1.6428,100.1675,100.1675,99.9944,1.6510
5.1350,100.0000,100.2343,100.2343,100.0565,1.6410,100.2049,100.2049,100.0290,1.6496
5.1360,100.0000,100.2724,100.2724,100.0921,1.6392,100.2425,100.2425,100.0642,1.6481
5.1370,100.0000,100.3106,100.3106,100.1281,1.6374,100.2803,100.2803,100.0998,1.6466
5.1380,100.0000,100.3488,100.3488,100.1646,1.6356,100.3181,100.3181,100.1359,1.6451
5.1390,100.0000,100.3871,100.3871,100.2014,1.6338,100.3560,100.3560,100.1724,1.6436
5.1400,100.0000,100.4253,100.4253,100.2386,1.6319,100.3937,100.3937,100.2091,1.6421
5.1410,100.0000,100.4633,100.4633,100.2759,1.6300,100.4312,100.4312,100.2460,1.6405
5.1420,100.0000,100.5010,100.5010,100.3134,1.6282,100.4685,100.4685,100.2831,1.6390
5.1430,100.0000,100.5385,100.5385,100.3509,1.6263,100.5055,100.5055,100.3202,1.6375
5.1440,100.0000,100.5755,100.5755,100.3884,1.6244,100.5420,100.5420,100.3572,1.6359
5.1450,100.0000,100.6121,100.6121,100.4258,1.6225,100.5780,100.5780,100.3942,1.6344
5.1460,100.0000,100.6480,100.6480,100.4631,1.6207,100.6135,100.6135,100.4309,1.6328
5.1470,100.0000,100.6834,100.6834,100.5001,1.6188,100.6483,100.6483,100.4675,1.6313
5.1480,100.0000,100.7180,100.7180,100.5367,1.6170,100.6824,100.6824,100.5036,1.6298
5.1490,100.0000,100.7518,100.7518,100.5730,1.6152,100.7157,100.7157,100.5394,1.6283
5.1500,100.0000,100.7847,100.7847,100.6087,1.6134,100.7481,100.7481,100.5747,1.6268
5.1510,100.0000,100.8167,100.8167,100.6440,1.6116,100.7796,100.7796,100.6094,1.6254
5.1520,100.0000,100.8477,100.8477,100.6785,1.6099,100.8101,100.8101,100.6434,1.6239
5.1530,100.0000,100.8776,100.8776,100.7124,1.6081,100.8395,100.8395,100.6767,1.6225
5.1540,100.0000,100.9064,100.9064,100.7454,1.6065,100.8677,100.8677,100.7093,1.6211
5.1550,100.0000,100.9339,100.9339,100.7776,1.6048,100.8947,100.8947,100.7410,1.6198
5.1560,100.0000,100.9602,100.9602,100.8089,1.6032,100.9205,100.9205,100.7717,1.6185
5.1570,100.0000,100.9851,100.9851,100.8391,1.6017,100.9449,100.9449,100.8015,1.6172
5.1580,100.0000,101.0086,101.0086,100.8683,1.6002,100.9680,100.9680,100.8302,1.6160
5.1590,100.0000,101.0307,101.0307,100.8964,1.5988,100.9896,100.9896,100.8577,1.6148
5.1600,100.0000,101.0513,101.0513,100.9233,1.5974,101.0097,101.0097,100.8841,1.6137
5.1610,100.0000,101.0703,101.0703,100.9489,1.5961,101.0283,101.0283,100.9092,1.6126
5.1620,100.0000,101.0877,101.0877,100.9731,1.5948,101.0453,101.0453,100.9330,1.6116
5.1630,100.0000,101.1035,101.1035,100.9961,1.5936,101.0607,101.0607,100.9555,1.6106
5.1640,100.0000,101.1175,101.1175,101.0175,1.5925,101.0744,101.0744,100.9765,1.6097
5.1650,100.0000,101.1299,101.1299,101.0375,1.5915,101.0864,101.0864,100.9961,1.6088
5.1660,100.0000,101.1405,101.1405,101.0560,1.5905,101.0967,101.0967,101.0142,1.6081
5.1670,100.0000,101.1494,101.1494,101.0729,1.5896,101.1053,101.1053,101.0307,1.6073
5.1680,100.0000,101.1564,101.1564,101.0882,1.5888,101.1120,101.1120,101.0456,1.6067
5.1690,100.0000,101.1616,101.1616,101.1018,1.5881,101.1170,101.1170,101.0589,1.6061
5.1700,100.0000,101.1649,101.1649,101.1138,1.5875,101.1202,101.1202,101.0705,1.6056
5.1710,100.0000,101.1664,101.1664,101.1240,1.5869,101.1215,101.1215,101.0804,1.6051
5.1720,100.0000,101.1660,101.1660,101.1325,1.5864,101.1209,101.1209,101.0886,1.6047
5.1730,100.0000,101.1637,101.1637,101.1392,1.5861,101.1186,101.1186,101.0951,1.6044
5.1740,100.0000,101.1595,101.1595,101.1441,1.5858,101.1143,101.1143,101.0998,1.6042
5.1750,100.0000,101.1534,101.1534,101.1472,1.5856,101.1082,101.1082,101.1027,1.6040
5.1760,100.0000,101.1454,101.1454,101.1484,1.5855,101.1003,101.1003,101.1038,1.6039
5.1770,100.0000,101.1355,101.1355,101.1478,1.5855,101.0905,101.0905,101.1031,1.6039
5.1780,100.0000,101.1237,101.1237,101.1453,1.5855,101.0789,101.0789,101.1006,1.6040
5.1790,100.0000,101.1101,101.1101,101.1410,1.5857,101.0655,101.0655,101.0963,1.6041
5.1800,100.0000,101.0946,101.0946,101.1348,1.5860,101.0503,101.0503,101.0901,1.6043
5.1810,100.0000,101.0773,101.0773,101.1268,1.5863,101.0332,101.0332,101.0821,1.6046
5.1820,100.0000,101.0582,101.0582,101.1169,1.5868,101.0145,101.0145,101.0724,1.6050
5.1830,100.0000,101.0373,101.0373,101.1052,1.5873,100.9940,100.9940,101.0608,1.6054
5.1840,100.0000,101.0146,101.0146,101.0916,1.5880,100.9718,100.9718,101.0474,1.6059
5.1850,100.0000,100.9902,100.9902,101.0762,1.5887,100.9479,100.9479,101.0323,1.6065
5.1860,100.0000,100.9641,100.9641,101.0590,1.5895,100.9224,100.9224,101.0154,1.6072
5.1870,100.0000,100.9363,100.9363,101.0400,1.5904,100.8953,100.8953,100.9968,1.6079
5.1880,100.0000,100.9070,100.9070,101.0193,1.5914,100.8667,100.8667,100.9765,1.6087
5.1890,100.0000,100.8761,100.8761,100.9968,1.5925,100.8366,100.8366,100.9546,1.6096
5.1900,100.0000,100.8436,100.8436,100.9727,1.5937,100.8050,100.8050,100.9310,1.6105
5.1910,100.0000,100.8097,100.8097,100.9469,1.5949,100.7720,100.7720,100.9058,1.6115
5.1920,100.0000,100.7743,100.7743,100.9194,1.5963,100.7376,100.7376,100.8790,1.6126
5.1930,100.0000,100.7376,100.7376,100.8904,1.5977,100.7020,100.7020,100.8507,1.6137
5.1940,100.0000,100.6996,100.6996,100.8598,1.5992,100.6651,100.6651,100.8210,1.6149
5.1950,100.0000,100.6603,100.6603,100.8278,1.6007,100.6271,100.6271,100.7898,1.6162
5.1960,100.0000,100.6199,100.6199,100.7943,1.6024,100.5879,100.5879,100.7573,1.6175
5.1970,100.0000,100.5783,100.5783,100.7594,1.6041,100.5477,100.5477,100.7234,1.6189
5.1980,100.0000,100.5356,100.5356,100.7232,1.6059,100.5065,100.5065,100.6882,1.6203
5.1990,100.0000,100.4920,100.4920,100.6857,1.6077,100.4644,100.4644,100.6519,1.6218
5.2000,100.0000,100.4474,100.4474,100.6470,1.6096,100.4214,100.4214,100.6144,1.6234
5.2010,100.0000,100.4020,100.4020,100.6071,1.6116,100.3777,100.3777,100.5758,1.6249
5.2020,100.0000,100.3558,100.3558,100.5660,1.6136,100.3332,100.3332,100.5362,1.6266
5.2030,100.0000,100.3089,100.3089,100.5240,1.6157,100.2881,100.2881,100.4956,1.6282
5.2040,100.0000,100.2613,100.2613,100.4810,1.6178,100.2425,89.6108,100.4541,1.6299
5.2050,100.0000,100.2132,89.4976,100.4370,1.6200,100.1968,89.6489,98.2854,1.7201
5.2060,100.0000,100.1651,89.5132,98.2492,1.7294,100.1515,89.7599,96.5581,1.7920
5.2070,100.0000,100.1176,89.6039,96.5020,1.8169,100.1069,89.9393,95.1985,1.8488
5.2080,100.0000,100.0709,89.7645,95.1224,1.8860,100.0632,90.1820,94.1466,1.8931
5.2090,100.0000,100.0255,89.9899,94.0508,1.9397,100.0207,90.4833,93.3537,1.9264
5.2100,100.0000,99.9815,90.2752,93.2386,1.9804,99.9795,90.8377,92.7796,1.9506
5.2110,100.0000,99.9391,90.6150,92.6459,2.0101,99.9398,91.2398,92.3912,1.9670
5.2120,100.0000,99.8985,91.0040,92.2397,2.0304,99.9016,91.6839,92.1609,1.9768
5.2130,100.0000,99.8598,91.4365,91.9926,2.0428,99.8651,92.1640,92.0655,1.9809
5.2140,100.0000,99.8229,91.9068,91.8814,2.0484,99.8301,92.6740,92.0852,1.9801
5.2150,100.0000,99.7881,92.4089,91.8864,2.0482,99.7969,93.2073,92.2030,1.9752
5.2160,100.0000,99.7552,92.9363,91.9909,2.0430,99.7653,93.7572,92.4038,1.9668
5.2170,100.0000,99.7243,93.4828,92.1800,2.0336,99.7353,94.3170,92.6745,1.9554
5.2180,100.0000,99.6953,94.0416,92.4406,2.0206,99.7071,94.8795,93.0030,1.9416
5.2190,100.0000,99.6682,94.6059,92.7608,2.0046,99.6804,95.4378,93.3783,1.9258
5.2200,100.0000,99.6430,95.1686,93.1298,1.9862,99.6553,95.9848,93.7902,1.9086
5.2210,100.0000,99.6196,95.7230,93.5376,1.9659,99.6318,96.5135,94.2291,1.8902
5.2220,100.0000,99.5980,96.2620,93.9746,1.9440,99.6098,97.0171,94.6860,1.8711
5.2230,100.0000,99.5781,96.7788,94.4321,1.9212,99.5893,97.4890,95.1522,1.8517
5.2240,100.0000,99.5599,97.2667,94.9015,1.8977,99.5702,97.9228,95.6196,1.8322
5.2250,100.0000,99.5432,97.7193,95.3745,1.8741,99.5526,98.3127,96.0802,1.8130
5.2260,100.0000,99.5281,98.1306,95.8435,1.8507,99.5363,98.6534,96.5267,1.7945
5.2270,100.0000,99.5144,98.4948,96.3009,1.8278,99.5213,98.9398,96.9520,1.7768
5.2280,100.0000,99.5021,98.8069,96.7397,1.8059,99.5076,99.1680,97.3496,1.7602
5.2290,100.0000,99.4912,99.0623,97.1531,1.7853,99.4952,99.3345,97.7133,1.7451
5.2300,100.0000,99.4816,99.2573,97.5350,1.7662,99.4841,99.4368,98.0375,1.7316
5.2310,100.0000,99.4733,99.3889,97.8794,1.7490,99.4742,99.4731,98.3174,1.7200
5.2320,100.0000,99.4662,99.4550,98.1813,1.7339,99.4656,99.4656,98.5485,1.7104
5.2330,100.0000,99.4605,99.4605,98.4361,1.7211,99.4583,99.4583,98.7320,1.7028
5.2340,100.0000,99.4559,99.4559,98.6409,1.7109,99.4523,99.4523,98.8772,1.6967
5.2350,100.0000,99.4526,99.4526,98.8039,1.7028,99.4476,99.4476,98.9922,1.6919
5.2360,100.0000,99.4506,99.4506,98.9337,1.6963,99.4442,99.4442,99.0833,1.6882
5.2370,100.0000,99.4499,99.4499,99.0371,1.6911,99.4421,99.4421,99.1555,1.6852
5.2380,100.0000,99.4505,99.4505,99.1196,1.6870,99.4414,99.4414,99.2128,1.6828
5.2390,100.0000,99.4523,99.4523,99.1858,1.6837,99.4421,99.4421,99.2585,1.6809
5.2400,100.0000,99.4556,99.4556,99.2391,1.6810,99.4442,99.4442,99.2952,1.6794
5.2410,100.0000,99.4601,99.4601,99.2824,1.6789,99.4478,99.4478,99.3251,1.6781
5.2420,100.0000,99.4661,99.4661,99.3179,1.6771,99.4527,99.4527,99.3496,1.6771
5.2430,100.0000,99.4734,99.4734,99.3476,1.6756,99.4591,99.4591,99.3702,1.6763
5.2440,100.0000,99.4821,99.4821,99.3727,1.6744,99.4670,99.4670,99.3880,1.6755
5.2450,100.0000,99.4922,99.4922,99.3946,1.6733,99.4763,99.4763,99.4038,1.6749
5.2460,100.0000,99.5037,99.5037,99.4141,1.6723,99.4871,99.4871,99.4183,1.6743
5.2470,100.0000,99.5166,99.5166,99.4320,1.6714,99.4993,99.4993,99.4321,1.6737
5.2480,100.0000,99.5309,99.5309,99.4490,1.6706,99.5130,99.5130,99.4455,1.6731
5.2490,100.0000,99.5466,99.5466,99.4653,1.6697,99.5281,99.5281,99.4590,1.6726
5.2500,100.0000,99.5637,99.5637,99.4816,1.6689,99.5447,99.5447,99.4728,1.6720
5.2510,100.0000,99.5822,99.5822,99.4980,1.6681,99.5626,99.5626,99.4872,1.6714
5.2520,100.0000,99.6020,99.6020,99.5149,1.6673,99.5819,99.5819,99.5023,1.6708
5.2530,100.0000,99.6231,99.6231,99.5323,1.6664,99.6026,99.6026,99.5182,1.6701
5.2540,100.0000,99.6456,99.6456,99.5505,1.6655,99.6246,99.6246,99.5351,1.6694
5.2550,100.0000,99.6693,99.6693,99.5695,1.6646,99.6480,99.6480,99.5530,1.6687
5.2560,100.0000,99.6943,99.6943,99.5894,1.6636,99.6725,99.6725,99.5720,1.6679
5.2570,100.0000,99.7204,99.7204,99.6104,1.6625,99.6983,99.6983,99.5921,1.6671
5.2580,100.0000,99.7478,99.7478,99.6324,1.6614,99.7253,99.7253,99.6134,1.6662
5.2590,100.0000,99.7762,99.7762,99.6555,1.6603,99.7534,99.7534,99.6357,1.6653
5.2600,100.0000,99.8058,99.8058,99.6796,1.6591,99.7826,99.7826,99.6593,1.6643
5.2610,100.0000,99.8363,99.8363,99.7049,1.6578,99.8129,99.8129,99.6840,1.6633
5.2620,100.0000,99.8679,99.8679,99.7312,1.6565,99.8441,99.8441,99.7097,1.6622
5.2630,100.0000,99.9003,99.9003,99.7585,1.6551,99.8762,99.8762,99.7366,1.6611
5.2640,100.0000,99.9337,99.9337,99.7869,1.6537,99.9092,99.9092,99.7645,1.6599
5.2650,100.0000,99.9678,99.9678,99.8162,1.6522,99.9429,99.9429,99.7934,1.6587
5.2660,100.0000,100.0026,100.0026,99.8465,1.6507,99.9774,99.9774,99.8233,1.6575
5.2670,100.0000,100.0382,100.0382,99.8778,1.6492,100.0126,100.0126,99.8542,1.6562
5.2680,100.0000,100.0743,100.0743,99.9098,1.6476,100.0484,100.0484,99.8858,1.6549
5.2690,100.0000,100.1109,100.1109,99.9427,1.6459,100.0846,100.0846,99.9184,1.6535
5.2700,100.0000,100.1480,100.1480,99.9764,1.6442,100.1214,100.1214,99.9516,1.6521
5.2710,100.0000,100.1855,100.1855,100.0107,1.6425,100.1585,100.1585,99.9856,1.6507
5.2720,100.0000,100.2233,100.2233,100.0457,1.6408,100.1959,100.1959,100.0201,1.6493
5.2730,100.0000,100.2614,100.2614,100.0812,1.6390,100.2335,100.2335,100.0553,1.6478
5.2740,100.0000,100.2995,100.2995,100.1172,1.6372,100.2712,100.2712,100.0909,1.6463
5.2750,100.0000,100.3378,100.3378,100.1537,1.6354,100.3091,100.3091,100.1270,1.6448
5.2760,100.0000,100.3760,100.3760,100.1905,1.6335,100.3469,100.3469,100.1634,1.6433
5.2770,100.0000,100.4142,100.4142,100.2276,1.6317,100.3846,100.3846,100.2001,1.6418
5.2780,100.0000,100.4522,100.4522,100.2649,1.6298,100.4221,100.4221,100.2370,1.6402
5.2790,100.0000,100.4900,100.4900,100.3024,1.6279,100.4594,100.4594,100.2740,1.6387
5.2800,100.0000,100.5274,100.5274,100.3399,1.6260,100.4964,100.4964,100.3111,1.6372
5.2810,100.0000,100.5645,100.5645,100.3774,1.6242,100.5329,100.5329,100.3482,1.6356
5.2820,100.0000,100.6010,100.6010,100.4148,1.6223,100.5690,100.5690,100.3851,1.6341
5.2830,100.0000,100.6370,100.6370,100.4521,1.6204,100.6044,100.6044,100.4219,1.6325
5.2840,100.0000,100.6723,100.6723,100.4891,1.6186,100.6393,100.6393,100.4584,1.6310
5.2850,100.0000,100.7070,100.7070,100.5257,1.6167,100.6734,100.6734,100.4946,1.6295
5.2860,100.0000,100.7408,100.7408,100.5620,1.6149,100.7067,100.7067,100.5303,1.6280
5.2870,100.0000,100.7738,100.7738,100.5977,1.6131,100.7392,100.7392,100.5656,1.6265
5.2880,100.0000,100.8058,100.8058,100.6329,1.6114,100.7707,100.7707,100.6003,1.6251
5.2890,100.0000,100.8368,100.8368,100.6675,1.6096,100.8012,100.8012,100.6344,1.6236
5.2900,100.0000,100.8667,100.8667,100.7014,1.6079,100.8306,100.8306,100.6677,1.6222
5.2910,100.0000,100.8955,100.8955,100.7344,1.6062,100.8589,100.8589,100.7003,1.6208
5.2920,100.0000,100.9231,100.9231,100.7666,1.6046,100.8859,100.8859,100.7320,1.6195
5.2930,100.0000,100.9493,100.9493,100.7979,1.6030,100.9118,100.9118,100.7628,1.6182
5.2940,100.0000,100.9743,100.9743,100.8282,1.6014,100.9362,100.9362,100.7926,1.6169
5.2950,100.0000,100.9979,100.9979,100.8574,1.5999,100.9593,100.9593,100.8213,1.6157
5.2960,100.0000,101.0200,101.0200,100.8855,1.5985,100.9810,100.9810,100.8489,1.6145
5.2970,100.0000,101.0406,101.0406,100.9124,1.5971,101.0012,101.0012,100.8753,1.6134
5.2980,100.0000,101.0596,101.0596,100.9380,1.5958,101.0198,101.0198,100.9005,1.6123
5.2990,100.0000,101.0771,101.0771,100.9624,1.5946,101.0369,101.0369,100.9244,1.6113
5.3000,100.0000,101.0929,101.0929,100.9853,1.5934,101.0523,101.0523,100.9469,1.6103
5.3010,100.0000,101.1071,101.1071,101.0068,1.5923,101.0661,101.0661,100.9680,1.6094
5.3020,100.0000,101.1195,101.1195,101.0269,1.5912,101.0782,101.0782,100.9876,1.6085
5.3030,100.0000,101.1302,101.1302,101.0454,1.5903,101.0886,101.0886,101.0057,1.6077
5.3040,100.0000,101.1390,101.1390,101.0624,1.5894,101.0972,101.0972,101.0223,1.6070
5.3050,100.0000,101.1461,101.1461,101.0777,1.5886,101.1041,101.1041,101.0373,1.6063
5.3060,100.0000,101.1514,101.1514,101.0914,1.5878,101.1091,101.1091,101.0506,1.6057
5.3070,100.0000,101.1548,101.1548,101.1034,1.5872,101.1123,101.1123,101.0623,1.6052
5.3080,100.0000,101.1563,101.1563,101.1137,1.5866,101.1137,101.1137,101.0723,1.6047
5.3090,100.0000,101.1560,101.1560,101.1222,1.5862,101.1133,101.1133,101.0806,1.6044
5.3100,100.0000,101.1537,101.1537,101.1289,1.5858,101.1110,101.1110,101.0871,1.6040
5.3110,100.0000,101.1496,101.1496,101.1339,1.5855,101.1068,101.1068,101.0919,1.6038
5.3120,100.0000,101.1436,101.1436,101.1370,1.5853,101.1008,101.1008,101.0949,1.6036
5.3130,100.0000,101.1356,101.1356,101.1383,1.5852,101.0929,101.0929,101.0961,1.6035
5.3140,100.0000,101.1258,101.1258,101.1378,1.5852,101.0832,101.0832,101.0955,1.6035
5.3150,100.0000,101.1141,101.1141,101.1354,1.5852,101.0717,101.0717,101.0930,1.6036
5.3160,100.0000,101.1006,101.1006,101.1311,1.5854,101.0584,101.0584,101.0888,1.6037
5.3170,100.0000,101.0852,101.0852,101.1250,1.5857,101.0432,101.0432,101.0827,1.6039
5.3180,100.0000,101.0679,101.0679,101.1171,1.5860,101.0263,101.0263,101.0748,1.6042
5.3190,100.0000,101.0488,101.0488,101.1072,1.5865,101.0076,101.0076,101.0651,1.6046
5.3200,100.0000,101.0280,101.0280,101.0956,1.5870,100.9871,100.9871,101.0536,1.6050
5.3210,100.0000,101.0054,101.0054,101.0820,1.5877,100.9650,100.9650,101.0403,1.6055
5.3220,100.0000,100.9810,100.9810,101.0667,1.5884,100.9412,100.9412,101.0252,1.6061
5.3230,100.0000,100.9550,100.9550,101.0496,1.5892,100.9158,100.9158,101.0084,1.6068
5.3240,100.0000,100.9273,100.9273,101.0307,1.5901,100.8888,100.8888,100.9899,1.6075
5.3250,100.0000,100.8980,100.8980,101.0100,1.5911,100.8602,100.8602,100.9697,1.6083
5.3260,100.0000,100.8671,100.8671,100.9876,1.5922,100.8301,100.8301,100.9478,1.6092
5.3270,100.0000,100.8347,100.8347,100.9635,1.5933,100.7986,100.7986,100.9242,1.6101
5.3280,100.0000,100.8009,100.8009,100.9378,1.5946,100.7656,100.7656,100.8991,1.6111
5.3290,100.0000,100.7656,100.7656,100.9104,1.5959,100.7313,100.7313,100.8724,1.6122
5.3300,100.0000,100.7289,100.7289,100.8814,1.5973,100.6957,100.6957,100.8442,1.6133
5.3310,100.0000,100.6909,100.6909,100.8509,1.5988,100.6589,100.6589,100.8145,1.6145
5.3320,100.0000,100.6517,100.6517,100.8189,1.6004,100.6209,100.6209,100.7834,1.6158
5.3330,100.0000,100.6113,100.6113,100.7855,1.6020,100.5818,100.5818,100.7509,1.6171
5.3340,100.0000,100.5697,100.5697,100.7506,1.6038,100.5416,100.5416,100.7171,1.6185
5.3350,100.0000,100.5271,100.5271,100.7145,1.6055,100.5004,100.5004,100.6820,1.6199
5.3360,100.0000,100.4835,100.4835,100.6770,1.6074,100.4583,100.4583,100.6456,1.6214
5.3370,100.0000,100.4390,100.4390,100.6383,1.6093,100.4153,100.4153,100.6082,1.6230
5.3380,100.0000,100.3936,100.3936,100.5984,1.6113,100.3716,100.3716,100.5696,1.6245
5.3390,100.0000,100.3474,100.3474,100.5575,1.6133,100.3272,100.3272,100.5300,1.6262
5.3400,100.0000,100.3005,100.3005,100.5154,1.6154,100.2821,100.2821,100.4894,1.6278
5.3410,100.0000,100.2529,100.2529,100.4725,1.6175,100.2365,89.6008,100.4480,1.6295
5.3420,100.0000,100.2048,89.4876,100.4285,1.6197,100.1908,89.6343,98.2785,1.7198
5.3430,100.0000,100.1567,89.4996,98.2403,1.7291,100.1454,89.7408,96.5497,1.7919
5.3440,100.0000,100.1092,89.5867,96.4922,1.8166,100.1008,89.9158,95.1879,1.8488
5.3450,100.0000,100.0625,89.7439,95.1111,1.8858,100.0571,90.1546,94.1335,1.8932
5.3460,100.0000,100.0170,89.9662,94.0377,1.9396,100.0146,90.4519,93.3377,1.9267
5.3470,100.0000,99.9730,90.2484,93.2234,1.9804,99.9734,90.8028,92.7606,1.9511
5.3480,100.0000,99.9307,90.5854,92.6284,2.0102,99.9337,91.2017,92.3690,1.9677
5.3490,100.0000,99.8900,90.9718,92.2198,2.0306,99.8955,91.6431,92.1355,1.9776
5.3500,100.0000,99.8513,91.4021,91.9702,2.0431,99.8589,92.1209,92.0370,1.9818
5.3510,100.0000,99.8144,91.8704,91.8566,2.0489,99.8239,92.6289,92.0538,1.9811
5.3520,100.0000,99.7796,92.3709,91.8593,2.0488,99.7906,93.1608,92.1688,1.9763
5.3530,100.0000,99.7467,92.8971,91.9616,2.0437,99.7590,93.7098,92.3672,1.9680
5.3540,100.0000,99.7157,93.4427,92.1488,2.0344,99.7290,94.2691,92.6357,1.9567
5.3550,100.0000,99.6867,94.0010,92.4075,2.0215,99.7007,94.8316,92.9624,1.9429
5.3560,100.0000,99.6596,94.5651,92.7262,2.0056,99.6741,95.3906,93.3363,1.9272
5.3570,100.0000,99.6344,95.1282,93.0940,1.9872,99.6490,95.9386,93.7471,1.9100
5.3580,100.0000,99.6111,95.6832,93.5008,1.9669,99.6255,96.4689,94.1854,1.8916
5.3590,100.0000,99.5894,96.2233,93.9373,1.9451,99.6035,96.9745,94.6421,1.8725
5.3600,100.0000,99.5695,96.7415,94.3945,1.9223,99.5830,97.4489,95.1086,1.8531
5.3610,100.0000,99.5513,97.2313,94.8639,1.8988,99.5639,97.8857,95.5767,1.8336
5.3620,100.0000,99.5346,97.6860,95.3374,1.8752,99.5462,98.2790,96.0385,1.8143
5.3630,100.0000,99.5195,98.0998,95.8071,1.8517,99.5299,98.6233,96.4866,1.7957
5.3640,100.0000,99.5058,98.4668,96.2657,1.8288,99.5149,98.9139,96.9139,1.7779
5.3650,100.0000,99.4935,98.7819,96.7059,1.8068,99.5012,99.1465,97.3139,1.7612
5.3660,100.0000,99.4826,99.0406,97.1211,1.7861,99.4888,99.3176,97.6804,1.7459
5.3670,100.0000,99.4730,99.2391,97.5050,1.7669,99.4777,99.4246,98.0079,1.7323
5.3680,100.0000,99.4647,99.3743,97.8518,1.7496,99.4678,99.4657,98.2912,1.7205
5.3690,100.0000,99.4576,99.4441,98.1563,1.7344,99.4592,99.4592,98.5261,1.7108
5.3700,100.0000,99.4518,99.4518,98.4139,1.7215,99.4519,99.4519,98.7127,1.7030
5.3710,100.0000,99.4473,99.4473,98.6215,1.7111,99.4458,99.4458,98.8606,1.6968
5.3720,100.0000,99.4440,99.4440,98.7866,1.7029,99.4411,99.4411,98.9776,1.6920
5.3730,100.0000,99.4420,99.4420,98.9181,1.6963,99.4377,99.4377,99.0703,1.6881
5.3740,100.0000,99.4412,99.4412,99.0229,1.6911,99.4356,99.4356,99.1438,1.6851
5.3750,100.0000,99.4418,99.4418,99.1065,1.6869,99.4349,99.4349,99.2021,1.6826
5.3760,100.0000,99.4436,99.4436,99.1736,1.6835,99.4355,99.4355,99.2487,1.6807
5.3770,100.0000,99.4468,99.4468,99.2276,1.6808,99.4376,99.4376,99.2861,1.6791
5.3780,100.0000,99.4513,99.4513,99.2714,1.6786,99.4411,99.4411,99.3164,1.6779
5.3790,100.0000,99.4572,99.4572,99.3074,1.6768,99.4460,99.4460,99.3413,1.6769
5.3800,100.0000,99.4645,99.4645,99.3374,1.6754,99.4524,99.4524,99.3623,1.6760
5.3810,100.0000,99.4732,99.4732,99.3628,1.6741,99.4602,99.4602,99.3803,1.6752
5.3820,100.0000,99.4833,99.4833,99.3849,1.6730,99.4694,99.4694,99.3963,1.6746
5.3830,100.0000,99.4947,99.4947,99.4046,1.6720,99.4802,99.4802,99.4109,1.6740
5.3840,100.0000,99.5076,99.5076,99.4226,1.6711,99.4923,99.4923,99.4247,1.6734
5.3850,100.0000,99.5219,99.5219,99.4396,1.6703,99.5060,99.5060,99.4383,1.6728
5.3860,100.0000,99.5375,99.5375,99.4561,1.6694,99.5210,99.5210,99.4518,1.6723
5.3870,100.0000,99.5546,99.5546,99.4724,1.6686,99.5375,99.5375,99.4656,1.6717
5.3880,100.0000,99.5730,99.5730,99.4888,1.6678,99.5554,99.5554,99.4800,1.6711
5.3890,100.0000,99.5927,99.5927,99.5056,1.6670,99.5746,99.5746,99.4951,1.6705
5.3900,100.0000,99.6138,99.6138,99.5230,1.6661,99.5952,99.5952,99.5110,1.6698
5.3910,100.0000,99.6362,99.6362,99.5412,1.6652,99.6172,99.6172,99.5278,1.6691
5.3920,100.0000,99.6599,99.6599,99.5602,1.6642,99.6404,99.6404,99.5457,1.6684
5.3930,100.0000,99.6848,99.6848,99.5801,1.6632,99.6650,99.6650,99.5647,1.6676
5.3940,100.0000,99.7109,99.7109,99.6011,1.6622,99.6907,99.6907,99.5847,1.6668
5.3950,100.0000,99.7382,99.7382,99.6230,1.6611,99.7176,99.7176,99.6059,1.6659
5.3960,100.0000,99.7666,99.7666,99.6461,1.6600,99.7457,99.7457,99.6283,1.6650
5.3970,100.0000,99.7961,99.7961,99.6702,1.6588,99.7748,99.7748,99.6517,1.6640
5.3980,100.0000,99.8266,99.8266,99.6954,1.6575,99.8050,99.8050,99.6763,1.6630
5.3990,100.0000,99.8581,99.8581,99.7216,1.6562,99.8361,99.8361,99.7021,1.6619
5.4000,100.0000,99.8905,99.8905,99.7489,1.6548,99.8682,99.8682,99.7289,1.6608
5.4010,100.0000,99.9238,99.9238,99.7772,1.6534,99.9011,99.9011,99.7567,1.6596
5.4020,100.0000,99.9579,99.9579,99.8065,1.6519,99.9349,99.9349,99.7856,1.6584
5.4030,100.0000,99.9927,99.9927,99.8368,1.6504,99.9693,99.9693,99.8155,1.6572
5.4040,100.0000,100.0282,100.0282,99.8680,1.6489,100.0044,100.0044,99.8462,1.6559
5.4050,100.0000,100.0643,100.0643,99.9000,1.6473,100.0402,100.0402,99.8779,1.6546
5.4060,100.0000,100.1009,100.1009,99.9329,1.6456,100.0764,100.0764,99.9103,1.6532
5.4070,100.0000,100.1380,100.1380,99.9665,1.6439,100.1131,100.1131,99.9435,1.6518
5.4080,100.0000,100.1754,100.1754,100.0008,1.6422,100.1502,100.1502,99.9775,1.6504
5.4090,100.0000,100.2132,100.2132,100.0357,1.6405,100.1875,100.1875,100.0120,1.6490
5.4100,100.0000,100.2512,100.2512,100.0712,1.6387,100.2251,100.2251,100.0471,1.6475
5.4110,100.0000,100.2894,100.2894,100.1072,1.6369,100.2629,100.2629,100.0827,1.6460
5.4120,100.0000,100.3276,100.3276,100.1436,1.6351,100.3007,100.3007,100.1187,1.6445
5.4130,100.0000,100.3658,100.3658,100.1804,1.6332,100.3385,100.3385,100.1551,1.6430
5.4140,100.0000,100.4040,100.4040,100.2175,1.6314,100.3762,100.3762,100.1918,1.6415
5.4150,100.0000,100.4420,100.4420,100.2548,1.6295,100.4137,100.4137,100.2287,1.6400
5.4160,100.0000,100.4798,100.4798,100.2922,1.6277,100.4510,100.4510,100.2657,1.6384
5.4170,100.0000,100.5172,100.5172,100.3298,1.6258,100.4880,100.4880,100.3027,1.6369
5.4180,100.0000,100.5542,100.5542,100.3672,1.6239,100.5245,100.5245,100.3398,1.6353
5.4190,100.0000,100.5908,100.5908,100.4046,1.6220,100.5606,100.5606,100.3767,1.6338
5.4200,100.0000,100.6268,100.6268,100.4419,1.6202,100.5961,100.5961,100.4135,1.6323
5.4210,100.0000,100.6621,100.6621,100.4788,1.6183,100.6309,100.6309,100.4500,1.6307
5.4220,100.0000,100.6968,100.6968,100.5155,1.6165,100.6651,100.6651,100.4862,1.6292
5.4230,100.0000,100.7306,100.7306,100.5518,1.6147,100.6984,100.6984,100.5220,1.6277
5.4240,100.0000,100.7636,100.7636,100.5875,1.6129,100.7309,100.7309,100.5573,1.6262
5.4250,100.0000,100.7956,100.7956,100.6227,1.6111,100.7625,100.7625,100.5920,1.6248
5.4260,100.0000,100.8267,100.8267,100.6573,1.6094,100.7930,100.7930,100.6261,1.6233
5.4270,100.0000,100.8566,100.8566,100.6912,1.6076,100.8225,100.8225,100.6595,1.6219
5.4280,100.0000,100.8855,100.8855,100.7243,1.6060,100.8508,100.8508,100.6921,1.6205
5.4290,100.0000,100.9131,100.9131,100.7565,1.6043,100.8779,100.8779,100.7238,1.6192
5.4300,100.0000,100.9394,100.9394,100.7878,1.6027,100.9038,100.9038,100.7546,1.6179
5.4310,100.0000,100.9644,100.9644,100.8181,1.6012,100.9283,100.9283,100.7845,1.6166
5.4320,100.0000,100.9880,100.9880,100.8474,1.5997,100.9515,100.9515,100.8132,1.6154
5.4330,100.0000,101.0102,101.0102,100.8755,1.5982,100.9732,100.9732,100.8409,1.6142
5.4340,100.0000,101.0308,101.0308,100.9025,1.5969,100.9935,100.9935,100.8674,1.6130
5.4350,100.0000,101.0500,101.0500,100.9281,1.5955,101.0122,101.0122,100.8926,1.6120
5.4360,100.0000,101.0675,101.0675,100.9525,1.5943,101.0293,101.0293,100.9165,1.6109
5.4370,100.0000,101.0834,101.0834,100.9755,1.5931,101.0448,101.0448,100.9391,1.6099
5.4380,100.0000,101.0976,101.0976,100.9971,1.5920,101.0587,101.0587,100.9602,1.6090
5.4390,100.0000,101.1100,101.1100,101.0172,1.5909,101.0709,101.0709,100.9799,1.6082
5.4400,100.0000,101.1208,101.1208,101.0357,1.5900,101.0813,101.0813,100.9981,1.6074
5.4410,100.0000,101.1297,101.1297,101.0527,1.5891,101.0900,101.0900,101.0147,1.6066
5.4420,100.0000,101.1369,101.1369,101.0681,1.5883,101.0969,101.0969,101.0298,1.6060
5.4430,100.0000,101.1422,101.1422,101.0819,1.5875,101.1021,101.1021,101.0432,1.6054
5.4440,100.0000,101.1457,101.1457,101.0940,1.5869,101.1054,101.1054,101.0550,1.6048
5.4450,100.0000,101.1473,101.1473,101.1043,1.5863,101.1069,101.1069,101.0651,1.6044
5.4460,100.0000,101.1470,101.1470,101.1129,1.5859,101.1065,101.1065,101.0734,1.6040
5.4470,100.0000,101.1449,101.1449,101.1197,1.5855,101.1043,101.1043,101.0800,1.6037
5.4480,100.0000,101.1408,101.1408,101.1248,1.5852,101.1002,101.1002,101.0849,1.6034
5.4490,100.0000,101.1349,101.1349,101.1280,1.5850,101.0943,101.0943,101.0880,1.6033
5.4500,100.0000,101.1270,101.1270,101.1293,1.5849,101.0865,101.0865,101.0892,1.6032
5.4510,100.0000,101.1173,101.1173,101.1289,1.5849,101.0769,101.0769,101.0887,1.6031
5.4520,100.0000,101.1056,101.1056,101.1266,1.5849,101.0655,101.0655,101.0863,1.6032
5.4530,100.0000,101.0922,101.0922,101.1224,1.5851,101.0522,101.0522,101.0822,1.6033
5.4540,100.0000,101.0768,101.0768,101.1163,1.5854,101.0371,101.0371,101.0762,1.6035
5.4550,100.0000,101.0596,101.0596,101.1084,1.5857,101.0203,101.0203,101.0684,1.6038
5.4560,100.0000,101.0406,101.0406,101.0987,1.5861,101.0016,101.0016,101.0587,1.6042
5.4570,100.0000,101.0199,101.0199,101.0871,1.5867,100.9813,100.9813,101.0473,1.6046
5.4580,100.0000,100.9973,100.9973,101.0736,1.5873,100.9592,100.9592,101.0341,1.6051
5.4590,100.0000,100.9730,100.9730,101.0584,1.5880,100.9355,100.9355,101.0191,1.6057
5.4600,100.0000,100.9471,100.9471,101.0413,1.5889,100.9101,100.9101,101.0024,1.6064
5.4610,100.0000,100.9195,100.9195,101.0225,1.5898,100.8832,100.8832,100.9840,1.6071
5.4620,100.0000,100.8902,100.8902,101.0019,1.5907,100.8547,100.8547,100.9638,1.6079
5.4630,100.0000,100.8594,100.8594,100.9795,1.5918,100.8247,100.8247,100.9420,1.6088
5.4640,100.0000,100.8271,100.8271,100.9555,1.5930,100.7932,100.7932,100.9185,1.6097
5.4650,100.0000,100.7933,100.7933,100.9298,1.5942,100.7603,100.7603,100.8935,1.6107
5.4660,100.0000,100.7580,100.7580,100.9025,1.5956,100.7261,100.7261,100.8668,1.6118
5.4670,100.0000,100.7214,100.7214,100.8736,1.5970,100.6905,100.6905,100.8387,1.6129
5.4680,100.0000,100.6835,100.6835,100.8432,1.5985,100.6537,100.6537,100.8090,1.6141
5.4690,100.0000,100.6443,100.6443,100.8112,1.6000,100.6157,100.6157,100.7780,1.6154
5.4700,100.0000,100.6039,100.6039,100.7778,1.6017,100.5766,100.5766,100.7455,1.6167
5.4710,100.0000,100.5624,100.5624,100.7430,1.6034,100.5365,100.5365,100.7117,1.6181
5.4720,100.0000,100.5198,100.5198,100.7069,1.6052,100.4953,100.4953,100.6767,1.6195
5.4730,100.0000,100.4762,100.4762,100.6695,1.6070,100.4532,100.4532,100.6404,1.6210
5.4740,100.0000,100.4317,100.4317,100.6308,1.6089,100.4103,100.4103,100.6030,1.6225
5.4750,100.0000,100.3863,100.3863,100.5910,1.6109,100.3666,100.3666,100.5644,1.6241
5.4760,100.0000,100.3401,100.3401,100.5501,1.6129,100.3222,100.3222,100.5249,1.6257
5.4770,100.0000,100.2932,100.2932,100.5081,1.6150,100.2771,100.2771,100.4843,1.6274
5.4780,100.0000,100.2457,100.2457,100.4651,1.6171,100.2314,89.5919,100.4429,1.6291
5.4790,100.0000,100.1976,89.4786,100.4212,1.6193,100.1857,89.6202,98.2727,1.7195
5.4800,100.0000,100.1495,89.4865,98.2327,1.7287,100.1404,89.7219,96.5422,1.7917
5.4810,100.0000,100.1019,89.5695,96.4835,1.8162,100.0957,89.8921,95.1781,1.8488
5.4820,100.0000,100.0553,89.7228,95.1007,1.8855,100.0520,90.1263,94.1209,1.8934
5.4830,100.0000,100.0098,89.9413,94.0251,1.9395,100.0095,90.4195,93.3220,1.9270
5.4840,100.0000,99.9658,90.2200,93.2083,1.9804,99.9682,90.7665,92.7415,1.9516
5.4850,100.0000,99.9234,90.5538,92.6107,2.0103,99.9285,91.1620,92.3465,1.9683
5.4860,100.0000,99.8827,90.9372,92.1993,2.0309,99.8903,91.6003,92.1096,1.9784
5.4870,100.0000,99.8440,91.3649,91.9469,2.0436,99.8536,92.0755,92.0078,1.9827
5.4880,100.0000,99.8071,91.8310,91.8305,2.0494,99.8186,92.5815,92.0213,1.9822
5.4890,100.0000,99.7722,92.3296,91.8306,2.0495,99.7853,93.1118,92.1333,1.9775
5.4900,100.0000,99.7393,92.8543,91.9304,2.0445,99.7537,93.6597,92.3290,1.9693
5.4910,100.0000,99.7083,93.3989,92.1152,2.0353,99.7237,94.2184,92.5952,1.9581
5.4920,100.0000,99.6793,93.9565,92.3719,2.0225,99.6954,94.7810,92.9198,1.9444
5.4930,100.0000,99.6522,94.5204,92.6888,2.0067,99.6687,95.3405,93.2921,1.9288
5.4940,100.0000,99.6270,95.0838,93.0552,1.9884,99.6436,95.8897,93.7017,1.9116
5.4950,100.0000,99.6036,95.6396,93.4609,1.9682,99.6201,96.4216,94.1393,1.8932
5.4960,100.0000,99.5819,96.1809,93.8966,1.9464,99.5981,96.9295,94.5958,1.8741
5.4970,100.0000,99.5620,96.7008,94.3535,1.9236,99.5775,97.4066,95.0625,1.8546
5.4980,100.0000,99.5437,97.1926,94.8229,1.9001,99.5584,97.8467,95.5314,1.8350
5.4990,100.0000,99.5270,97.6498,95.2969,1.8765,99.5408,98.2436,95.9944,1.8157
5.5000,100.0000,99.5119,98.0664,95.7674,1.8530,99.5244,98.5920,96.4443,1.7970
5.5010,100.0000,99.4982,98.4366,96.2272,1.8300,99.5094,98.8870,96.8738,1.7790
5.5020,100.0000,99.4859,98.7552,96.6691,1.8079,99.4958,99.1242,97.2764,1.7623
5.5030,100.0000,99.4750,99.0177,97.0863,1.7871,99.4834,99.3003,97.6460,1.7469
5.5040,100.0000,99.4654,99.2202,97.4726,1.7678,99.4722,99.4124,97.9768,1.7331
5.5050,100.0000,99.4571,99.3596,97.8221,1.7503,99.4623,99.4587,98.2639,1.7211
5.5060,100.0000,99.4500,99.4336,98.1296,1.7349,99.4537,99.4537,98.5029,1.7112
5.5070,100.0000,99.4442,99.4442,98.3904,1.7219,99.4464,99.4464,98.6931,1.7033
5.5080,100.0000,99.4396,99.4396,98.6012,1.7114,99.4403,99.4403,98.8437,1.6970
5.5090,100.0000,99.4363,99.4363,98.7689,1.7030,99.4355,99.4355,98.9630,1.6920
5.5100,100.0000,99.4343,99.4343,98.9024,1.6963,99.4321,99.4321,99.0575,1.6881
5.5110,100.0000,99.4335,99.4335,99.0088,1.6910,99.4300,99.4300,99.1324,1.6850
5.5120,100.0000,99.4340,99.4340,99.0937,1.6868,99.4292,99.4292,99.1919,1.6825
5.5130,100.0000,99.4359,99.4359,99.1618,1.6834,99.4298,99.4298,99.2394,1.6805
5.5140,100.0000,99.4390,99.4390,99.2166,1.6806,99.4319,99.4319,99.2775,1.6789
5.5150,100.0000,99.4435,99.4435,99.2611,1.6784,99.4353,99.4353,99.3084,1.6776
5.5160,100.0000,99.4494,99.4494,99.2976,1.6766,99.4402,99.4402,99.3337,1.6766
5.5170,100.0000,99.4566,99.4566,99.3279,1.6751,99.4465,99.4465,99.3550,1.6757
5.5180,100.0000,99.4653,99.4653,99.3537,1.6738,99.4542,99.4542,99.3733,1.6749
5.5190,100.0000,99.4753,99.4753,99.3760,1.6727,99.4634,99.4634,99.3895,1.6743
5.5200,100.0000,99.4867,99.4867,99.3959,1.6717,99.4741,99.4741,99.4043,1.6737
5.5210,100.0000,99.4995,99.4995,99.4140,1.6708,99.4862,99.4862,99.4182,1.6731
5.5220,100.0000,99.5137,99.5137,99.4311,1.6699,99.4997,99.4997,99.4318,1.6725
5.5230,100.0000,99.5294,99.5294,99.4477,1.6691,99.5147,99.5147,99.4454,1.6720
5.5240,100.0000,99.5463,99.5463,99.4640,1.6683,99.5311,99.5311,99.4593,1.6714
5.5250,100.0000,99.5647,99.5647,99.4805,1.6675,99.5490,99.5490,99.4736,1.6708
5.5260,100.0000,99.5844,99.5844,99.4973,1.6666,99.5681,99.5681,99.4887,1.6702
5.5270,100.0000,99.6054,99.6054,99.5147,1.6658,99.5887,99.5887,99.5046,1.6695
5.5280,100.0000,99.6277,99.6277,99.5329,1.6649,99.6106,99.6106,99.5214,1.6688
5.5290,100.0000,99.6513,99.6513,99.5518,1.6639,99.6338,99.6338,99.5392,1.6681
5.5300,100.0000,99.6762,99.6762,99.5717,1.6629,99.6582,99.6582,99.5582,1.6673
5.5310,100.0000,99.7023,99.7023,99.5926,1.6619,99.6839,99.6839,99.5782,1.6664
5.5320,100.0000,99.7295,99.7295,99.6146,1.6608,99.7107,99.7107,99.5993,1.6656
5.5330,100.0000,99.7578,99.7578,99.6375,1.6596,99.7387,99.7387,99.6216,1.6646
5.5340,100.0000,99.7873,99.7873,99.6616,1.6584,99.7678,99.7678,99.6450,1.6637
5.5350,100.0000,99.8177,99.8177,99.6867,1.6572,99.7979,99.7979,99.6696,1.6626
5.5360,100.0000,99.8492,99.8492,99.7129,1.6559,99.8290,99.8290,99.6952,1.6616
5.5370,100.0000,99.8815,99.8815,99.7402,1.6545,99.8610,99.8610,99.7220,1.6605
5.5380,100.0000,99.9147,99.9147,99.7684,1.6531,99.8938,99.8938,99.7498,1.6593
5.5390,100.0000,99.9488,99.9488,99.7977,1.6516,99.9275,99.9275,99.7786,1.6581
5.5400,100.0000,99.9835,99.9835,99.8279,1.6501,99.9619,99.9619,99.8084,1.6569
5.5410,100.0000,100.0190,100.0190,99.8590,1.6486,99.9970,99.9970,99.8391,1.6556
5.5420,100.0000,100.0550,100.0550,99.8910,1.6470,100.0327,100.0327,99.8707,1.6543
5.5430,100.0000,100.0916,100.0916,99.9238,1.6453,100.0689,100.0689,99.9031,1.6529
5.5440,100.0000,100.1286,100.1286,99.9574,1.6437,100.1055,100.1055,99.9362,1.6515
5.5450,100.0000,100.1661,100.1661,99.9916,1.6419,100.1425,100.1425,99.9701,1.6501
5.5460,100.0000,100.2038,100.2038,100.0265,1.6402,100.1799,100.1799,100.0046,1.6487
5.5470,100.0000,100.2418,100.2418,100.0620,1.6384,100.2175,100.2175,100.0396,1.6472
5.5480,100.0000,100.2799,100.2799,100.0979,1.6366,100.2552,100.2552,100.0752,1.6457
5.5490,100.0000,100.3181,100.3181,100.1343,1.6348,100.2930,100.2930,100.1112,1.6442
5.5500,100.0000,100.3564,100.3564,100.1711,1.6330,100.3307,100.3307,100.1476,1.6427
5.5510,100.0000,100.3945,100.3945,100.2082,1.6311,100.3684,100.3684,100.1842,1.6412
5.5520,100.0000,100.4325,100.4325,100.2454,1.6292,100.4060,100.4060,100.2210,1.6397
5.5530,100.0000,100.4702,100.4702,100.2828,1.6274,100.4433,100.4433,100.2580,1.6381
5.5540,100.0000,100.5077,100.5077,100.3203,1.6255,100.4802,100.4802,100.2951,1.6366
5.5550,100.0000,100.5447,100.5447,100.3578,1.6236,100.5168,100.5168,100.3321,1.6350
5.5560,100.0000,100.5813,100.5813,100.3952,1.6218,100.5529,100.5529,100.3690,1.6335
5.5570,100.0000,100.6173,100.6173,100.4324,1.6199,100.5884,100.5884,100.4058,1.6320
5.5580,100.0000,100.6526,100.6526,100.4694,1.6180,100.6232,100.6232,100.4423,1.6304
5.5590,100.0000,100.6873,100.6873,100.5060,1.6162,100.6574,100.6574,100.4785,1.6289
5.5600,100.0000,100.7212,100.7212,100.5423,1.6144,100.6908,100.6908,100.5143,1.6274
5.5610,100.0000,100.7542,100.7542,100.5780,1.6126,100.7233,100.7233,100.5496,1.6259
5.5620,100.0000,100.7863,100.7863,100.6133,1.6108,100.7549,100.7549,100.5843,1.6245
5.5630,100.0000,100.8173,100.8173,100.6479,1.6091,100.7855,100.7855,100.6184,1.6230
5.5640,100.0000,100.8473,100.8473,100.6818,1.6074,100.8150,100.8150,100.6519,1.6216
5.5650,100.0000,100.8762,100.8762,100.7149,1.6057,100.8434,100.8434,100.6845,1.6202
5.5660,100.0000,100.9038,100.9038,100.7471,1.6040,100.8706,100.8706,100.7163,1.6189
5.5670,100.0000,100.9302,100.9302,100.7785,1.6024,100.8965,100.8965,100.7471,1.6175
5.5680,100.0000,100.9553,100.9553,100.8088,1.6009,100.9211,100.9211,100.7770,1.6163
5.5690,100.0000,100.9789,100.9789,100.8381,1.5994,100.9443,100.9443,100.8058,1.6150
5.5700,100.0000,101.0011,101.0011,100.8663,1.5980,100.9661,100.9661,100.8335,1.6138
5.5710,100.0000,101.0219,101.0219,100.8932,1.5966,100.9864,100.9864,100.8600,1.6127
5.5720,100.0000,101.0410,101.0410,100.9190,1.5953,101.0052,101.0052,100.8853,1.6116
5.5730,100.0000,101.0586,101.0586,100.9434,1.5940,101.0224,101.0224,100.9093,1.6106
5.5740,100.0000,101.0746,101.0746,100.9664,1.5928,101.0380,101.0380,100.9319,1.6096
5.5750,100.0000,101.0888,101.0888,100.9881,1.5917,101.0520,101.0520,100.9531,1.6087
5.5760,100.0000,101.1014,101.1014,101.0082,1.5906,101.0642,101.0642,100.9729,1.6078
5.5770,100.0000,101.1122,101.1122,101.0269,1.5897,101.0748,101.0748,100.9912,1.6070
5.5780,100.0000,101.1212,101.1212,101.0439,1.5888,101.0836,101.0836,101.0079,1.6063
5.5790,100.0000,101.1285,101.1285,101.0594,1.5880,101.0906,101.0906,101.0230,1.6056
5.5800,100.0000,101.1339,101.1339,101.0732,1.5872,101.0958,101.0958,101.0366,1.6050
5.5810,100.0000,101.1374,101.1374,101.0854,1.5866,101.0992,101.0992,101.0484,1.6045
5.5820,100.0000,101.1391,101.1391,101.0958,1.5860,101.1008,101.1008,101.0586,1.6040
5.5830,100.0000,101.1389,101.1389,101.1044,1.5856,101.1005,101.1005,101.0670,1.6036
5.5840,100.0000,101.1368,101.1368,101.1113,1.5852,101.0984,101.0984,101.0737,1.6033
5.5850,100.0000,101.1329,101.1329,101.1164,1.5849,101.0944,101.0944,101.0786,1.6031
5.5860,100.0000,101.1270,101.1270,101.1197,1.5847,101.0886,101.0886,101.0818,1.6029
5.5870,100.0000,101.1192,101.1192,101.1212,1.5845,101.0809,101.0809,101.0832,1.6028
5.5880,100.0000,101.1096,101.1096,101.1208,1.5845,101.0714,101.0714,101.0827,1.6028
5.5890,100.0000,101.0980,101.0980,101.1185,1.5846,101.0600,101.0600,101.0804,1.6028
5.5900,100.0000,101.0846,101.0846,101.1144,1.5848,101.0468,101.0468,101.0764,1.6029
5.5910,100.0000,101.0694,101.0694,101.1085,1.5850,101.0319,101.0319,101.0704,1.6031
5.5920,100.0000,101.0523,101.0523,101.1007,1.5854,101.0151,101.0151,101.0627,1.6034
5.5930,100.0000,101.0333,101.0333,101.0910,1.5858,100.9966,100.9966,101.0532,1.6038
5.5940,100.0000,101.0126,101.0126,101.0795,1.5863,100.9763,100.9763,101.0419,1.6042
5.5950,100.0000,100.9902,100.9902,101.0661,1.5870,100.9543,100.9543,101.0288,1.6047
5.5960,100.0000,100.9660,100.9660,101.0509,1.5877,100.9307,100.9307,101.0139,1.6053
5.5970,100.0000,100.9401,100.9401,101.0339,1.5885,100.9054,100.9054,100.9972,1.6059
5.5980,100.0000,100.9125,100.9125,101.0151,1.5894,100.8785,100.8785,100.9789,1.6067
5.5990,100.0000,100.8833,100.8833,100.9946,1.5904,100.8501,100.8501,100.9588,1.6075
5.6000,100.0000,100.8526,100.8526,100.9724,1.5914,100.8201,100.8201,100.9370,1.6083
5.6010,100.0000,100.8203,100.8203,100.9484,1.5926,100.7887,100.7887,100.9137,1.6093
5.6020,100.0000,100.7866,100.7866,100.9228,1.5939,100.7559,100.7559,100.8887,1.6103
5.6030,100.0000,100.7514,100.7514,100.8955,1.5952,100.7217,100.7217,100.8621,1.6114
5.6040,100.0000,100.7148,100.7148,100.8667,1.5966,100.6862,100.6862,100.8340,1.6125
5.6050,100.0000,100.6769,100.6769,100.8363,1.5981,100.6495,100.6495,100.8045,1.6137
5.6060,100.0000,100.6378,100.6378,100.8044,1.5996,100.6115,100.6115,100.7735,1.6150
5.6070,100.0000,100.5975,100.5975,100.7711,1.6013,100.5725,100.5725,100.7411,1.6163
5.6080,100.0000,100.5560,100.5560,100.7364,1.6030,100.5323,100.5323,100.7074,1.6176
5.6090,100.0000,100.5134,100.5134,100.7003,1.6048,100.4912,100.4912,100.6723,1.6191
5.6100,100.0000,100.4699,100.4699,100.6629,1.6066,100.4492,100.4492,100.6361,1.6206
5.6110,100.0000,100.4254,100.4254,100.6243,1.6085,100.4062,100.4062,100.5987,1.6221
5.6120,100.0000,100.3800,100.3800,100.5845,1.6105,100.3625,100.3625,100.5602,1.6237
5.6130,100.0000,100.3338,100.3338,100.5436,1.6125,100.3181,100.3181,100.5207,1.6253
5.6140,100.0000,100.2870,100.2870,100.5017,1.6146,100.2730,100.2730,100.4802,1.6270
5.6150,100.0000,100.2394,100.2394,100.4587,1.6167,100.2274,89.5841,100.4387,1.6287
5.6160,100.0000,100.1913,89.4707,100.4149,1.6189,100.1817,89.6070,98.2678,1.7192
5.6170,100.0000,100.1432,89.4739,98.2260,1.7283,100.1363,89.7033,96.5357,1.7915
5.6180,100.0000,100.0956,89.5523,96.4756,1.8159,100.0916,89.8685,95.1692,1.8488
5.6190,100.0000,100.0490,89.7012,95.0909,1.8853,100.0479,90.0979,94.1091,1.8935
5.6200,100.0000,100.0035,89.9155,94.0130,1.9394,100.0053,90.3865,93.3068,1.9273
5.6210,100.0000,99.9594,90.1903,93.1935,1.9804,99.9641,90.7294,92.7228,1.9521
5.6220,100.0000,99.9170,90.5204,92.5928,2.0105,99.9243,91.1211,92.3241,1.9690
5.6230,100.0000,99.8764,90.9006,92.1784,2.0312,99.8860,91.5562,92.0835,1.9792
5.6240,100.0000,99.8376,91.3253,91.9228,2.0440,99.8493,92.0286,91.9780,1.9837
5.6250,100.0000,99.8007,91.7889,91.8033,2.0500,99.8143,92.5323,91.9881,1.9833
5.6260,100.0000,99.7657,92.2853,91.8004,2.0502,99.7810,93.0608,92.0970,1.9788
5.6270,100.0000,99.7328,92.8084,91.8974,2.0454,99.7493,93.6075,92.2897,1.9707
5.6280,100.0000,99.7018,93.3518,92.0796,2.0364,99.7193,94.1656,92.5533,1.9596
5.6290,100.0000,99.6727,93.9087,92.3340,2.0237,99.6910,94.7282,92.8757,1.9460
5.6300,100.0000,99.6456,94.4725,92.6490,2.0080,99.6643,95.2882,93.2462,1.9304
5.6310,100.0000,99.6204,95.0361,93.0137,1.9898,99.6392,95.8386,93.6546,1.9132
5.6320,100.0000,99.5970,95.5927,93.4182,1.9696,99.6156,96.3723,94.0914,1.8949
5.6330,100.0000,99.5753,96.1353,93.8531,1.9479,99.5936,96.8825,94.5476,1.8757
5.6340,100.0000,99.5554,96.6570,94.3095,1.9251,99.5730,97.3625,95.0146,1.8562
5.6350,100.0000,99.5371,97.1510,94.7790,1.9016,99.5539,97.8059,95.4842,1.8366
5.6360,100.0000,99.5204,97.6110,95.2534,1.8779,99.5362,98.2067,95.9485,1.8172
5.6370,100.0000,99.5052,98.0308,95.7249,1.8544,99.5199,98.5594,96.4002,1.7984
5.6380,100.0000,99.4915,98.4045,96.1861,1.8313,99.5049,98.8590,96.8320,1.7803
5.6390,100.0000,99.4792,98.7270,96.6298,1.8092,99.4912,99.1013,97.2374,1.7634
5.6400,100.0000,99.4683,98.9937,97.0492,1.7882,99.4788,99.2826,97.6102,1.7479
5.6410,100.0000,99.4587,99.2006,97.4381,1.7688,99.4676,99.4001,97.9447,1.7339
5.6420,100.0000,99.4503,99.3446,97.7906,1.7512,99.4577,99.4520,98.2358,1.7218
5.6430,100.0000,99.4433,99.4234,98.1014,1.7356,99.4491,99.4491,98.4790,1.7116
5.6440,100.0000,99.4375,99.4375,98.3658,1.7224,99.4417,99.4417,98.6730,1.7036
5.6450,100.0000,99.4329,99.4329,98.5802,1.7117,99.4356,99.4356,98.8268,1.6971
5.6460,100.0000,99.4296,99.4296,98.7507,1.7032,99.4308,99.4308,98.9485,1.6921
5.6470,100.0000,99.4275,99.4275,98.8865,1.6964,99.4273,99.4273,99.0450,1.6881
5.6480,100.0000,99.4267,99.4267,98.9947,1.6910,99.4252,99.4252,99.1215,1.6849
5.6490,100.0000,99.4272,99.4272,99.0811,1.6867,99.4244,99.4244,99.1822,1.6823
5.6500,100.0000,99.4290,99.4290,99.1503,1.6832,99.4250,99.4250,99.2306,1.6803
5.6510,100.0000,99.4321,99.4321,99.2061,1.6804,99.4269,99.4269,99.2695,1.6787
5.6520,100.0000,99.4366,99.4366,99.2513,1.6782,99.4303,99.4303,99.3010,1.6774
5.6530,100.0000,99.4424,99.4424,99.2883,1.6763,99.4351,99.4351,99.3269,1.6763
5.6540,100.0000,99.4496,99.4496,99.3192,1.6748,99.4414,99.4414,99.3485,1.6754
5.6550,100.0000,99.4582,99.4582,99.3452,1.6735,99.4491,99.4491,99.3671,1.6746
5.6560,100.0000,99.4682,99.4682,99.3678,1.6724,99.4582,99.4582,99.3835,1.6740
5.6570,100.0000,99.4795,99.4795,99.3879,1.6714,99.4688,99.4688,99.3984,1.6733
5.6580,100.0000,99.4923,99.4923,99.4062,1.6704,99.4808,99.4808,99.4125,1.6728
5.6590,100.0000,99.5064,99.5064,99.4234,1.6696,99.4943,99.4943,99.4262,1.6722
5.6600,100.0000,99.5220,99.5220,99.4400,1.6688,99.5092,99.5092,99.4398,1.6716
5.6610,100.0000,99.5389,99.5389,99.4564,1.6679,99.5256,99.5256,99.4537,1.6711
5.6620,100.0000,99.5572,99.5572,99.4729,1.6671,99.5433,99.5433,99.4681,1.6705
5.6630,100.0000,99.5768,99.5768,99.4898,1.6663,99.5624,99.5624,99.4831,1.6698
5.6640,100.0000,99.5978,99.5978,99.5072,1.6654,99.5829,99.5829,99.4990,1.6692
5.6650,100.0000,99.6201,99.6201,99.5253,1.6645,99.6047,99.6047,99.5157,1.6685
5.6660,100.0000,99.6436,99.6436,99.5443,1.6636,99.6278,99.6278,99.5335,1.6677
5.6670,100.0000,99.6684,99.6684,99.5641,1.6626,99.6522,99.6522,99.5524,1.6670
5.6680,100.0000,99.6944,99.6944,99.5850,1.6615,99.6778,99.6778,99.5723,1.6661
5.6690,100.0000,99.7215,99.7215,99.6069,1.6604,99.7046,99.7046,99.5934,1.6652
5.6700,100.0000,99.7498,99.7498,99.6298,1.6593,99.7325,99.7325,99.6157,1.6643
5.6710,100.0000,99.7792,99.7792,99.6538,1.6581,99.7615,99.7615,99.6390,1.6633
5.6720,100.0000,99.8096,99.8096,99.6789,1.6568,99.7915,99.7915,99.6635,1.6623
5.6730,100.0000,99.8410,99.8410,99.7050,1.6555,99.8225,99.8225,99.6891,1.6613
5.6740,100.0000,99.8733,99.8733,99.7322,1.6542,99.8545,99.8545,99.7158,1.6602
5.6750,100.0000,99.9065,99.9065,99.7604,1.6528,99.8873,99.8873,99.7435,1.6590
5.6760,100.0000,99.9404,99.9404,99.7896,1.6513,99.9209,99.9209,99.7723,1.6578
5.6770,100.0000,99.9751,99.9751,99.8198,1.6498,99.9552,99.9552,99.8020,1.6566
5.6780,100.0000,100.0105,100.0105,99.8509,1.6483,99.9903,99.9903,99.8327,1.6553
5.6790,100.0000,100.0465,100.0465,99.8828,1.6467,100.0259,100.0259,99.8642,1.6540
5.6800,100.0000,100.0830,100.0830,99.9155,1.6450,100.0620,100.0620,99.8965,1.6526
5.6810,100.0000,100.1200,100.1200,99.9490,1.6433,100.0986,100.0986,99.9296,1.6512
5.6820,100.0000,100.1574,100.1574,99.9832,1.6416,100.1357,100.1357,99.9634,1.6498
5.6830,100.0000,100.1951,100.1951,100.0181,1.6399,100.1730,100.1730,99.9979,1.6484
5.6840,100.0000,100.2331,100.2331,100.0535,1.6381,100.2105,100.2105,100.0329,1.6469
5.6850,100.0000,100.2712,100.2712,100.0894,1.6363,100.2482,100.2482,100.0684,1.6454
5.6860,100.0000,100.3094,100.3094,100.1258,1.6345,100.2860,100.2860,100.1044,1.6439
5.6870,100.0000,100.3476,100.3476,100.1625,1.6327,100.3237,100.3237,100.1407,1.6424
5.6880,100.0000,100.3857,100.3857,100.1995,1.6308,100.3614,100.3614,100.1773,1.6409
5.6890,100.0000,100.4237,100.4237,100.2368,1.6290,100.3989,100.3989,100.2141,1.6394
5.6900,100.0000,100.4614,100.4614,100.2742,1.6271,100.4362,100.4362,100.2511,1.6378
5.6910,100.0000,100.4989,100.4989,100.3116,1.6252,100.4732,100.4732,100.2881,1.6363
5.6920,100.0000,100.5359,100.5359,100.3491,1.6233,100.5097,100.5097,100.3251,1.6347
5.6930,100.0000,100.5725,100.5725,100.3864,1.6215,100.5458,100.5458,100.3620,1.6332
5.6940,100.0000,100.6085,100.6085,100.4236,1.6196,100.5814,100.5814,100.3988,1.6316
5.6950,100.0000,100.6439,100.6439,100.4606,1.6178,100.6163,100.6163,100.4353,1.6301
5.6960,100.0000,100.6785,100.6785,100.4973,1.6159,100.6504,100.6504,100.4715,1.6286
5.6970,100.0000,100.7124,100.7124,100.5335,1.6141,100.6839,100.6839,100.5073,1.6271
5.6980,100.0000,100.7455,100.7455,100.5693,1.6123,100.7164,100.7164,100.5426,1.6256
5.6990,100.0000,100.7776,100.7776,100.6045,1.6105,100.7480,100.7480,100.5774,1.6241
5.7000,100.0000,100.8087,100.8087,100.6391,1.6088,100.7787,100.7787,100.6115,1.6227
5.7010,100.0000,100.8387,100.8387,100.6730,1.6071,100.8082,100.8082,100.6449,1.6213
5.7020,100.0000,100.8676,100.8676,100.7062,1.6054,100.8367,100.8367,100.6776,1.6199
5.7030,100.0000,100.8953,100.8953,100.7385,1.6037,100.8639,100.8639,100.7094,1.6185
5.7040,100.0000,100.9218,100.9218,100.7698,1.6022,100.8899,100.8899,100.7403,1.6172
5.7050,100.0000,100.9469,100.9469,100.8002,1.6006,100.9145,100.9145,100.7702,1.6159
5.7060,100.0000,100.9706,100.9706,100.8296,1.5991,100.9378,100.9378,100.7991,1.6147
5.7070,100.0000,100.9929,100.9929,100.8578,1.5977,100.9597,100.9597,100.8268,1.6135
5.7080,100.0000,101.0136,101.0136,100.8848,1.5963,100.9801,100.9801,100.8534,1.6124
5.7090,100.0000,101.0329,101.0329,100.9106,1.5950,100.9989,100.9989,100.8787,1.6113
5.7100,100.0000,101.0505,101.0505,100.9350,1.5937,101.0162,101.0162,100.9028,1.6102
5.7110,100.0000,101.0666,101.0666,100.9581,1.5925,101.0319,101.0319,100.9255,1.6093
5.7120,100.0000,101.0809,101.0809,100.9798,1.5914,101.0459,101.0459,100.9468,1.6083
5.7130,100.0000,101.0935,101.0935,101.0000,1.5903,101.0583,101.0583,100.9666,1.6075
5.7140,100.0000,101.1044,101.1044,101.0187,1.5894,101.0689,101.0689,100.9849,1.6067
5.7150,100.0000,101.1135,101.1135,101.0359,1.5885,101.0778,101.0778,101.0017,1.6059
5.7160,100.0000,101.1209,101.1209,101.0514,1.5877,101.0849,101.0849,101.0170,1.6053
5.7170,100.0000,101.1263,101.1263,101.0653,1.5869,101.0902,101.0902,101.0305,1.6046
5.7180,100.0000,101.1300,101.1300,101.0775,1.5863,101.0937,101.0937,101.0425,1.6041
5.7190,100.0000,101.1317,101.1317,101.0880,1.5857,101.0954,101.0954,101.0527,1.6036
5.7200,100.0000,101.1316,101.1316,101.0967,1.5852,101.0952,101.0952,101.0613,1.6032
5.7210,100.0000,101.1297,101.1297,101.1037,1.5848,101.0932,101.0932,101.0681,1.6029
5.7220,100.0000,101.1258,101.1258,101.1089,1.5845,101.0893,101.0893,101.0731,1.6027
5.7230,100.0000,101.1200,101.1200,101.1123,1.5843,101.0836,101.0836,101.0763,1.6025
5.7240,100.0000,101.1123,101.1123,101.1138,1.5842,101.0760,101.0760,101.0778,1.6024
5.7250,100.0000,101.1027,101.1027,101.1135,1.5842,101.0666,101.0666,101.0774,1.6024
5.7260,100.0000,101.0913,101.0913,101.1114,1.5842,101.0553,101.0553,101.0753,1.6024
5.7270,100.0000,101.0780,101.0780,101.1074,1.5844,101.0422,101.0422,101.0713,1.6025
5.7280,100.0000,101.0628,101.0628,101.1015,1.5846,101.0274,101.0274,101.0655,1.6027
5.7290,100.0000,101.0458,101.0458,101.0937,1.5850,101.0107,101.0107,101.0579,1.6030
5.7300,100.0000,101.0270,101.0270,101.0842,1.5854,100.9922,100.9922,101.0484,1.6034
5.7310,100.0000,101.0063,101.0063,101.0727,1.5860,100.9721,100.9721,101.0372,1.6038
5.7320,100.0000,100.9839,100.9839,101.0594,1.5866,100.9502,100.9502,101.0242,1.6043
5.7330,100.0000,100.9598,100.9598,101.0443,1.5873,100.9266,100.9266,101.0094,1.6049
5.7340,100.0000,100.9340,100.9340,101.0274,1.5881,100.9014,100.9014,100.9928,1.6055
5.7350,100.0000,100.9065,100.9065,101.0088,1.5890,100.8746,100.8746,100.9745,1.6062
5.7360,100.0000,100.8774,100.8774,100.9883,1.5900,100.8462,100.8462,100.9545,1.6070
5.7370,100.0000,100.8467,100.8467,100.9661,1.5910,100.8164,100.8164,100.9329,1.6079
5.7380,100.0000,100.8145,100.8145,100.9423,1.5922,100.7850,100.7850,100.9096,1.6088
5.7390,100.0000,100.7808,100.7808,100.9167,1.5934,100.7522,100.7522,100.8847,1.6098
5.7400,100.0000,100.7457,100.7457,100.8895,1.5948,100.7181,100.7181,100.8582,1.6109
5.7410,100.0000,100.7092,100.7092,100.8608,1.5962,100.6827,100.6827,100.8302,1.6120
5.7420,100.0000,100.6714,100.6714,100.8305,1.5977,100.6460,100.6460,100.8007,1.6132
5.7430,100.0000,100.6323,100.6323,100.7986,1.5992,100.6081,100.6081,100.7697,1.6145
5.7440,100.0000,100.5920,100.5920,100.7654,1.6008,100.5691,100.5691,100.7374,1.6158
5.7450,100.0000,100.5506,100.5506,100.7307,1.6026,100.5290,100.5290,100.7037,1.6172
5.7460,100.0000,100.5080,100.5080,100.6947,1.6043,100.4879,100.4879,100.6688,1.6186
5.7470,100.0000,100.4645,100.4645,100.6573,1.6062,100.4458,100.4458,100.6326,1.6201
5.7480,100.0000,100.4200,100.4200,100.6188,1.6081,100.4029,100.4029,100.5952,1.6216
5.7490,100.0000,100.3747,100.3747,100.5790,1.6100,100.3592,100.3592,100.5568,1.6232
5.7500,100.0000,100.3286,100.3286,100.5382,1.6121,100.3148,100.3148,100.5173,1.6249
5.7510,100.0000,100.2817,100.2817,100.4962,1.6141,100.2697,100.2697,100.4768,1.6265
5.7520,100.0000,100.2342,100.2342,100.4533,1.6163,100.2241,89.5773,100.4354,1.6282
5.7530,100.0000,100.1861,100.1861,100.4095,1.6184,100.1783,89.5945,98.2638,1.7189
5.7540,100.0000,100.1374,89.4477,100.3648,1.6207,100.1330,89.6852,96.5299,1.7914
5.7550,100.0000,100.0889,89.5106,98.1814,1.7298,100.0883,89.8449,95.1609,1.8488
5.7560,100.0000,100.0410,89.6469,96.4472,1.8166,100.0445,90.0692,94.0977,1.8937
5.7570,100.0000,99.9940,89.8510,95.0872,1.8848,100.0019,90.3530,93.2920,1.9277
5.7580,100.0000,99.9482,90.1173,94.0399,1.9373,99.9606,90.6915,92.7042,1.9526
5.7590,100.0000,99.9040,90.4404,93.2554,1.9766,99.9208,91.0792,92.3017,1.9697
5.7600,100.0000,99.8614,90.8147,92.6924,2.0048,99.8825,91.5107,92.0572,1.9801
5.7610,100.0000,99.8206,91.2343,92.3169,2.0236,99.8458,91.9801,91.9479,1.9848
5.7620,100.0000,99.7816,91.6935,92.1003,2.0344,99.8108,92.4813,91.9543,1.9845
5.7630,100.0000,99.7446,92.1862,92.0190,2.0385,99.7774,93.0079,92.0597,1.9801
5.7640,100.0000,99.7096,92.7061,92.0524,2.0369,99.7457,93.5534,92.2494,1.9721
5.7650,100.0000,99.6765,93.2468,92.1831,2.0304,99.7157,94.1108,92.5102,1.9611
5.7660,100.0000,99.6454,93.8017,92.3959,2.0198,99.6873,94.6733,92.8303,1.9476
5.7670,100.0000,99.6162,94.3640,92.6770,2.0058,99.6606,95.2339,93.1989,1.9321
5.7680,100.0000,99.5890,94.9268,93.0144,1.9890,99.6354,95.7854,93.6059,1.9150
5.7690,100.0000,99.5636,95.4833,93.3969,1.9699,99.6118,96.3210,94.0418,1.8966
5.7700,100.0000,99.5400,96.0264,93.8142,1.9490,99.5898,96.8336,94.4976,1.8775
5.7710,100.0000,99.5181,96.5495,94.2566,1.9269,99.5692,97.3166,94.9648,1.8579
5.7720,100.0000,99.4979,97.0457,94.7152,1.9040,99.5501,97.7635,95.4352,1.8382
5.7730,100.0000,99.4794,97.5085,95.1813,1.8808,99.5324,98.1683,95.9008,1.8188
5.7740,100.0000,99.4624,97.9320,95.6467,1.8575,99.5160,98.5255,96.3543,1.7998
5.7750,100.0000,99.4469,98.3103,96.1038,1.8347,99.5010,98.8301,96.7886,1.7817
5.7760,100.0000,99.4328,98.6381,96.5451,1.8126,99.4873,99.0776,97.1969,1.7646
5.7770,100.0000,99.4202,98.9108,96.9637,1.7917,99.4749,99.2644,97.5730,1.7489
5.7780,100.0000,99.4089,99.1244,97.3531,1.7723,99.4637,99.3877,97.9113,1.7348
5.7790,100.0000,99.3990,99.2757,97.7074,1.7546,99.4538,99.4454,98.2066,1.7225
5.7800,100.0000,99.3903,99.3623,98.0210,1.7389,99.4452,99.4452,98.4543,1.7122
5.7810,100.0000,99.3829,99.3829,98.2893,1.7255,99.4378,99.4378,98.6525,1.7039
5.7820,100.0000,99.3768,99.3768,98.5080,1.7145,99.4316,99.4316,98.8096,1.6973
5.7830,100.0000,99.3719,99.3719,98.6818,1.7059,99.4268,99.4268,98.9340,1.6922
5.7840,100.0000,99.3684,99.3684,98.8198,1.6990,99.4233,99.4233,99.0325,1.6880
5.7850,100.0000,99.3661,99.3661,98.9295,1.6935,99.4211,99.4211,99.1107,1.6848
5.7860,100.0000,99.3652,99.3652,99.0168,1.6891,99.4203,99.4203,99.1728,1.6822
5.7870,100.0000,99.3656,99.3656,99.0865,1.6857,99.4208,99.4208,99.2223,1.6801
5.7880,100.0000,99.3674,99.3674,99.1423,1.6829,99.4227,99.4227,99.2620,1.6785
5.7890,100.0000,99.3705,99.3705,99.1873,1.6806,99.4260,99.4260,99.2941,1.6771
5.7900,100.0000,99.3750,99.3750,99.2240,1.6788,99.4308,99.4308,99.3205,1.6760
5.7910,100.0000,99.3809,99.3809,99.2542,1.6773,99.4370,99.4370,99.3426,1.6751
5.7920,100.0000,99.3882,99.3882,99.2795,1.6760,99.4446,99.4446,99.3614,1.6743
5.7930,100.0000,99.3969,99.3969,99.3012,1.6749,99.4537,99.4537,99.3781,1.6736
5.7940,100.0000,99.4071,99.4071,99.3204,1.6740,99.4642,99.4642,99.3932,1.6730
5.7950,100.0000,99.4186,99.4186,99.3377,1.6731,99.4761,99.4761,99.4074,1.6724
5.7960,100.0000,99.4316,99.4316,99.3539,1.6723,99.4895,99.4895,99.4211,1.6719
5.7970,100.0000,99.4461,99.4461,99.3695,1.6715,99.5044,99.5044,99.4348,1.6713
5.7980,100.0000,99.4619,99.4619,99.3848,1.6708,99.5206,99.5206,99.4487,1.6707
5.7990,100.0000,99.4791,99.4791,99.4002,1.6700,99.5383,99.5383,99.4631,1.6701
5.8000,100.0000,99.4977,99.4977,99.4160,1.6692,99.5573,99.5573,99.4781,1.6695
5.8010,100.0000,99.5177,99.5177,99.4323,1.6684,99.5777,99.5777,99.4940,1.6688
5.8020,100.0000,99.5390,99.5390,99.4494,1.6676,99.5994,99.5994,99.5107,1.6681
5.8030,100.0000,99.5617,99.5617,99.4673,1.6667,99.6224,99.6224,99.5285,1.6674
5.8040,100.0000,99.5856,99.5856,99.4862,1.6657,99.6467,99.6467,99.5472,1.6666
5.8050,100.0000,99.6107,99.6107,99.5061,1.6647,99.6722,99.6722,99.5671,1.6658
5.8060,100.0000,99.6371,99.6371,99.5270,1.6637,99.6989,99.6989,99.5882,1.6649
5.8070,100.0000,99.6646,99.6646,99.5490,1.6626,99.7268,99.7268,99.6103,1.6640
5.8080,100.0000,99.6933,99.6933,99.5722,1.6614,99.7557,99.7557,99.6336,1.6630
5.8090,100.0000,99.7230,99.7230,99.5964,1.6602,99.7856,99.7856,99.6580,1.6620
5.8100,100.0000,99.7537,99.7537,99.6217,1.6590,99.8166,99.8166,99.6835,1.6609
5.8110,100.0000,99.7854,99.7854,99.6481,1.6576,99.8485,99.8485,99.7102,1.6598
5.8120,100.0000,99.8180,99.8180,99.6756,1.6563,99.8812,99.8812,99.7378,1.6587
5.8130,100.0000,99.8515,99.8515,99.7041,1.6548,99.9148,99.9148,99.7665,1.6575
5.8140,100.0000,99.8857,99.8857,99.7336,1.6534,99.9491,99.9491,99.7962,1.6562
5.8150,100.0000,99.9207,99.9207,99.7640,1.6519,99.9840,99.9840,99.8267,1.6550
5.8160,100.0000,99.9563,99.9563,99.7953,1.6503,100.0196,100.0196,99.8582,1.6537
5.8170,100.0000,99.9925,99.9925,99.8275,1.6487,100.0557,100.0557,99.8905,1.6523
5.8180,100.0000,100.0292,100.0292,99.8605,1.6470,100.0923,100.0923,99.9235,1.6509
5.8190,100.0000,100.0663,100.0663,99.8943,1.6453,100.1292,100.1292,99.9573,1.6495
5.8200,100.0000,100.1038,100.1038,99.9287,1.6436,100.1665,100.1665,99.9917,1.6481
5.8210,100.0000,100.1416,100.1416,99.9637,1.6419,100.2040,100.2040,100.0266,1.6466
5.8220,100.0000,100.1796,100.1796,99.9993,1.6401,100.2417,100.2417,100.0621,1.6451
5.8230,100.0000,100.2178,100.2178,100.0354,1.6383,100.2794,100.2794,100.0980,1.6436
5.8240,100.0000,100.2560,100.2560,100.0718,1.6365,100.3172,100.3172,100.1343,1.6421
5.8250,100.0000,100.2941,100.2941,100.1087,1.6346,100.3549,100.3549,100.1709,1.6406
5.8260,100.0000,100.3321,100.3321,100.1458,1.6328,100.3924,100.3924,100.2077,1.6391
5.8270,100.0000,100.3700,100.3700,100.1830,1.6309,100.4297,100.4297,100.2446,1.6375
5.8280,100.0000,100.4076,100.4076,100.2204,1.6290,100.4666,100.4666,100.2816,1.6360
5.8290,100.0000,100.4448,100.4448,100.2579,1.6272,100.5032,100.5032,100.3186,1.6344
5.8300,100.0000,100.4816,100.4816,100.2953,1.6253,100.5393,100.5393,100.3555,1.6329
5.8310,100.0000,100.5179,100.5179,100.3325,1.6234,100.5748,100.5748,100.3923,1.6313
5.8320,100.0000,100.5537,100.5537,100.3696,1.6216,100.6098,100.6098,100.4288,1.6298
5.8330,100.0000,100.5887,100.5887,100.4064,1.6197,100.6440,100.6440,100.4650,1.6283
5.8340,100.0000,100.6230,100.6230,100.4429,1.6179,100.6774,100.6774,100.5008,1.6268
5.8350,100.0000,100.6565,100.6565,100.4789,1.6161,100.7100,100.7100,100.5361,1.6253
5.8360,100.0000,100.6891,100.6891,100.5144,1.6143,100.7417,100.7417,100.5709,1.6238
5.8370,100.0000,100.7207,100.7207,100.5494,1.6125,100.7723,100.7723,100.6050,1.6224
5.8380,100.0000,100.7514,100.7514,100.5836,1.6108,100.8020,100.8020,100.6385,1.6210
5.8390,100.0000,100.7808,100.7808,100.6172,1.6091,100.8304,100.8304,100.6712,1.6196
5.8400,100.0000,100.8092,100.8092,100.6499,1.6075,100.8577,100.8577,100.7030,1.6182
5.8410,100.0000,100.8363,100.8363,100.6818,1.6058,100.8838,100.8838,100.7340,1.6169
5.8420,100.0000,100.8621,100.8621,100.7127,1.6043,100.9085,100.9085,100.7639,1.6156
5.8430,100.0000,100.8865,100.8865,100.7426,1.6027,100.9319,100.9319,100.7929,1.6144
5.8440,100.0000,100.9096,100.9096,100.7713,1.6013,100.9538,100.9538,100.8207,1.6132
5.8450,100.0000,100.9312,100.9312,100.7990,1.5999,100.9743,100.9743,100.8473,1.6121
5.8460,100.0000,100.9512,100.9512,100.8254,1.5985,100.9932,100.9932,100.8727,1.6110
5.8470,100.0000,100.9697,100.9697,100.8506,1.5972,101.0106,101.0106,100.8968,1.6099
5.8480,100.0000,100.9866,100.9866,100.8744,1.5960,101.0264,101.0264,100.9196,1.6089
5.8490,100.0000,101.0018,101.0018,100.8969,1.5948,101.0405,101.0405,100.9409,1.6080
5.8500,100.0000,101.0154,101.0154,100.9178,1.5938,101.0529,101.0529,100.9608,1.6071
5.8510,100.0000,101.0272,101.0272,100.9374,1.5927,101.0637,101.0637,100.9793,1.6063
5.8520,100.0000,101.0373,101.0373,100.9553,1.5918,101.0726,101.0726,100.9961,1.6056
5.8530,100.0000,101.0456,101.0456,100.9717,1.5910,101.0799,101.0799,101.0114,1.6049
5.8540,100.0000,101.0520,101.0520,100.9865,1.5902,101.0853,101.0853,101.0251,1.6043
5.8550,100.0000,101.0567,101.0567,100.9996,1.5895,101.0889,101.0889,101.0372,1.6038
5.8560,100.0000,101.0595,101.0595,101.0110,1.5889,101.0906,101.0906,101.0475,1.6033
5.8570,100.0000,101.0604,101.0604,101.0207,1.5884,101.0906,101.0906,101.0561,1.6029
5.8580,100.0000,101.0595,101.0595,101.0286,1.5879,101.0886,101.0886,101.0630,1.6026
5.8590,100.0000,101.0566,101.0566,101.0348,1.5876,101.0849,101.0849,101.0681,1.6023
5.8600,100.0000,101.0519,101.0519,101.0392,1.5873,101.0793,101.0793,101.0715,1.6021
5.8610,100.0000,101.0453,101.0453,101.0417,1.5871,101.0718,101.0718,101.0730,1.6020
5.8620,100.0000,101.0368,101.0368,101.0424,1.5871,101.0625,101.0625,101.0728,1.6020
5.8630,100.0000,101.0264,101.0264,101.0413,1.5871,101.0513,101.0513,101.0707,1.6020
5.8640,100.0000,101.0142,101.0142,101.0383,1.5872,101.0383,101.0383,101.0668,1.6021
5.8650,100.0000,101.0001,101.0001,101.0335,1.5874,101.0235,101.0235,101.0611,1.6023
5.8660,100.0000,100.9841,100.9841,101.0268,1.5877,101.0070,101.0070,101.0536,1.6026
5.8670,100.0000,100.9664,100.9664,101.0183,1.5881,100.9886,100.9886,101.0443,1.6030
5.8680,100.0000,100.9468,100.9468,101.0079,1.5886,100.9685,100.9685,101.0331,1.6034
5.8690,100.0000,100.9255,100.9255,100.9957,1.5891,100.9467,100.9467,101.0202,1.6039
5.8700,100.0000,100.9024,100.9024,100.9816,1.5898,100.9232,100.9232,101.0055,1.6045
5.8710,100.0000,100.8777,100.8777,100.9658,1.5905,100.8981,100.8981,100.9891,1.6051
5.8720,100.0000,100.8512,100.8512,100.9482,1.5914,100.8714,100.8714,100.9709,1.6058
5.8730,100.0000,100.8232,100.8232,100.9288,1.5923,100.8431,100.8431,100.9510,1.6066
5.8740,100.0000,100.7935,100.7935,100.9077,1.5933,100.8133,100.8133,100.9294,1.6075
5.8750,100.0000,100.7623,100.7623,100.8848,1.5945,100.7821,100.7821,100.9062,1.6084
5.8760,100.0000,100.7297,100.7297,100.8603,1.5956,100.7493,100.7493,100.8814,1.6094
5.8770,100.0000,100.6955,100.6955,100.8342,1.5969,100.7153,100.7153,100.8550,1.6105
5.8780,100.0000,100.6600,100.6600,100.8065,1.5983,100.6799,100.6799,100.8270,1.6116
5.8790,100.0000,100.6232,100.6232,100.7772,1.5997,100.6433,100.6433,100.7976,1.6128
5.8800,100.0000,100.5850,100.5850,100.7464,1.6012,100.6054,100.6054,100.7667,1.6141
5.8810,100.0000,100.5457,100.5457,100.7141,1.6028,100.5664,100.5664,100.7345,1.6154
5.8820,100.0000,100.5052,100.5052,100.6804,1.6045,100.5264,100.5264,100.7009,1.6168
5.8830,100.0000,100.4636,100.4636,100.6454,1.6062,100.4853,100.4853,100.6660,1.6182
5.8840,100.0000,100.4210,100.4210,100.6090,1.6080,100.4433,100.4433,100.6298,1.6197
5.8850,100.0000,100.3774,100.3774,100.5714,1.6098,100.4004,100.4004,100.5925,1.6212
5.8860,100.0000,100.3329,100.3329,100.5326,1.6118,100.3568,100.3568,100.5541,1.6228
5.8870,100.0000,100.2876,100.2876,100.4927,1.6137,100.3123,100.3123,100.5146,1.6244
5.8880,100.0000,100.2415,100.2415,100.4516,1.6158,100.2673,100.2673,100.4742,1.6261
5.8890,100.0000,100.1948,100.1948,100.4096,1.6178,100.2216,89.5719,100.4328,1.6278
5.8900,100.0000,100.1475,100.1475,100.3667,1.6200,100.1759,89.5830,98.2606,1.7185
5.8910,100.0000,100.0997,89.4140,100.3228,1.6222,100.1305,89.6678,96.5251,1.7911
5.8920,100.0000,100.0519,89.4627,98.1411,1.7312,100.0858,89.8219,95.1536,1.8487
5.8930,100.0000,100.0047,89.5853,96.4054,1.8181,100.0420,90.0407,94.0873,1.8937
5.8940,100.0000,99.9584,89.7763,95.0414,1.8865,99.9994,90.3195,93.2780,1.9279
5.8950,100.0000,99.9134,90.0305,93.9884,1.9393,99.9580,90.6533,92.6863,1.9530
5.8960,100.0000,99.8698,90.3424,93.1968,1.9789,99.9182,91.0369,92.2797,1.9703
5.8970,100.0000,99.8279,90.7065,92.6259,2.0075,99.8799,91.4646,92.0311,1.9809
5.8980,100.0000,99.7878,91.1172,92.2420,2.0267,99.8431,91.9308,91.9178,1.9858
5.8990,100.0000,99.7495,91.5687,92.0171,2.0380,99.8080,92.4294,91.9204,1.9857
5.9000,100.0000,99.7132,92.0550,91.9274,2.0425,99.7746,92.9539,92.0222,1.9814
5.9010,100.0000,99.6788,92.5700,91.9529,2.0413,99.7429,93.4980,92.2085,1.9736
5.9020,100.0000,99.6463,93.1071,92.0763,2.0352,99.7128,94.0546,92.4664,1.9627
5.9030,100.0000,99.6159,93.6599,92.2825,2.0249,99.6844,94.6170,92.7841,1.9493
5.9040,100.0000,99.5874,94.2216,92.5580,2.0112,99.6577,95.1781,93.1507,1.9338
5.9050,100.0000,99.5607,94.7854,92.8907,1.9946,99.6325,95.7309,93.5561,1.9167
5.9060,100.0000,99.5360,95.3442,93.2696,1.9757,99.6089,96.2682,93.9911,1.8984
5.9070,100.0000,99.5130,95.8912,93.6845,1.9549,99.5868,96.7832,94.4465,1.8793
5.9080,100.0000,99.4918,96.4195,94.1259,1.9329,99.5662,97.2693,94.9139,1.8597
5.9090,100.0000,99.4723,96.9223,94.5846,1.9100,99.5471,97.7198,95.3849,1.8399
5.9100,100.0000,99.4544,97.3932,95.0521,1.8866,99.5294,98.1289,95.8519,1.8204
5.9110,100.0000,99.4381,97.8257,95.5203,1.8633,99.5130,98.4907,96.3073,1.8014
5.9120,100.0000,99.4233,98.2142,95.9814,1.8402,99.4980,98.8004,96.7440,1.7831
5.9130,100.0000,99.4099,98.5532,96.4280,1.8179,99.4842,99.0533,97.1553,1.7659
5.9140,100.0000,99.3980,98.8380,96.8530,1.7967,99.4718,99.2459,97.5349,1.7501
5.9150,100.0000,99.3874,99.0643,97.2500,1.7768,99.4606,99.3751,97.8771,1.7358
5.9160,100.0000,99.3781,99.2288,97.6129,1.7587,99.4507,99.4389,98.1767,1.7233
5.9170,100.0000,99.3701,99.3290,97.9361,1.7426,99.4420,99.4420,98.4291,1.7127
5.9180,100.0000,99.3634,99.3630,98.2147,1.7286,99.4346,99.4346,98.6317,1.7043
5.9190,100.0000,99.3579,99.3579,98.4443,1.7172,99.4284,99.4284,98.7923,1.6976
5.9200,100.0000,99.3537,99.3537,98.6270,1.7080,99.4236,99.4236,98.9195,1.6923
5.9210,100.0000,99.3508,99.3508,98.7724,1.7008,99.4200,99.4200,99.0203,1.6881
5.9220,100.0000,99.3492,99.3492,98.8881,1.6950,99.4178,99.4178,99.1003,1.6847
5.9230,100.0000,99.3488,99.3488,98.9803,1.6904,99.4169,99.4169,99.1638,1.6821
5.9240,100.0000,99.3498,99.3498,99.0540,1.6867,99.4174,99.4174,99.2144,1.6800
5.9250,100.0000,99.3522,99.3522,99.1132,1.6838,99.4192,99.4192,99.2550,1.6783
5.9260,100.0000,99.3559,99.3559,99.1610,1.6814,99.4225,99.4225,99.2878,1.6769
5.9270,100.0000,99.3609,99.3609,99.1999,1.6794,99.4272,99.4272,99.3148,1.6758
5.9280,100.0000,99.3674,99.3674,99.2321,1.6778,99.4333,99.4333,99.3372,1.6748
5.9290,100.0000,99.3752,99.3752,99.2592,1.6765,99.4408,99.4408,99.3565,1.6740
5.9300,100.0000,99.3845,99.3845,99.2824,1.6753,99.4498,99.4498,99.3733,1.6733
5.9310,100.0000,99.3952,99.3952,99.3028,1.6743,99.4603,99.4603,99.3886,1.6727
5.9320,100.0000,99.4072,99.4072,99.3213,1.6734,99.4721,99.4721,99.4030,1.6721
5.9330,100.0000,99.4207,99.4207,99.3385,1.6725,99.4855,99.4855,99.4168,1.6715
5.9340,100.0000,99.4357,99.4357,99.3549,1.6717,99.5002,99.5002,99.4305,1.6710
5.9350,100.0000,99.4520,99.4520,99.3711,1.6709,99.5164,99.5164,99.4445,1.6704
5.9360,100.0000,99.4697,99.4697,99.3873,1.6701,99.5340,99.5340,99.4588,1.6698
5.9370,100.0000,99.4888,99.4888,99.4037,1.6693,99.5529,99.5529,99.4739,1.6692
5.9380,100.0000,99.5092,99.5092,99.4208,1.6684,99.5732,99.5732,99.4897,1.6685
5.9390,100.0000,99.5310,99.5310,99.4384,1.6675,99.5948,99.5948,99.5064,1.6678
5.9400,100.0000,99.5541,99.5541,99.4570,1.6666,99.6178,99.6178,99.5241,1.6671
5.9410,100.0000,99.5784,99.5784,99.4764,1.6656,99.6420,99.6420,99.5428,1.6663
5.9420,100.0000,99.6040,99.6040,99.4968,1.6646,99.6674,99.6674,99.5627,1.6655
5.9430,100.0000,99.6308,99.6308,99.5182,1.6636,99.6940,99.6940,99.5836,1.6646
5.9440,100.0000,99.6588,99.6588,99.5407,1.6624,99.7218,99.7218,99.6057,1.6637
5.9450,100.0000,99.6878,99.6878,99.5644,1.6613,99.7506,99.7506,99.6289,1.6627
5.9460,100.0000,99.7180,99.7180,99.5891,1.6600,99.7805,99.7805,99.6533,1.6617
5.9470,100.0000,99.7491,99.7491,99.6148,1.6587,99.8114,99.8114,99.6787,1.6606
5.9480,100.0000,99.7813,99.7813,99.6417,1.6574,99.8432,99.8432,99.7052,1.6595
5.9490,100.0000,99.8143,99.8143,99.6696,1.6560,99.8758,99.8758,99.7328,1.6584
5.9500,100.0000,99.8481,99.8481,99.6985,1.6546,99.9093,99.9093,99.7614,1.6572
5.9510,100.0000,99.8828,99.8828,99.7285,1.6531,99.9436,99.9436,99.7910,1.6559
5.9520,100.0000,99.9181,99.9181,99.7593,1.6515,99.9785,99.9785,99.8215,1.6547
5.9530,100.0000,99.9541,99.9541,99.7911,1.6499,100.0140,100.0140,99.8529,1.6534
5.9540,100.0000,99.9907,99.9907,99.8237,1.6483,100.0500,100.0500,99.8851,1.6520
5.9550,100.0000,100.0278,100.0278,99.8571,1.6466,100.0866,100.0866,99.9181,1.6506
5.9560,100.0000,100.0654,100.0654,99.8913,1.6449,100.1235,100.1235,99.9518,1.6492
5.9570,100.0000,100.1033,100.1033,99.9261,1.6432,100.1607,100.1607,99.9861,1.6478
5.9580,100.0000,100.1415,100.1415,99.9615,1.6414,100.1982,100.1982,100.0210,1.6463
5.9590,100.0000,100.1798,100.1798,99.9975,1.6396,100.2358,100.2358,100.0565,1.6448
5.9600,100.0000,100.2184,100.2184,100.0340,1.6378,100.2735,100.2735,100.0923,1.6433
5.9610,100.0000,100.2569,100.2569,100.0709,1.6359,100.3113,100.3113,100.1286,1.6418
5.9620,100.0000,100.2955,100.2955,100.1081,1.6341,100.3489,100.3489,100.1651,1.6403
5.9630,100.0000,100.3339,100.3339,100.1456,1.6322,100.3864,100.3864,100.2019,1.6388
5.9640,100.0000,100.3721,100.3721,100.1832,1.6303,100.4237,100.4237,100.2388,1.6372
5.9650,100.0000,100.4101,100.4101,100.2210,1.6284,100.4607,100.4607,100.2758,1.6357
5.9660,100.0000,100.4477,100.4477,100.2588,1.6265,100.4973,100.4973,100.3127,1.6341
5.9670,100.0000,100.4849,100.4849,100.2966,1.6246,100.5334,100.5334,100.3496,1.6326
5.9680,100.0000,100.5216,100.5216,100.3343,1.6228,100.5689,100.5689,100.3864,1.6310
5.9690,100.0000,100.5576,100.5576,100.3717,1.6209,100.6039,100.6039,100.4229,1.6295
5.9700,100.0000,100.5930,100.5930,100.4089,1.6190,100.6381,100.6381,100.4591,1.6280
5.9710,100.0000,100.6277,100.6277,100.4457,1.6172,100.6716,100.6716,100.4949,1.6265
5.9720,100.0000,100.6616,100.6616,100.4821,1.6154,100.7042,100.7042,100.5302,1.6250
5.9730,100.0000,100.6945,100.6945,100.5180,1.6136,100.7359,100.7359,100.5650,1.6235
5.9740,100.0000,100.7265,100.7265,100.5533,1.6118,100.7667,100.7667,100.5992,1.6221
5.9750,100.0000,100.7575,100.7575,100.5880,1.6100,100.7963,100.7963,100.6327,1.6207
5.9760,100.0000,100.7873,100.7873,100.6219,1.6083,100.8249,100.8249,100.6654,1.6193
5.9770,100.0000,100.8160,100.8160,100.6550,1.6066,100.8522,100.8522,100.6973,1.6179
5.9780,100.0000,100.8434,100.8434,100.6872,1.6050,100.8783,100.8783,100.7283,1.6166
5.9790,100.0000,100.8696,100.8696,100.7184,1.6034,100.9031,100.9031,100.7583,1.6153
5.9800,100.0000,100.8944,100.8944,100.7486,1.6019,100.9266,100.9266,100.7873,1.6141
5.9810,100.0000,100.9177,100.9177,100.7778,1.6004,100.9486,100.9486,100.8151,1.6129
5.9820,100.0000,100.9396,100.9396,100.8058,1.5990,100.9691,100.9691,100.8418,1.6117
5.9830,100.0000,100.9600,100.9600,100.8326,1.5976,100.9882,100.9882,100.8673,1.6106
5.9840,100.0000,100.9788,100.9788,100.8580,1.5963,101.0056,101.0056,100.8915,1.6096
5.9850,100.0000,100.9960,100.9960,100.8822,1.5950,101.0215,101.0215,100.9143,1.6086
5.9860,100.0000,101.0116,101.0116,100.9050,1.5939,101.0357,101.0357,100.9357,1.6077
5.9870,100.0000,101.0254,101.0254,100.9263,1.5928,101.0483,101.0483,100.9557,1.6068
5.9880,100.0000,101.0375,101.0375,100.9461,1.5917,101.0591,101.0591,100.9743,1.6060
5.9890,100.0000,101.0479,101.0479,100.9644,1.5908,101.0682,101.0682,100.9912,1.6052
5.9900,100.0000,101.0564,101.0564,100.9811,1.5899,101.0755,101.0755,101.0066,1.6046
5.9910,100.0000,101.0632,101.0632,100.9962,1.5891,101.0810,101.0810,101.0204,1.6039
5.9920,100.0000,101.0681,101.0681,101.0096,1.5884,101.0847,101.0847,101.0325,1.6034
5.9930,100.0000,101.0712,101.0712,101.0213,1.5878,101.0866,101.0866,101.0429,1.6029
5.9940,100.0000,101.0723,101.0723,101.0313,1.5872,101.0866,101.0866,101.0517,1.6025
5.9950,100.0000,101.0716,101.0716,101.0395,1.5868,101.0848,101.0848,101.0587,1.6022
5.9960,100.0000,101.0690,101.0690,101.0459,1.5864,101.0812,101.0812,101.0639,1.6019
5.9970,100.0000,101.0645,101.0645,101.0505,1.5862,101.0756,101.0756,101.0673,1.6017
5.9980,100.0000,101.0582,101.0582,101.0533,1.5860,101.0683,101.0683,101.0690,1.6016
5.9990,100.0000,101.0499,101.0499,101.0543,1.5859,101.0591,101.0591,101.0689,1.6016
